-- MySQL dump 10.13  Distrib 5.6.38, for Win32 (AMD64)
--
-- Host: localhost    Database: gl
-- ------------------------------------------------------
-- Server version	5.6.38

/*!40101 SET @OLD_CHARACTER_SET_CLIENT=@@CHARACTER_SET_CLIENT */;
/*!40101 SET @OLD_CHARACTER_SET_RESULTS=@@CHARACTER_SET_RESULTS */;
/*!40101 SET @OLD_COLLATION_CONNECTION=@@COLLATION_CONNECTION */;
/*!40101 SET NAMES utf8 */;
/*!40103 SET @OLD_TIME_ZONE=@@TIME_ZONE */;
/*!40103 SET TIME_ZONE='+00:00' */;
/*!40014 SET @OLD_UNIQUE_CHECKS=@@UNIQUE_CHECKS, UNIQUE_CHECKS=0 */;
/*!40014 SET @OLD_FOREIGN_KEY_CHECKS=@@FOREIGN_KEY_CHECKS, FOREIGN_KEY_CHECKS=0 */;
/*!40101 SET @OLD_SQL_MODE=@@SQL_MODE, SQL_MODE='NO_AUTO_VALUE_ON_ZERO' */;
/*!40111 SET @OLD_SQL_NOTES=@@SQL_NOTES, SQL_NOTES=0 */;

--
-- Table structure for table `app_users`
--

DROP TABLE IF EXISTS `app_users`;
/*!40101 SET @saved_cs_client     = @@character_set_client */;
/*!40101 SET character_set_client = utf8 */;
CREATE TABLE `app_users` (
  `id` int(11) NOT NULL AUTO_INCREMENT,
  `username` varchar(25) COLLATE utf8_unicode_ci NOT NULL,
  `password` varchar(64) COLLATE utf8_unicode_ci NOT NULL,
  `email` varchar(254) COLLATE utf8_unicode_ci NOT NULL,
  `is_active` tinyint(1) NOT NULL,
  `roles` tinytext COLLATE utf8_unicode_ci NOT NULL COMMENT '(DC2Type:json_array)',
  PRIMARY KEY (`id`),
  UNIQUE KEY `UNIQ_C2502824F85E0677` (`username`),
  UNIQUE KEY `UNIQ_C2502824E7927C74` (`email`)
) ENGINE=InnoDB AUTO_INCREMENT=7 DEFAULT CHARSET=utf8 COLLATE=utf8_unicode_ci;
/*!40101 SET character_set_client = @saved_cs_client */;

--
-- Dumping data for table `app_users`
--

LOCK TABLES `app_users` WRITE;
/*!40000 ALTER TABLE `app_users` DISABLE KEYS */;
INSERT INTO `app_users` VALUES (2,'kiraxe','$2y$13$.MRnBrntm12XYrdD0Lq8TOSIu.aeoFkGlqGIhETvp.M094J6tcBxO','kiraxe@yandex.ru',1,'[\"ROLE_SUPER_ADMIN\"]'),(3,'admin','$2y$13$pMlHA2aODTdbaQq9TJquoeFTxXcuFKgX2nE.XpIFiCmqIwoYBXnoC','mankov@creart-design.ru',1,'[\"ROLE_SUPER_ADMIN\"]'),(6,'manager','$2y$13$eGlyGQQPKthAjO/XBEV/o.hD4Art8BbIB5OJ8jsW4CdgqWbJKCOia','info@creart-design.ru',1,'[\"ROLE_ADMIN\"]');
/*!40000 ALTER TABLE `app_users` ENABLE KEYS */;
UNLOCK TABLES;

--
-- Table structure for table `body_type`
--

DROP TABLE IF EXISTS `body_type`;
/*!40101 SET @saved_cs_client     = @@character_set_client */;
/*!40101 SET character_set_client = utf8 */;
CREATE TABLE `body_type` (
  `id` int(11) NOT NULL AUTO_INCREMENT,
  `name` varchar(255) COLLATE utf8_unicode_ci NOT NULL,
  `active` tinyint(1) NOT NULL DEFAULT '1',
  PRIMARY KEY (`id`)
) ENGINE=InnoDB AUTO_INCREMENT=11 DEFAULT CHARSET=utf8 COLLATE=utf8_unicode_ci;
/*!40101 SET character_set_client = @saved_cs_client */;

--
-- Dumping data for table `body_type`
--

LOCK TABLES `body_type` WRITE;
/*!40000 ALTER TABLE `body_type` DISABLE KEYS */;
INSERT INTO `body_type` VALUES (1,'Седан',1),(2,'Хэтчбек',1),(3,'Внедорожник',1),(4,'Универсал',1),(5,'Купе',1),(6,'Минивэн',1),(7,'Пикап',1),(8,'Лимузин',1),(9,'Фургон',1),(10,'Кабриолет',1);
/*!40000 ALTER TABLE `body_type` ENABLE KEYS */;
UNLOCK TABLES;

--
-- Table structure for table `brand`
--

DROP TABLE IF EXISTS `brand`;
/*!40101 SET @saved_cs_client     = @@character_set_client */;
/*!40101 SET character_set_client = utf8 */;
CREATE TABLE `brand` (
  `id` int(11) NOT NULL AUTO_INCREMENT,
  `name` varchar(255) COLLATE utf8_unicode_ci NOT NULL,
  `active` tinyint(1) NOT NULL DEFAULT '1',
  PRIMARY KEY (`id`)
) ENGINE=InnoDB AUTO_INCREMENT=45 DEFAULT CHARSET=utf8 COLLATE=utf8_unicode_ci;
/*!40101 SET character_set_client = @saved_cs_client */;

--
-- Dumping data for table `brand`
--

LOCK TABLES `brand` WRITE;
/*!40000 ALTER TABLE `brand` DISABLE KEYS */;
INSERT INTO `brand` VALUES (1,'Audi',1),(2,'BMW',1),(3,'Ford',1),(4,'Mercedes',1),(5,'LADA',1),(6,'Hyundai',1),(7,'KIA',1),(8,'Toyota',1),(9,'Nissan',1),(10,'Lexus',1),(11,'Opel',1),(12,'MINI',1),(13,'Citroen',1),(14,'Mazda',1),(15,'Mitsubishi',1),(16,'Infiniti',1),(17,'Volvo',1),(18,'Peugeot',1),(19,'Porsche',1),(20,'Renault',1),(21,'Skoda',1),(22,'Subaru',1),(23,'Chevrolet',1),(24,'Honda',1),(25,'Jeep',1),(26,'Jaguar',1),(27,'Daewoo',1),(28,'Suzuki',1),(29,'Land Rover',1),(30,'Bentley',1),(31,'Smart',1),(32,'Cadillac',1),(33,'Maserati',1),(34,'Rolls-Royce',1),(35,'Volkswagen',1),(36,'Dodge',1),(37,'Great Wall',1),(38,'Mercedes',1),(39,'Haval',1),(40,'Chrysler',1),(41,'Pontiac',1),(42,'Мото',1),(43,'УАЗ',1),(44,'Ssangyong',1);
/*!40000 ALTER TABLE `brand` ENABLE KEYS */;
UNLOCK TABLES;

--
-- Table structure for table `calendar`
--

DROP TABLE IF EXISTS `calendar`;
/*!40101 SET @saved_cs_client     = @@character_set_client */;
/*!40101 SET character_set_client = utf8 */;
CREATE TABLE `calendar` (
  `id` int(11) NOT NULL AUTO_INCREMENT,
  `name` varchar(255) COLLATE utf8_unicode_ci DEFAULT NULL,
  `phone` varchar(255) COLLATE utf8_unicode_ci DEFAULT NULL,
  `text` longtext COLLATE utf8_unicode_ci,
  `date` datetime DEFAULT NULL,
  `datecl` datetime DEFAULT NULL,
  PRIMARY KEY (`id`)
) ENGINE=InnoDB AUTO_INCREMENT=31 DEFAULT CHARSET=utf8 COLLATE=utf8_unicode_ci;
/*!40101 SET character_set_client = @saved_cs_client */;

--
-- Dumping data for table `calendar`
--

LOCK TABLES `calendar` WRITE;
/*!40000 ALTER TABLE `calendar` DISABLE KEYS */;
INSERT INTO `calendar` VALUES (3,'Виталий','9251017006','лоб атерм + полоса 5500','2019-09-18 09:30:00','2019-09-18 11:00:00'),(6,'Филипп','8952927835','Скол лобового стекла','2019-09-18 12:30:00','2019-09-18 13:30:00'),(7,'олег','89168566138','зад полусфера','2019-09-18 13:00:00','2019-09-18 14:00:00'),(8,'Александр','89265509835','Растон 1к','2019-09-18 18:00:00','2019-09-18 18:40:00'),(9,'Мурат','89256494863','Кроме лба 10к','2019-09-18 17:00:00','2019-09-18 18:00:00'),(10,'Александр','89164210631','Тонер AT все боковые','2019-09-20 11:00:00','2019-09-20 12:00:00'),(11,'я','я','я','2019-09-19 14:41:00','2019-09-19 04:54:00'),(13,'Марина','89772766613','Бмв 3 ЗП 4000+','2019-09-29 13:00:00','2019-09-29 14:30:00'),(14,'Николай','89284441516','Тонировка ЗП 5000 LL15 Полик Бампер, фары, полоса капот, полоса крыша, зеркала, ручки, зона погр','2019-09-30 10:00:00','2019-09-30 18:00:00'),(15,'Николай','89284441516','Тонировка ЗП 5000 LL15 Полик Бампер, фары, полоса капот, полоса крыша, зеркала, ручки, зона погр','2019-10-01 10:00:00','2019-10-01 18:00:00'),(17,'Неизвестно','+79241154844','скол + останковка?','2019-09-28 00:00:00','2019-09-28 00:00:00'),(18,'степан','89277173251','2п 2500','2019-09-28 12:00:00','2019-09-28 13:00:00'),(20,'неизвестно','89263900220','Растонировка передних стекол','2019-09-28 13:40:00','2019-09-28 14:40:00'),(21,'Неизвестно','+79773986235','задние боковые сид 3000','2019-09-28 19:00:00','2019-09-28 20:00:00'),(22,'Павел','89859601440','Альмера ЗП люмар от 3000 ПП под вопросом','2019-09-25 00:00:00','2019-09-29 18:30:00'),(23,'неизвестно','+7912499754','а клас зп 4000 + антидождь в подарок','2019-09-28 17:00:00','2019-09-28 18:00:00'),(24,'Илья','89099179988','Ремонт Скола на Лобовом стекле + подарок','2019-09-28 16:00:00','2019-09-28 17:00:00'),(25,'неизвестно','+79150464646','ML зп 5500 люмар','2019-09-29 12:00:00','2019-09-29 13:00:00'),(26,'неизвестно','+79104945635','ремонт стекла','2019-09-29 11:00:00','2019-09-29 11:30:00'),(27,'Дмитрий','89251670096','Скол на лобовом от 2000','2019-09-29 15:00:00','2019-09-29 15:30:00'),(28,'Александр','89260674368','ЗП бмв Ф10 Люмар 5','2019-09-29 17:30:00','2019-09-29 18:30:00'),(29,'Андрей','89032831561','Переделка передних стекол TLC200 Без брони','2019-10-03 13:00:00','2019-10-03 14:00:00'),(30,'Рустам','89253231099','Фары полик 4500\r\nКерамика 2+1 35000\r\nХимчистка 8000 -15000','2019-10-18 09:30:00','2019-10-19 18:00:00');
/*!40000 ALTER TABLE `calendar` ENABLE KEYS */;
UNLOCK TABLES;

--
-- Table structure for table `clientele`
--

DROP TABLE IF EXISTS `clientele`;
/*!40101 SET @saved_cs_client     = @@character_set_client */;
/*!40101 SET character_set_client = utf8 */;
CREATE TABLE `clientele` (
  `id` int(11) NOT NULL AUTO_INCREMENT,
  `name` varchar(255) COLLATE utf8_unicode_ci NOT NULL,
  `avto` varchar(255) COLLATE utf8_unicode_ci NOT NULL,
  `number` varchar(255) COLLATE utf8_unicode_ci NOT NULL,
  `vin` varchar(255) COLLATE utf8_unicode_ci DEFAULT NULL,
  `phone` varchar(255) COLLATE utf8_unicode_ci DEFAULT NULL,
  `email` varchar(255) COLLATE utf8_unicode_ci DEFAULT NULL,
  PRIMARY KEY (`id`)
) ENGINE=InnoDB AUTO_INCREMENT=515 DEFAULT CHARSET=utf8 COLLATE=utf8_unicode_ci;
/*!40101 SET character_set_client = @saved_cs_client */;

--
-- Dumping data for table `clientele`
--

LOCK TABLES `clientele` WRITE;
/*!40000 ALTER TABLE `clientele` DISABLE KEYS */;
INSERT INTO `clientele` VALUES (1,'Виталий','Ford Mondeo Седан Белый','Р626ВУ 799','Z6FDXXEECDHG36384','+7(925) 101-7006',NULL),(2,'Максим','Mercedes C-klasse Седан Черный','С431КР 777','WDD2050401F031756','+7(915) 154-5768',NULL),(3,'Павел','KIA Ceed Хэтчбек Серебристый','Т130ВВ31','XWEH2515BK0007703','+7(951) 993-9995',NULL),(4,'Филипп','Ford Focus Хэтчбек серебристый','м796ха161','Z6F5XXEEC5GL21648','+7(925) 292-7835',NULL),(5,'Олег','Land Rover Freelander Внедорожник Синий','В995ХВ750','SALCA2BN9KH813901','+7(916) 856-6138',NULL),(6,'Александр Галустьян','Toyota Camry Седан Черный','е636ху777','XW7BF4FK90S163234','+7(903) 293-3921',NULL),(7,'Залетов Олег','Mercedes M-klasse Внедорожник Черный','Н023УВ190','WDC1641861A485335','+7(911) 350-2706',NULL),(8,'Юрий Михайлович','Mazda 6 Седан Черный','н028ас799','RUMGJ526802002857','+7(896) 742-1606',NULL),(9,'Мурат','Mercedes CL-klasse Купе Бордовый','о022оо90','WDD2173641A018114','+7(925) 649-4863',NULL),(10,'Александр','Toyota Camry Седан Черный','к561км799','XW7BFYHK10S103484','+7(925) 550-9835',NULL),(11,'Максимов Игорь Иванович','Audi Q5 Внедорожник Коричневый','о850оо60','WAUZZZFY0J2226802','+7(965) 112-9074',NULL),(12,'Анна','Audi A7 Хэтчбек Черный','в202хн77','WAUZZZ4G9CN141758','+7(999) 989-5877',NULL),(13,'Юрий','BMW 7-series Седан Черный','А550ОМ197','X4XKA21120CN71337','+7(906) 727-5506',NULL),(14,'Баграм','BMW 5-series Седан Черный','А270НР799','WBAJC51060B247760','+7(926) 538-2410',NULL),(15,'Юлия Огородникова Владимировна','Porsche Cayenne Внедорожник Черный','У281НВ777','WP1ZZZ92ZFLA34768','+7(985) 728-7415',NULL),(16,'Максим','Volkswagen Polo Седан Белый','Р293РК799','XW8ZZZ61ZKG044596','+7(999) 898-0900',NULL),(17,'Александр','BMW X1 Хэтчбек Коричневый','К409МР77','WBATR51050LF97739','+7(916) 421-0631',NULL),(18,'Стас','KIA Optima Седан Белый','С843ТМ750','XWEGU411BK0010951','+7(977) 104-1506',NULL),(19,'Сергей','Nissan Qashqai Универсал Белый','А277ВТ799','SJNFBNJ11U1226504','+7(903) 124-3005',NULL),(20,'Максим','Mercedes B-klasse Хэтчбек Серый','А350РО799','WDD2462421J280454','+7(916) 221-0795',NULL),(21,'Александр','Skoda Octavia Седан Серый','Н155НО799','xw8an4ne1kh018498','+7(926) 177-8854',NULL),(22,'Попов Иван Андреевич','Land Rover Range Rover Velar Внедорожник Серый','Р478КУ799','SALYA2BX0JA739699','+7(926) 491-9396',NULL),(23,'Деньчикова Наталья Александровна','KIA Ceed Хэтчбек Серый','р181ра799','XWEN2516K0005527','+7(916) 783-2523',NULL),(24,'Несмелов Александр Владимирович','Ford Mondeo Седан Серый','р493хн90','X9FDXXEEBDCY52933','+7(926) 109-1270',NULL),(25,'Калиниченко Наталья Леонидовна','Volkswagen Tiguan Универсал Коричневый','А503СЕ777','WVGZZZ5NZDW08195','+7(903) 794-6091',NULL),(26,'Полтавцев Сергей Юрьевич','Ford Fiesta Хэтчбек Черный','о064рт777','Z6DXXECKDGR15126','+7(917) 557-0972',NULL),(27,'ООО КВАРЦ - ТРАНС','Mercedes GLC-klasse Универсал Серый','А545ХВ750','WDC2539151V202224','+7(903) 121-5646',NULL),(28,'Аушев Аслан Хамзатович','Mercedes E-klasse Седан Белый','М690ОМ777','WDD2120341B217100','+7(925) 172-5522',NULL),(29,'Мурадян Арам Мурадович','Mercedes C-klasse Седан Белый','Е147РВ799','WDD2050401R274202','+7(903) 275-4265',NULL),(30,'Александр','Volkswagen Transporter Минивэн Белый','Е471НХ197','WVZZZ7HZ8H003165','+7(999) 112-7777',NULL),(31,'Стародубец Павел Владимирович','BMW 5-series Седан Белый','Т366РМ197','X4X5D394X0D883036','+7(926) 104-3100',NULL),(32,'Мкртычан Альберт Георгиевич ( Хуршед)','Toyota Camry Седан Черный','В079ОТ799','XW7BFYHK50S140134','+7(999) 989-1399',NULL),(33,'ООО  Газпромнефть Нефть ( Евгений )','Lexus LS Седан Черный','В689ОУ799','JNYDLDL46F605004826','+7(925) 111-4942',NULL),(34,'Сергиенко Елена Васильевна','Mercedes GLC-klasse Внедорожник Серый','Н891ОХ799','WDC2533491F659674','+7(915) 185-0727',NULL),(35,'Пантелеева Юлия Владимировна ( Данил)','Ford Focus Универсал серый','С627НЕ799','Z6F6XXEEC6KD65013','+7(919) 100-8005',NULL),(36,'ООО Контрол Лизинг ( Роман)','Mercedes E-klasse Седан Черный','Р583РМ799','WDD2130871A655092','+7(968) 876-1425',NULL),(37,'Воробьев Юрий Юрьевич','Audi Q8 Универсал Черный','А565РО799','WAUZZZF13KD013853','+7(926) 875-6505',NULL),(38,'Таракчы Елена Александровна ( Александр )','Mercedes E-klasse Купе Синий','Е239АР799','WDD2383481F031368','+7(919) 107-3575',NULL),(39,'Гайнутдинов Марс Ахметович ( Сергей )','Mercedes M-klasse Универсал Белый','О478ОО197','WDC1660571AD38116','+7(925) 800-4790',NULL),(40,'Ахмадова Диана Тимаевна ( Александр )','Mercedes M-klasse Универсал Черный','А524ОЕ799','WDC1660231A187560','+7(910) 457-0702',NULL),(41,'ООО ТК НЬЮ ТРАНС ( Эльдар )','Renault Logan Седан Белый','Р689РМ799','X7L4SRLV463574398','+7(964) 555-8457',NULL),(42,'Николаев Дмитрий Александрович','KIA Optima Седан Черный','О462РО799','XWEGU413BK0012509','+7(977) 138-1598',NULL),(43,'ООО КАРКАДЕ','Porsche Cayenne Универсал Коричневый','М525ВС799','WP1ZZZ9ZJKA43127','+7(925) 083-9373',NULL),(44,'Санталов Александр Алексеевич','Volkswagen Caravelle Универсал серый','Е156КР197','WV2ZZZ7HZBH083443','+7(916) 767-8724',NULL),(45,'Олениченко Евгений Николаевич','Mercedes E-klasse Седан Серый','М864РО799','WDD2130871A720006','+7(925) 544-7735',NULL),(46,'Гусев Егор Владимирович','Mercedes C-klasse Купе Белый','Н839НТ197','WDD204349F738795','+7(965) 435-7676',NULL),(47,'Иванов Борис Сергеевич','Land Rover Discovery Универсал Синий','В524АВ799','SALLAAA148A462752','+7(916) 753-6167',NULL),(48,'Голицина Анна Ильинична (Никита )','Mercedes M-klasse Универсал Белый','С235ХР197','4JGBB86E36A086200','+7(977) 824-8482',NULL),(49,'Евгений Сергеевич Кудрейков','Mazda 6 Седан Черный','У549РВ799','---','+7(926) 550-0433',NULL),(50,'Азаев Артур Геннадьевич ( Станислав )','Volkswagen Multivan Универсал Черный','К999НА99','WV2ZZZ7HZKH174995','+7(919) 002-1777',NULL),(51,'Носов Андрей Алексеевич','Toyota Land Cruiser 200 Универсал Белый','Р453ХР777','JTMCV02J304179390','+7(903) 283-1561',NULL),(52,'Григорьева Татьяна Алексеевна ( Егор )','Audi A5 Седан Красный','Е342МА777','WAUZZZ8T7FA020407','+7(965) 304-9192',NULL),(53,'Евгений','Audi A6 Седан Черный','Без номера','WAUZZZF21LN007926','+7(926) 034-1777',NULL),(54,'Владимир','BMW 3-series Седан Синий','Т553СМ777','WBA3D31080F236293','+7(915) 007-9744',NULL),(55,'ООО СК БИН ( Степан )','BMW 3-series Хэтчбек Черный','Е007ВР799','WBA3X51050G394295','+7(937) 170-5392',NULL),(56,'Головкин Вадим Вячеславович ( Эльдар )','BMW 3-series Седан Черный','Х343СО750','WBA3A91090FX56840','+7(926) 390-0220',NULL),(57,'Ющенко Илья Владимирович','Volkswagen Tiguan Универсал Черный','А849МН777','XW8ZZZ5NZEG104635','+7(909) 917-9988',NULL),(58,'Валуйская Наталия Юрьевна','Mercedes A-klasse Хэтчбек Белый','В223ОА799','WDD1770871V004255','+7(916) 249-9754',NULL),(59,'Павлов Вадим Михайлович','KIA Ceed Универсал Черный','Р381РК799','XWEHN813GG0000361','+7(977) 398-6235',NULL),(60,'Гагулин Олег Викторович ( Иван )','Renault Kaptur Универсал Оранжевый','С430АУ799','X7LASREA758559682','+7(905) 562-6477',NULL),(61,'Капустин Илья Андреевич','BMW X5 Универсал Черный','Т690ВЕ777','WBAFA53581LP23880','+7(910) 494-5635',NULL),(62,'Владимир','BMW 3-series Седан Синий','К154РЕ799','WBA5V51080AJ55115','+7(977) 860-6177',NULL),(63,'Михаил','Mercedes M-klasse Хэтчбек Красный','Х441АВ777','WDC1660241A272782','+7(915) 046-4646',NULL),(64,'Крапивницкий Дмитрий Викторович','Nissan Teana Седан Черный','С511ОО197','Z8NBBUJ32BS021670','+7(925) 167-0096',NULL),(65,'Нигматулина Земфира Финисовна (Кирилл)','Toyota RAV 4 Универсал серый','Р779АЕ199','JTMKD31V305026569','+7(985) 265-0119',NULL),(66,'Борисов Александр Викторович','BMW 5-series Седан Серый','Н566ОХ799','X4X5A79470D363487','+7(926) 067-4368',NULL),(67,'ПОСТОЯННОЕ ПРЕДСТАВИТЕЛЬСТВО РЕСПУБЛИКИ АДЫГЕЯ ПРИ ПРЕЗИДЕНТЕ РФ (Жоров Николай Александрович)','Toyota Camry Седан Черный','Т016НК799','XW7BF4HK60S127594','+7(928) 444-1516',NULL),(68,'ООО \"ВИТЕХ\" (Ченцов Сергей Александрович)','Mercedes GLC-klasse Универсал Черный','В119РВ799','WDC2539091V165757','+7(985) 762-4863',NULL),(69,'Мединцев Илья Леонидович','Mercedes GLE-klasse Внедорожник Черный','Е660ОР799','WDC1660751B121917','+7(915) 044-1441',NULL),(70,'ПОСТОЯННОЕ ПРЕДСТАВИТЕЛЬСТВО РЕСПУБЛИКИ АДЫГЕЯ ПРИ ПРЕЗИДЕНТЕ РФ (Жоров Николай Александрович)','Toyota Camry Седан Черный','Т189НК799','XW7BF4HKX0S126545','+7(928) 444-1516',NULL),(71,'Соловьев Дмитрий Сергеевич','Honda Civic Седан Серый','Х830СН190','JHMFD16707S209618','+7(915) 231-2046',NULL),(72,'ООО ЭЛИТ ГРУПП ( Артур)','Mercedes E-klasse Седан Черный','Н809РО799','WDD2130871A653145','+7(964) 637-9847',NULL),(73,'Бунятова Анета Георгиевна','KIA Sportage Универсал Черный','М427СН69','XWEPH81ADK0031178','+7(900) 291-2171',NULL),(74,'Косинский Василий Николаевич','Jaguar F-Pace Универсал Черный','М918РН799','SADFA2BX8K1Z61699','+7(916) 659-5958',NULL),(75,'Соколов Алексей Николаевич','Volvo XC40 Универсал Белый','Н418ММ97','YV1XZ72ACL2200952','+7(985) 116-6405',NULL),(76,'Милана','Porsche Macan Универсал Черный','000','WF1ZZZ95ZLLB02907','+7(903) 927-0770',NULL),(77,'Зяблинцев Виталий Николаевич','BMW X5 Внедорожник Черный','А801СА98','WDAKS810300H88742','+7(916) 874-1629',NULL),(78,'ПОСТОЯННОЕ ПРЕДСТАВИТЕЛЬСТВО РЕСПУБЛИКИ АДЫГЕЯ ПРИ ПРЕЗИДЕНТЕ РФ (Жоров Николай Александрович)','Mercedes S-klasse Седан Черный','Е237ЕТ799','WDD2211861A140417','+7(928) 444-1516',NULL),(79,'Александр','BMW X3 Универсал Серый','111',NULL,'+7(916) 185-1794',NULL),(80,'Шухрат','Land Rover Range Rover Sport Универсал Коричневый','О055КН777','SALLSAAF4DA813459','+7(926) 258-6699',NULL),(81,'Кувинов Олег Борисович ( Мила )','Great Wall Hover Универсал Серый','Н031ХХ197','LGWFF3A5XCA036002','+7(928) 464-9319',NULL),(82,'Станислав','KIA Sportage Хэтчбек Черный','Р564ОТ799','XWEPH81ADK0036008','+7(925) 925-4006',NULL),(83,'Орловский Денис Владимирович ( Артем )','Volkswagen Polo Седан Вишневый','К700ОА177','XW8ZZZ61ZFG026905','+7(903) 545-4505',NULL),(84,'Григорян Самвел Оганнесович','Toyota Camry Седан Черный','М005КВ77','XW7BKYFK60S110736','+7(999) 989-1399',NULL),(85,'Жариков Константин Игоревич','Nissan Murano Универсал Черный','Н278РО799','Z8NTANZ51DSO21564','+7(925) 023-2953',NULL),(86,'Сердалазимов Руслан Имранович ( Махмед )','Hyundai Solaris Седан Синий','Н715ОТ799','Z94R241CALR171525','+7(917) 385-6178',NULL),(87,'Максим','BMW X6 Универсал Черный','С836АВ761','WBAFG41070L338826','+7(920) 252-8052',NULL),(88,'Огородников Никита Сергеевич (Юлия)','Lexus LX Внедорожник Серый','О885ОС799','JTJCV00W704010789','+7(985) 728-7415',NULL),(89,'Еркин Виталий Львович','Toyota Land Cruiser Prado 150 Внедорожник Белый','Н818ЕК777','RUTBH8FJ9E0012388','+7(916) 473-3311',NULL),(90,'Максим','BMW X5 Внедорожник Черный','М383АХ197','X4XZW61170L571096','+7(916) 632-2528',NULL),(91,'Крючков Вадим Дмитриевич','Audi A5 Купе Вишневый','М654РЕ799','WAUZZZF52JA023695','+7(926) 823-8338',NULL),(92,'Герасименко Кирилл Андреевич','BMW 3-series Седан Синий','В896УС750','WBA5V51070AJ53730','+7(995) 886-4045',NULL),(93,'Мухаметжанов Руслан Рафикович','Porsche Macan Универсал Серый','К628РА799','WP1ZZZ95ZKLB21141','+7(905) 555-0655',NULL),(94,'Грачева Светлана Станиславовна ( Александр )','BMW X5 Внедорожник Черный','В565НХ777','X4XK294900K23674','+7(985) 979-4509',NULL),(95,'Лалиашвили Гиоргий Акакиевич','BMW 5-series Седан Синий','Р544РР77','WBSFV91090D093942','+7(968) 571-5717',NULL),(96,'Чекунаева Людмила Николаевна (Екатерина)','Volkswagen Polo Седан Серый','У827ЕН777','XW8ZZZ61ZEG020242','+7(977) 895-3037',NULL),(97,'Дроздов','BMW X3 Хэтчбек Черный','Р431ВО799','X4XWY39440L585452','+7(925) 363-4422',NULL),(98,'Щекунц Евгения Анатольевна','Porsche Cayenne Хэтчбек Черный','У780НЕ799','WP1ZZZ9YZKDA10803','+7(925) 196-9601',NULL),(99,'Байрамов Фаган Афган Огрлы ( Максим )','KIA Optima Седан Белый','К631ХВ750','XWEGT411BL0011874','+7(926) 177-7997',NULL),(100,'Житлов Никита Алексеевич','BMW 7-series Седан Серый','Т613НА799','WBA7A01000B299386','+7(963) 966-5544',NULL),(101,'Канчавели Давид Амиранович','Mercedes C-klasse Седан Черный','В151ТА197','WDD2040311A907870','+7(925) 377-4519',NULL),(102,'Тарасов Игорь Алексеевич ( Сергей )','Mercedes Viano Минивэн Черный','Н095УР190','WDF63981313764478','+7(919) 102-6942',NULL),(103,'Мокров Андрей Андреевич','Ford Focus Хэтчбек Черный','У423РВ197','X9FPXXEEDPAJ82343','+7(903) 271-7303',NULL),(104,'АО АЛЬФАСТРАХОВАНИЕ (Михаил)','Hyundai Solaris Седан Серый','Н448РЕ799','Z94R241CALR147560','+7(926) 466-2512',NULL),(105,'Брадауцан Артем Семенович (Максим)','Mitsubishi Lancer Седан Зеленый','Е295ЕУ190','JMBSRCS9A7U000238','+7(901) 331-8875',NULL),(106,'Филаткина Елена Евгеньевна (Владимир)','BMW X3 Хэтчбек Коричневый','С652УТ750','X4XWZ594100H78851','+7(910) 452-6944',NULL),(107,'Гакало Олег Сергеевич','Volkswagen Passat Седан Черный','1444 КХ 1','WVWZZZ3CZ9E559304','+7(977) 805-8141',NULL),(108,'Хисарова Фариза Имрановна (Вьет)','Porsche Panamera Седан Черный','В316РУ95','WPOZZZ97ZCL081449','+7(925) 585-5678',NULL),(109,'Чувалов Леонид Леонидович','Hyundai Solaris Седан Коричневый','Н262ОХ799','Z94R241CBLR176724','+7(925) 162-6850',NULL),(110,'Якимович Евгений Андреевич (Никита)','Infiniti G Седан Черный','В150ВК50','JN1BDAV36U0530164','+7(985) 822-9973',NULL),(111,'Мишина Елена Сергеевна','BMW 3-series Седан Белый','Х304УХ750','X4X8C994XOAG37496','+7(967) 194-2420',NULL),(112,'Цаплин Николай Олегович','Mercedes S-klasse Седан Синий','Т929АУ799','WDD2211791A188242','+7(915) 355-1451',NULL),(113,'Грошиков Илья Валерьевич','Infiniti QX50 Универсал Коричневый','М102РЕ799','3PCMANJ55Z0552616','+7(926) 286-5560',NULL),(114,'Королев Андрей Николевич','Skoda Kodiaq Универсал Серый','В106РВ799','XW8LJ6NS7KH420192','+7(903) 237-2587',NULL),(115,'Базарнова Инна Валерьевна (Алексей)','Volvo XC60 Универсал Серый','О956КР77','YV1DZ7O56B2166808','+7(926) 158-0937',NULL),(116,'OOO НАНОСОФТ ГРУПП МСК  (Александр)','Mercedes Viano Минивэн Черный','А455ХО 777','WDF4481513331435','+7(926) 860-2900',NULL),(117,'Букин Олег Александрович (Максим)','Mercedes G-klasse Универсал Черный','Р820АУ799','WDB4632721X242498','+7(912) 323-2020',NULL),(118,'Михайлов Олег Вячеславович','Audi A7 Хэтчбек Черный','У369РВ77','WAUZZZ4G7DN084350','+7(925) 351-9020',NULL),(119,'Ольшевский Андрей Витальевич','Toyota Camry Седан Черный','У100НА197','XW7BH4FK50S014605','+7(925) 555-0548',NULL),(120,'ООО Волгер (Александр)','Porsche Macan Универсал Серый','У756УО750','WP1ZZZ95ZKLB15270','+7(999) 599-1111',NULL),(121,'Белозеров Сергей Викторович','Subaru Outback Универсал Черный','М019СН197','JF1BR9L95BG082111','+7(916) 692-1920',NULL),(122,'Потишко Максим Валерьевич','Audi Q8 Универсал Черный','А415МО50','XW8ZZZF17LG000014','+7(915) 300-0440',NULL),(123,'Капранова Марина Геннадьевна (Олег)','Volkswagen Tiguan Хэтчбек Серый','В641ОВ799','XW8ZZZ5NZKG214028','+7(985) 013-4550',NULL),(124,'Темкин Максим Игоревич','Toyota Land Cruiser 200 Внедорожник Черный','Х523ВН799','JTMHV05J604115510','+7(916) 793-4728',NULL),(125,'Серебряков Михаил Борисович','Nissan Teana Седан Черный','Х300НО799','Z8NBBUJ32AS009588','+7(962) 956-2069',NULL),(126,'Давид','Infiniti QX56 Внедорожник Вишневый','С200АС190','JN1JANZ62U0000934','+7(900) 291-2171',NULL),(127,'Гераськина Любовь Александровна (Павел)','BMW 3-series Седан Серый','Н681ЕС799','X4X8A594305K82174','+7(964) 576-9384',NULL),(128,'Гусейнова Айгюнь Латиф Кызы','Land Rover Range Rover Внедорожник Серый','С014ТХ777','SALGA2BE8JA395453','+7(905) 766-1382',NULL),(129,'Изотов Сергей Анатольевич','Daewoo Nexia Седан Черный','О905АК197','XWB3K32CDAA063677','+7(926) 815-4767',NULL),(130,'Лобанов Евгений Юрьевич','BMW 5-series Седан Черный','О654КО799','X4XNU55488CZ34763','+7(000) 000-0000',NULL),(131,'Голышев Андрей Юрьевич','Mazda CX-9 Внедорожник Черный','Н177МС777','RUMTBEWYA01000175','+7(909) 657-9915',NULL),(132,'Семигин Сергей Сергеевич (Кирилл)','Lexus RX Универсал Черный','С036РЕ799','JTJBAMCA302064740','+7(915) 230-3470',NULL),(133,'Антонов Михаил Андреевич','Audi A4 Седан Серый','Р225ЕА799','WAUZZZF41JA033898','+7(968) 653-4506',NULL),(134,'Корельский Владимир Викторович','KIA Ceed Хэтчбек Белый','С171РН799','XWEH2514GK0002126','+7(995) 112-1312',NULL),(135,'Степанова Евгения Андреевна (Павел)','Toyota Corolla Хэтчбек Черный','М777ВО750','NMTBB3JE70R0222295','+7(916) 885-8187',NULL),(136,'Волдашев Виталий Александрович','Volkswagen Touareg Внедорожник Серый','Р217МТ777','XW8ZZZPZFG000149','+7(903) 241-4125',NULL),(137,'Шадров Алексей Игоревич','Mercedes CLS-klasse Седан Серый','А767АА97','WDD2183921A142921','+7(910) 786-6269',NULL),(138,'Буянов Валентин Сергеевич','BMW 3-series Седан Белый','Е692КА777','X4X3B19430J121900','+7(926) 381-1680',NULL),(139,'Татьяна','Opel Astra Купе Серый','А621ЕР97','WOLPD2DC1CG063069','+7(916) 500-7677',NULL),(140,'Губанов Сергей Викторович','Mazda 6 Седан Серый','О867НЕ777','RUMGJ4268FV016068','+7(916) 686-2858',NULL),(141,'Рассказов Михаил Александрович','BMW X3 Хэтчбек Серый','К860РЕ799','WBATR91030LS94236','+7(916) 100-8405',NULL),(142,'Перепелкин Дмитрий Анатольевич','Volkswagen Polo Купе Серый','Е615ОТ799','WVWZZZ1KZ8W306640','+7(909) 965-7656',NULL),(143,'Хотлубей Сергей Иванович','BMW 5-series Седан Серый','Р897РЕ799','X4XJC39410WB52116','+7(916) 329-0919',NULL),(144,'Буянкина Алена Сергеевна','MINI John cooper works Купе Оранжевый','М756ТР777','WMWXM910902D63519','+7(903) 777-5040',NULL),(145,'Куликова Надежда Николаевна ( Александр )','Lexus RX Внедорожник Серый','К002МС777','JTJBK11A202438763','+7(991) 336-2451',NULL),(146,'Ботика Алексей Александрович','Volvo XC90 Универсал Синий','М214КО799','YV1BZ8256D1163012','+7(926) 266-4646',NULL),(147,'Юсибов Михаил Фазилович','Audi A4 Седан Черный','М870РМ799','WAUZZZF40KA101349','+7(903) 556-5546',NULL),(148,'Курочкин Александр Сергеевич','Mercedes CLA-klasse Седан Серый','А931ОХ799','WDD1183871N025833','+7(906) 750-6141',NULL),(149,'Кожушко Александр Иванович','Volkswagen Caravelle Минивэн Коричневый','С015РС777','WV2ZZZ7HZGH017883','+7(903) 721-0861',NULL),(150,'Караваев Александр Владимирович','Subaru Forester Универсал Черный','М929ВХ799','JF1SJ9LC5JG276001','+7(903) 617-4569',NULL),(151,'Старченков Олег Сергеевич','BMW 7-series Седан Черный','С005КТ177','X4XYF81160D185299','+7(925) 814-8189',NULL),(152,'Афонин Алексей Владимирович','Land Rover Range Rover Evoque Универсал Белый','К153МС777','SALVA2BDXDH720792','+7(916) 526-4407',NULL),(153,'Алешина Екатерина Валериевна','BMW 3-series Седан Синий','У288НХ777','X4XPF78480E711500','+7(903) 551-0811',NULL),(154,'Манкевич Сергей Леонидович','BMW X5 Внедорожник Белый','Е872РН150','X4XKS494700X75558','+7(916) 822-6733',NULL),(155,'Тураев Кирилл Андреевич','BMW 5-series Седан Синий','С842СС99','X4X5C39430D433053','+7(985) 762-8120',NULL),(156,'Свириденко Алексей Владимирович','BMW 3-series Седан Синий','М369КЕ799','X4X8C79490EF52829','+7(999) 835-0043',NULL),(157,'Турищев Алексей Вячеславович','BMW 3-series Седан Белый','М483РА799','WBA5V51090FH28707','+7(909) 750-1259',NULL),(158,'Виталий','Citroen C4 Купе Голубой','В237НУ150','VF7LANFUF74441714','+7(929) 622-1467',NULL),(159,'Нацвлишвили Михаил Михайлович','Volkswagen Tiguan Универсал Серый','А505РЕ799','XW8ZZZ5NZLG000711','+7(968) 530-2017',NULL),(160,'Хилова Наталия Владимировна (Константин)','Skoda Octavia Хэтчбек Коричневый','Р627РК799','XW8AC4NE6KH029549','+7(903) 687-2525',NULL),(161,'Торбина Анастасия Сергеевна ( Артем)','BMW 3-series Седан Черный','У989ЕВ799','WBA3D31000F240855','+7(985) 536-3663',NULL),(162,'Соломасов Иван Андреевич','Land Rover Range Rover Evoque Универсал Коричневый','Р018МУ777','SALVA2A2BG8FH013266','+7(909) 633-4047',NULL),(163,'Федоров Павел Васильевич','Hyundai Creta Универсал Черный','С515РВ77','Z94G2813BLR215101','+7(967) 042-4613',NULL),(164,'Юрьев Константин Николаевич (Алиса)','Mercedes A-klasse Хэтчбек Серый','А527ОЕ99','WDD1770871V033423','+7(916) 335-3434',NULL),(165,'Васильев Сергей Михайлович','Ford Focus Седан Серый','К385КТ799','X9HXXEEDH9U21923','+7(925) 851-6054',NULL),(166,'Батеев Дмитрий Юрьевич','Lexus ES Седан Серый','У904РВ799','JTHB11B1702008139','+7(988) 996-4646',NULL),(167,'Носова Елена Николаевна (Руслан)','Honda CR-V Универсал Черный','М845НУ199','SHSRE58508U033436','+7(903) 752-6700',NULL),(168,'Ярочкин Алексей Викторович','KIA Stinger Хэтчбек Черный','Н789ОВ799','XWEE251ABJ0000016','+7(926) 245-6825',NULL),(169,'Майоров Юрий Юрьевич','Volvo XC60 Универсал Голубой','Н248ОУ799','LYVUZ08ACKB385292','+7(926) 566-3770',NULL),(170,'Шохобалова Кристина Алексеевна (Павел)','Ford Mondeo Седан Белый','Е637ЕВ750','Z6FDXXEECDFL00818','+7(967) 013-9014',NULL),(171,'Леонов Александр Андреевич','Volkswagen Passat Седан Черный','Р033КА750','WVWZZZ3CZEP010096','+7(909) 693-4647',NULL),(172,'Митрошин Олег Сергеевич','Honda Civic Седан Синий','Х621УХ177','JHMFD16407S224004','+7(964) 535-1090',NULL),(173,'Мохов Илья Евгеньевич','BMW 3-series Седан Черный','Е161АА777','X4X3B19450J120182','+7(903) 626-7114',NULL),(174,'ООО ЧОО КОМЕНДАНТ ( Алексей)','Infiniti QX80 Внедорожник Синий','А992ОХ799','JN1JANZ62U0100030','+7(977) 593-3669',NULL),(175,'Федосеева Анастасия Михайловна (Алексей)','Volkswagen Touareg Внедорожник Черный','Е195ТА159','XW8ZZ7PZEG009180','+7(977) 263-8800',NULL),(176,'Клусова Тамара Павловна','Mercedes GLA-klasse Универсал Белый','А576ЕО750','WDC1569461J032783','+7(963) 636-8566',NULL),(177,'Руслан','BMW 3-series Седан Серый','Е022НУ799','WBA5V71040AH94641','+7(925) 809-7717',NULL),(178,'Косых Валерий Владимирович','Toyota Land Cruiser 200 Внедорожник Черный','А051МР90','JTMCV02J804209869','+7(111) 111-1111',NULL),(179,'Ачибаева Диана Синатловна','Hyundai Solaris Седан Коричневый','О312ВМ186','Z94CU51CBHR145640','+7(922) 414-2073',NULL),(180,'Шабанов Никита Дмитриевич','BMW 5-series Седан Серый','А558ТТ750','X4XFP1542AC484022','+7(926) 073-7294',NULL),(181,'Антипина Галина Юрьевна (Олег Борисович)','Volkswagen Tiguan Универсал Черный','Н663ЕК799','XW8ZZZ5NZJG223117','+7(985) 763-6999',NULL),(182,'Шмакова Анна Петровна ( Андрей)','BMW X3 Универсал Синий','К066ВУ799','X4XWX394X00K72331','+7(922) 199-9468',NULL),(183,'Десятов Владислав Александрович','Mercedes E-klasse Седан Черный','Х686НО799','WDD2130871A635805','+7(917) 523-0911',NULL),(184,'Глотов Дмитрий Валентинович','BMW 5-series Универсал Черный','Т867УА197','WBAPX31000C080907','+7(926) 229-8932',NULL),(185,'Андрианова Юлия Владимировна (Дмитрий_','BMW X5 Универсал Черный','Р647РР197','X4XZV411X00E62238','+7(925) 190-4041',NULL),(186,'Голубенков Игорь Олегович','Skoda Octavia Хэтчбек Белый','О935АК799','XW8AC6NE2JH007218','+7(901) 553-3771',NULL),(187,'Емелин Игорь Александрович ( Рустам)','KIA Quoris Седан Черный','Т140ЕА799','XWELW413BH0000787','+7(925) 323-1099',NULL),(188,'Ковалев Павел Алексеевич','Honda Civic Седан Черный','А772КУ177','JHMFD16706S205899','+7(916) 147-6128',NULL),(189,'Нестеренко Алла Сергеевна','Mercedes CLS-klasse Седан Черный','Е080ОВ799','WDD2573511AO36793','+7(925) 859-3375',NULL),(190,'Филатов Дмитрий Евгеньевич (Савелий)','Honda Civic Седан Серый','С376СК199','JHMFD16207S210946','+7(915) 016-0061',NULL),(191,'Ландау Дарья Михайловна','Mercedes E-klasse Купе Белый','Т361ЕМ799','WDD2383431F061565','+7(926) 597-5457',NULL),(192,'Мелякин Алексей Викторович','BMW X5 Внедорожник Белый','Т421РС777','X4XZW41180L830232','+7(926) 579-8896',NULL),(193,'Данилов Михаил Юрьевич','BMW 2-series Купе Черный','Р221РС799','WBA2J710907E69561','+7(964) 532-2222',NULL),(194,'Амир','Mercedes GLK-klasse Универсал Белый','Т235ОР799','WDC2049841G086482','+7(825) 866-3125',NULL),(195,'Харитонов Денис Александрович','Mercedes GLE-klasse Внедорожник Черный','М286ММ99','WDC1671191A028480','+7(919) 101-0990',NULL),(196,'Коренкова Людмила Михайловна','Toyota RAV 4 Универсал Синий','М991ОХ799','XW7RFREV80S020377','+7(964) 522-5239',NULL),(197,'Фейгин Александр Ильич','Volvo XC60 Универсал Черный','М141ОХ799','LYVUZ08ACKB354741','+7(926) 274-1590',NULL),(198,'Сироус Владислав Анатольевич','BMW 5-series Седан Черный','С939РН799','X4XJC59450WG04077','+7(913) 947-3236',NULL),(199,'ООО ГАЗ ТРАНС ( Павел)','Mercedes S-klasse Седан Черный','Х888ОО197','WDD2221821AO14784','+7(977) 117-1762',NULL),(200,'Толстова Наталья Викторовна (Павел)','Mercedes E-klasse Купе Белый','Е356НУ799','WDD2383431F093144','+7(929) 918-7898',NULL),(201,'Боронов Сергей Евгеньевич','Toyota RAV 4 Универсал Белый','К744УК777','JTMDDEV80J028558','+7(616) 074-1092',NULL),(202,':Жарова Ирина Александровна (Николай)','Toyota Camry Седан Белый','Е199УВ123','XW7BF4HK00S115781','+7(928) 444-1516',NULL),(203,'Беликов Виктор Павлович ( Анастасия)','KIA Mohave Внедорожник Серый','О742РС799','XWEKN814DD0001491','+7(926) 709-0691',NULL),(204,'Есаян АсмикМесроповна (Валерий)','Hyundai i20 Купе Синий','Н184КН799','MALBC31CH9M001437','+7(926) 704-2413',NULL),(205,'Лихачев Никита Васильевич','Mercedes E-klasse Седан Белый','М008ЕР159','WDD2073341F278697','+7(902) 805-8999',NULL),(206,'Лизингополучатель  ООО  \"КГ  ВСК\"  (Максим)','Mercedes GLE-klasse Универсал Синий','О848РТ799','WDC2923241A146822','+7(905) 509-5346',NULL),(207,'Юрасов Сергей Витальевич','KIA Rio Хэтчбек Белый','Т027РС777','Z94CC51BBGR070585','+7(926) 587-3932',NULL),(208,'Пекелис Наталья Александровна (Александр)','MINI Countryman Хэтчбек Зеленый','О453СУ777','WMWZB31060WS62858','+7(903) 731-6604',NULL),(209,'Авдеев Александр Николаевич','Mitsubishi Outlander Внедорожник Белый','С653ЕМ799','Z8TXLGF4WHM037993','+7(919) 786-0088',NULL),(210,'Гришина Екатерина Олеговна','KIA Rio Универсал Бежевый','М245ЕА197','X4XDC243350002517','+7(906) 735-0991',NULL),(211,'Курочкин Юрий Викторович','BMW X6 Универсал Синий','М542КХ799','X4XKV294000Z94681','+7(927) 832-8173',NULL),(212,'Трегубенко Михаил Михайлович','BMW 3-series Седан Серый','Х420ЕС77','WBA3D51070J457408','+7(985) 777-2470',NULL),(213,'Негомедзянова Елена Александровна','Mazda CX-5 Универсал Красный','Р294АР799','RUMKEEWLA00011260','+7(916) 850-8530',NULL),(214,'ООО АГПАЙП','Mercedes GLE-klasse Внедорожник Белый','Х153ХХ197','WDC1671231A079268','+7(926) 567-2656',NULL),(215,'Румак Денис Леонидович','Lexus LX Внедорожник Серый','Х939ОР','JTJCV00W104011064','+7(915) 299-9712',NULL),(216,'Дмитриев Вячеслав Владимирович','Hyundai Santa Fe Внедорожник Черный','Н936СА799','XWES381CDL0008217','+7(926) 569-2601',NULL),(217,'Адамская Алена Александровна','BMW 3-series Седан Черный','О812ЕХ777','WBA8A51010AE76280','+7(926) 671-6488',NULL),(218,'ООО ТКТ (Андрей)','Volkswagen Multivan Минивэн Черный','Р549РС799','WV2ZZZ7HZKH094517','+7(916) 594-2729',NULL),(219,'Зубарева Светлана Владимировна','Volvo V40 Хэтчбек Синий','Н251ХВ77','YV1MZ4256E2035393','+7(916) 142-5748',NULL),(220,'Дудаев Магомед Исаевич','Lexus ES Седан Черный','Е406РА799','JTHBK1GGX02254877','+7(925) 083-8888',NULL),(221,'Солдатова Анна Валерьевна ( Виталий )','Audi Q5 Хэтчбек Синий','Х227РО799','WAUZZZFY4L2000331','+7(963) 677-8883',NULL),(222,'Серегина Екатерина Викторовна (Михаил)','Audi A3 Хэтчбек Белый','Х225УС96','WAUZZZ8P0CA009683','+7(982) 646-5035',NULL),(223,'Софонцева Раиса Ивановна','Ford Kuga Универсал Серый','Е969ОЕ750','Z6FAXXESMAHM60563','+7(916) 512-2258',NULL),(224,'Попкова Наталья Александровна (Николай)','Opel Astra Хэтчбек Черный','К304ОЕ199','XUF0AHL488B016589','+7(905) 773-0383',NULL),(225,'Андреев Михаил Юрьевич','Chrysler Sebring Седан Черный','В068МВ799','1C3ACB6K37N636896','+7(916) 261-0696',NULL),(226,'Улогов Давид Патаевич','BMW X6 Универсал Белый','Т092РО71','X4XFG21170L515863','+7(962) 984-4666',NULL),(227,'Петросян Армен Мартинович','Toyota Camry Седан Черный','А765МО77','XW7BF4FK40S162623','+7(968) 077-7755',NULL),(228,'ООО \" Лизингплан рус\"  (Константин)','Audi A6 Седан Черный','Е383РТ799','WAUZZZF25LN006746','+7(916) 200-2968',NULL),(229,'Луганский Илья Владимирович  (Артем)','Jaguar XF Седан Голубой','Р418ТТ197','SAJAA06M39FR30241','+7(925) 772-6472',NULL),(230,'Кузнецов Вадим Владимирович','Land Rover Discovery Внедорожник Черный','Р824ЕХ799','SALLAAAF6DA685030','+7(926) 777-7029',NULL),(231,'Константинова Римма Ивановна  (Дмитрий)','Ford Explorer Универсал Белый','Е105НТ750','Z6FBXXESWBGL49851','+7(916) 123-1901',NULL),(232,'ООО \"ПМТКН АРМАДА  (Тарасова Марина Юрьевна)','Mercedes C-klasse Седан Белый','Е770РТ799','WDD2050781R517050','+7(905) 789-8534',NULL),(233,'Брусненский Георгий Александрович','BMW X5 Внедорожник Черный','Т222МК99','X4XKS494100H01832','+7(926) 490-4747',NULL),(234,'Степанова Галина Викторовна (Василий)','Renault Sandero Хэтчбек Синий','У067ХН197','X7LBSRC2HCH569379','+7(909) 915-9955',NULL),(235,'Гайдалович Егор Александрович','Volkswagen Touareg Хэтчбек Черный','Х619МС777','WVGZZZ5NZEW112201','+7(916) 315-7721',NULL),(236,'Иванова Мария Владиславовна (Дмитрий)','Volkswagen Touareg Внедорожник Черный','О996ЕМ799','XW8ZZZ7LZAG002266','+7(916) 154-1992',NULL),(237,'Малиновский Сергей Викторович','Ford Fusion Универсал Синий','Н796НМ77','WF0UXXGAJU5C75631','+7(906) 098-2239',NULL),(238,'Сушков Дмитрий Валериевич','Land Rover Discovery Sport Внедорожник Черный','Е838РТ150','SALCA2BX6KH787811','+7(903) 208-3805',NULL),(239,'Маслов Максим Владимирович','BMW X3 Универсал Черный','А859ХА190','WBAPB51000WD42811','+7(977) 860-6001',NULL),(240,'Ларина Светлана Анатольевна ( Сергей )','Toyota RAV 4 Универсал Белый','О655ВУ799','XW7RFREV30S010789','+7(968) 783-2111',NULL),(241,'Фролов Владимир Борисович','Pontiac Vibe Универсал Синий','Х655РВ197','5Y2SM62834Z436782','+7(909) 674-8180',NULL),(242,'Андреева Вера Михайловна','Chevrolet Niva Внедорожник Серый','В132ХР199','X9L212300A0288303','+7(926) 917-3641',NULL),(243,'Кириллова Наталья Валентиновна','Audi A3 Седан Серый','Е586СК799','WAUZZZ8V3LA018991','+7(916) 171-5622',NULL),(244,'Сивенкова Светлана Валерьевна','Hyundai Santa Fe Внедорожник Серый','О961СЕ799','XWES381CDK0004700','+7(926) 548-9738',NULL),(245,'Кумскова Татьяна Михайловна (Александр)','Mercedes CLA-klasse Седан Серый','Х619ОУ777','WDD1173431N346312','+7(996) 929-7999',NULL),(246,'Скачков Владислав Викторович','Volvo XC90 Внедорожник Красный','С579ОЕ77','YV1CM59H641058549','+7(916) 207-5593',NULL),(247,'Дементьев Никита Вадимович','Skoda Yeti Универсал Белый','К384ОВ77','XW8LB25L1DH702717','+7(964) 797-8668',NULL),(248,'Хаутиев Юсуп Магомедович','Skoda Rapid Седан Бежевый','Е476РС799','XW8AC2NH6KK130527','+7(968) 446-6575',NULL),(249,'Сафарова Тамила Салеховна','Toyota Camry Седан Черный','Х097МА799','XW7BF3HK70S100902','+7(926) 238-3844',NULL),(250,'Ханмамедов Айдын ( Эмиль)','Lexus LX Внедорожник Черный','Х979РМ99','JTJHY00W004150096','+7(916) 711-3603',NULL),(251,'Мельник Людмила Валентиновна','Hyundai Sonata Седан Серый','Н820ОС199','X7MEN41FP6A014696','+7(903) 722-1639',NULL),(252,'Попов Сергей Михайлович','Mitsubishi Outlander Универсал Серый','С519КМ197','Z8TXTGF2WHM037268','+7(903) 764-3902',NULL),(253,'Кузнецов Александр Иванович (Руслан)','Mercedes G-klasse Внедорожник Черный','А456МО99','WDB4632701X189323','+7(916) 841-8898',NULL),(254,'Тишкова Нелли Владимировна','Volkswagen Tiguan Универсал Синий','Х212ВМ199','XW8ZZZ5NZDG119288','+7(916) 170-4886',NULL),(255,'ООО ТЕКСТИЛЬ КОЛОР (Антон)','Porsche Cayenne Универсал Черный','К434УЕ750','WP1ZZZ9YZKDA39209','+7(916) 505-0077',NULL),(256,'Нечаев Николай Николаевич','Skoda Octavia Хэтчбек Серый','Т941РВ799','XW8AC6NE8LH008778','+7(926) 394-2811',NULL),(257,'Носова Наталья Юрьевна (Сулейман)','KIA Sorento Внедорожник Серый','Х983МЕ799','XWEPH81BDK0013838','+7(903) 616-8221',NULL),(258,'ООО Трансфер Фор Ю','Mercedes E-klasse Седан Черный','У028МХ799','WDD2130871A609608','+7(926) 677-6703',NULL),(259,'Насыров Рамис Раисович (Александр)','Mercedes E-klasse Седан Черный','Т003РМ150','WDD2130421A497218','+7(965) 157-0809',NULL),(260,'Гуричев Константин Леонидович','Volkswagen Tiguan Универсал Серый','С986РН799','XW8ZZZ5NZKG221144','+7(902) 799-7029',NULL),(261,'Берлов Сергей Антольевич','Mercedes E-klasse Седан Белый','Е888УТ72','WDD2120671B070357','+7(922) 075-6888',NULL),(262,'Николаева Екатерина Викторовна (Марат)','KIA Sportage Хэтчбек Черный','А348СК777','XWEPH81ADG0000313','+7(903) 170-7574',NULL),(263,'Пушненкова Елена Владимировна','Skoda Kodiaq Внедорожник Белый','У904РА197','XW8JC4NS3LH403901','+7(917) 525-9672',NULL),(264,'Владимир Автолюкс','BMW X6 Универсал Красный','М346НМ199','X4XFH61170L482142','+7(985) 768-2735',NULL),(265,'Парфенов Василий Анатольевич','Volkswagen Tiguan Универсал Белый','Н616РК799','XW8ZZZ5NZLG003589','+7(925) 800-8227',NULL),(266,'Макаров Евгений Александрович','BMW 3-series Универсал Синий','Н262РА799','WBA8X51050B237935','+7(916) 902-4809',NULL),(267,'Бобылева Анастасия Александровна','Lexus NX Универсал Белый','А058УХ750','JTJBERBZ002050831','+7(916) 827-0786',NULL),(268,'Петрова Ольга Владимировна','Mazda 6 Седан Серый','О259КМ799','RUMGJ526802008569','+7(985) 118-8819',NULL),(269,'Емельянов Константин Юрьевич','Mazda 6 Седан Синий','К811КС799','RUMGJ526802009121','+7(926) 494-2284',NULL),(270,'Краснослободцев Александр Владимирович','BMW 3-series Седан Черный','М700ОВ799','WBA8E31070A672990','+7(917) 541-4017',NULL),(271,'Борматин Василий Евгеньевич','BMW 3-series Хэтчбек Коричневый','К999ОЕ99','WBA8X51080B236908','+7(916) 715-6666',NULL),(272,'Булатов  Иван Михайлович','Honda Accord Седан Коричневый','Е570АК196','JHMCL95807C207993','+7(909) 008-1117',NULL),(273,'Федорчук Татьяна Анатольевна (Андрей)','Lexus RX Внедорожник Серый','Х546СА777','JTJBZMCA602018398','+7(916) 350-2654',NULL),(274,'Земсков Дмитрий Анатольевич','Mitsubishi Pajero Внедорожник Серый','С478ТМ777','Z8TGYKH40EM045741','+7(916) 141-0008',NULL),(275,'Фатыхов Наиль Азатович','Volkswagen Golf Хэтчбек Черный','Х136ОЕ197','WVWZZZ13ZCV002956','+7(925) 727-0787',NULL),(276,'Кирдяпкина Ольга Сергеевна (Илья)','Land Rover Freelander Универсал Белый','О397УУ197','SALFA2DBXCH311657','+7(916) 597-8081',NULL),(277,'Тверитинов Алексей Владимирович','Volvo XC60 Внедорожник Синий','М063СЕ799','YV1DZ8256E2548733','+7(926) 212-5238',NULL),(278,'АО  АЛЬЯНСТРАНСКОМ (Владимир)','Toyota Camry Седан Черный','О109ОН799','XW7BFYHK60S140563','+7(916) 612-6040',NULL),(279,'Прохоров Андрей Юрьевич','Mercedes C-klasse Седан Серый','Т477АМ777','WDD2050401R522960','+7(926) 756-8370',NULL),(280,'Титоров Эдуард Сергеевич (Никита)','Mazda 3 Седан Синий','Н686ТХ750','JMZBM52A80154496616','+7(999) 922-4562',NULL),(281,'Соколовская Юлия Юрьевна  (Максим)','Mazda 6 Седан Серый','Р578ТА777','RUMGJ5268GV026183','+7(915) 453-3757',NULL),(282,'Острицов Иван Сергеевич','BMW 5-series Седан Черный','В071ВУ799','WBAJC31000B052208','+7(939) 777-4444',NULL),(283,'Колпакова Лориса Михайловна (Сергей)','Hyundai Starex Минивэн Черный','Е365ЕН799','KMHWH81KBJU962141','+7(905) 773-5767',NULL),(284,'Турнаев Антон Сергеевич','Volkswagen Jetta Седан Белый','Х393УХ96','WVWZZZ16ZDM049962','+7(909) 001-8630',NULL),(285,'Маслов Роман Александрович','Mercedes E-klasse Седан Синий','Т449РТ197','WDD2120881A575475','+7(926) 635-0888',NULL),(286,'Краснов Владимир Александрович','Audi A6 Седан Черный','В790АХ799','WAUZZZ4GXJN022002','+7(903) 713-7021',NULL),(287,'Дорофеев Данил Михайлович','Audi A4 Седан Серый','Е042СН799','WAUZZZF41KA107080','+7(925) 858-1046',NULL),(288,'Якимчук Виталий Вадимович','Porsche Macan Универсал Синий','Н972УР777','WP1ZZZ95ZGLB54876','+7(910) 488-4859',NULL),(289,'Павлов Олег Анатольевич','Land Rover Discovery Sport Универсал Черный','О618КУ799','SALCA2BE0FH501357','+7(985) 769-1434',NULL),(290,'Шабанов Виталий Игоревич','Mercedes C-klasse Купе Черный','У678ВХ777','WDD2043311G309912','+7(911) 045-1360',NULL),(291,'АО Открытие Брокер','Lexus ES Седан Белый','Р173НВ799','JTHB11B1002003176','+7(926) 550-9835',NULL),(292,'Владимир Авто Люкс','Toyota Corolla Седан Черный','Р160ОЕ190','JTNBV56E30J130032','+7(985) 768-2735',NULL),(293,'Газимов Руслан Ясавиевич','Hyundai Santa Fe Внедорожник Черный','Т338КН799','XWES381CDK0000228','+7(916) 757-4372',NULL),(294,'Партышев Иван Юрьевич','BMW 5-series Седан Черный','Т001ТР161','WBAJR71000BJ16902','+7(919) 892-0888',NULL),(295,'ООО STV','Mercedes E-klasse Седан Черный','М160СМ799','Z9M2130055L000645','+7(905) 711-9778',NULL),(296,'Бакшеев Дмитрий Владимирович','KIA Sportage Универсал Синий','В313РК799','XWEPH81ABL0031656','+7(977) 895-4373',NULL),(297,'Комиссаров Алексей Сергеевич','Mercedes CLA-klasse Седан Черный','О068ХЕ777','WDD1173431N479208','+7(910) 406-9461',NULL),(298,'Росгвардия ( Кирилл)','Hyundai Solaris Седан Черный','6707ЕА 15','Z94K241CALR178658','+7(999) 962-9536',NULL),(299,'Ахаев Алексей Николаевич','Mercedes E-klasse Седан Черный','Е065ОТ799','WDD2130801A658648','+7(903) 156-0030',NULL),(300,'Аленьковская Анна Юрьевна','Mercedes GLC-klasse Универсал Черный','К945ХС750','WDC2539811V216274','+7(925) 303-5825',NULL),(301,'Саймаев Заур Саймаевич','Mercedes C-klasse Седан Белый','А177КК777','WDD2050451F039517','+7(903) 628-6853',NULL),(302,'Шоркин Андрей Владимирович','BMW X3 Универсал Коричневый','А486АА77','X4XWY39490L584443','+7(926) 612-6551',NULL),(303,'Джавадова Сусанна Юрьевна (Медлер)','Skoda Rapid Хэтчбек Черный','А485АА199','XW8AC2NH4JK127057','+7(926) 860-1717',NULL),(304,'Калиниченко Наталья Леонидовна (Вячеслав)','Volkswagen Tiguan Универсал Черный','Р641УА197','WVGZZZ5NZ9W065452','+7(903) 363-7524',NULL),(305,'Гасымов Тимур','Audi A4 Седан Черный','У453ТТ199','WUAZZZ8E77A803056','+7(909) 636-8459',NULL),(306,'Сподарик Юлиан','Mercedes CL-klasse Внедорожник Коричневый','А253ВО799','WDC1648861A621905','+7(916) 323-1907',NULL),(307,'Соломатин Евгений Александрович','Mazda 6 Седан Коричневый','Н479СВ77','JMZGH12F701217603','+7(926) 608-2243',NULL),(308,'Калинина Татьяна Ивановна (Владимир)','Ford Focus Хэтчбек Серый','Е360НР177','X9FAXXEEDA4Y40561','+7(915) 447-5377',NULL),(309,'Иванов Алексей Игоревич','Honda Accord Седан Черный','У702АО799','JYMCU26809C214035','+7(903) 785-1125',NULL),(310,'Парфенов Иван Александрович','BMW 5-series Седан Серый','Н403СН799','WBAJC51080CD59697','+7(916) 613-6465',NULL),(311,'ООО \"ИНФОРМАУДИТСЕРВИС\" (Александр)','Mazda 6 Седан Серый','Е291ВЕ77','JMZGJ426831124011','+7(999) 000-9555',NULL),(312,'Еникеева Наталья Александровна','Hyundai Santa Fe Универсал Синий','С272НА777','KMHSU81CDFU413508','+7(909) 661-6367',NULL),(313,'Хмелев Олег Валерьевич (Дмитрий)','Ford Focus Универсал Черный','О627РО40','Z6XXEEC6GG15649','+7(903) 130-1181',NULL),(314,'Ермолов Александр Вячеславович','Mercedes E-klasse Седан Коричневый','Х463МА799','WDD2130431A371261','+7(965) 401-1188',NULL),(315,'ООО Велес','Volkswagen Passat Седан Синий','У633НС799','WVWZZZ3CZKE023647','+7(926) 111-2233',NULL),(316,'ООО Ядрово','Mercedes S-klasse Седан Черный','К961АВ750','WDD2221331A263774','+7(926) 111-2233',NULL),(317,'Страхов Алексей Леонидович','Mercedes GLC-klasse Универсал Черный','Н817РС799','WDC2539811V206836','+7(926) 925-2577',NULL),(318,'Макаров Антон Дмитриевич','MINI Clubman Хэтчбек Красный','Х851РС799','WMWXJ110002L84007','+7(921) 415-2915',NULL),(319,'Князев Антон Васильевич','Volkswagen Tiguan Универсал Синий','М767НВ799','XW8ZZZ5NZDG133706','+7(926) 142-3284',NULL),(320,'ООО Востокавтотранс ( Никита)','Toyota Camry Седан Черный','У328ВС799','XW7BF4FK00S176504','+7(925) 604-3363',NULL),(321,'Овшинов Владимир Олегович','Mercedes GLC-klasse Универсал Черный','О118РО77','WDC2539811V222989','+7(926) 628-5541',NULL),(322,'Александров Александр Викторович','Hyundai Tucson Седан Серый','В709СА799','XWEJ3813CL0002202','+7(910) 492-9346',NULL),(323,'Ломакина Татьяна Евгеньевна (Илья)','Volkswagen Touareg Внедорожник Черный','С692КУ190','XW8ZZZ7PZBG001529','+7(910) 440-5565',NULL),(324,'Леонтьев Сергей Вячеславович','LADA VESTA Седан Серый','У366СЕ799','XTAGFL120KY338524','+7(963) 774-3535',NULL),(325,'Шабаев Султан Имранович','BMW 3-series Седан Серый','В666МВ77','WBA5V71090FH07142','+7(921) 008-7666',NULL),(326,'Щедрин Сергей Владимирович','Volvo S60 Седан Синий','Т141НТ777','YV1FS6250C2145554','+7(903) 132-6562',NULL),(327,'Назарова Ольга Петровна','Volkswagen Polo Седан Синий','С125АУ799','XW8ZZZ61ZJG011088','+7(926) 408-1007',NULL),(328,'Авилов Николай Андреевич','Daewoo Nexia Седан Песочный','О911НР190','XWB3D31UD5A047286','+7(926) 267-2029',NULL),(329,'Помелов Евгений Валерьевич','BMW 5-series Седан Черный','С506НК799','WBAJA11060BM53255','+7(925) 057-8101',NULL),(330,'Рыбин Сергей Сергеевич','BMW X5 Внедорожник Черный','А606АО197','WBSKT610800Z73170','+7(929) 990-4571',NULL),(331,'Озеров Алексей Васильевич','Volkswagen Tiguan Универсал Серый','Х040РУ77','XW8ZZZ5NZDG129585','+7(903) 211-5511',NULL),(332,'Зайцев Дмитрий Владимирович','KIA Optima Седан Синий','Х250УВ750','XWEGU411BK0010246','+7(962) 999-7713',NULL),(333,'Филичев Андрей Андреевич','BMW X3 Универсал Белый','В893РТ799','X4XKJ99440LD53815','+7(903) 731-3463',NULL),(334,'ООО Рольф','BMW 7-series Седан Черный','Т880КО799','WBA7A01060B299487','+7(965) 203-1759',NULL),(335,'Михаил','Mazda 3 Хэтчбек Серый','882','JMZBL142201194579','+7(929) 667-7130',NULL),(336,'Греков Андрей Сергеевич','Hyundai Santa Fe Универсал Серый','У897РО799','XWES381DDL0002457','+7(919) 721-2385',NULL),(337,'Гребенюк Вадим Николаевич','BMW 1-series Хэтчбек Черный','В155ВУ177','WBA1A11010VV19113','+7(985) 164-0055',NULL),(338,'Шлычкова Ольга Владимировна','Mercedes C-klasse Седан Красный','У794СЕ799','WDD2050401R523413','+7(915) 469-1192',NULL),(339,'Москвитин Юрий Тимофеевич ( Артем)','Mercedes GLC-klasse Универсал Черный','А255СР799','WDC253151F754204','+7(916) 503-4677',NULL),(340,'Сединкин Олег Анатольевич','Toyota Land Cruiser Prado 150 Внедорожник Коричневый','У030ОТ799','JTEBR3FJ20K134895','+7(903) 210-5677',NULL),(341,'Стасенко Константин Валерьевич','KIA Rio Седан Синий','Н804РХ799','Z94C241188LR153040','+7(905) 544-2066',NULL),(342,'Филиал КНО АЛЕН ЭНД ОВЕРИ ЛЕГАЛ СЕРВИСИЗ (Николай)','Audi A6 Седан Черный','О783ХК197','WAUZZZ4G4DN013350','+7(916) 432-0161',NULL),(343,'Ким Павел Алексеевич','Porsche Cayenne Универсал Белый','А509СР799','WP1ZZZ9YZLDA02225','+7(903) 796-5125',NULL),(344,'Евдакимова Ксения Сергеевна','BMW 3-series Седан Серый','М407СР799','WDA5P31010FH38470','+7(968) 638-6195',NULL),(345,'Подгорнов Станислав  Сергеевич','BMW 5-series Седан Серый','О500СА190','X4XJC59430WG04109','+7(926) 277-2259',NULL),(346,'Агаджанян Анаит Мануковна (Тигран)','Audi A6 Седан Черный','Н567ВК799','WAUZZZ4G4GN161972','+7(926) 629-2525',NULL),(347,'Будаев Максим Сергеевич','Land Rover Range Rover Evoque Внедорожник Белый','К316СК799','SALZA2BN5LH055907','+7(919) 770-0938',NULL),(348,'Деева Марина Валерьевна','Audi Q5 Хэтчбек Серый','Е012СН777','XW8ZZZ8R7AG001194','+7(926) 277-2332',NULL),(349,'Бартош Елена вячеславовна','Skoda Octavia Седан Коричневый','Х075СК799','XW8AC6NEXLH010970','+7(916) 597-4723',NULL),(350,'Кобольтов Владимир Николаевич','Citroen C5 Внедорожник Оранжевый','Х691НО77','VR7AJEHZNKL098442','+7(985) 763-7044',NULL),(351,'Сухарев Павел Вячеславович','KIA Sorento Внедорожник Коричневый','У418СК799','XWEKU811DJC021663','+7(906) 048-3208',NULL),(352,'Кабанов Кирилл Викторович','KIA Sorento Внедорожник Зеленый','М068ЕК799','XWEKU11DHC016401','+7(910) 413-9955',NULL),(353,'Бутенко Алексей Константинович','Volkswagen Passat Седан Синий','Х201РЕ777','WVWZZZ3CZEP006718','+7(919) 992-8149',NULL),(354,'Бодрова Елизавета Владимировна','BMW 3-series Седан Белый','Т830СВ750','X4XPF784X9VK67226','+7(926) 073-7294',NULL),(355,'Бунина Наталья Владимировна (Павел)','Volvo XC90 Седан Белый','Т040ХЕ77','YV1CM5957C1622079','+7(903) 622-1220',NULL),(356,'Ерыганов Виктор Константинович','Volkswagen Tiguan Универсал Серебристый','Е844СН799','XW8ZZZ5NZLG000063','+7(916) 379-4368',NULL),(357,'Леонтьев Евгений Игоревич','Toyota Camry Седан Черный','А133ХТ750','XW7BN4HK70S107437','+7(963) 629-7373',NULL),(358,'Белов Николай Сергеевич','BMW 3-series Седан Черный','О976МК799','WBA8C510X0K634441','+7(926) 803-9975',NULL),(359,'Александров Роман Витальевич','Nissan Teana Седан Черный','Х235ОТ199','JN1BBUJ32U0005751','+7(916) 015-2021',NULL),(360,'Зарипова Эльвира Равилевна (Закир)','KIA Quoris Седан Черный','К007НО199','XWELU413BF0000009','+7(926) 157-0062',NULL),(361,'Егоров Олег Владимирович','BMW X4 Универсал Белый','О379ОХ777','X4XXX194X00N00157','+7(905) 757-3910',NULL),(362,'Горбунов Константин Викторович','УАЗ Патриот Внедорожник Черный','В264НМ197','XTT316300B0013930','+7(915) 295-0297',NULL),(363,'Фятяхотдинов Мансур Алиевич','Skoda Superb Хэтчбек Белый','К300РО777','TMBAB7NP1G7015184','+7(926) 301-3244',NULL),(364,'Белокопытов Роман Александрович','Ford Focus Седан Серый','Р552РС799','X9FMXXEEBMDB23635','+7(915) 234-3487',NULL),(365,'Якушева Юлия Николаевна','Mercedes GLC-klasse Универсал Белый','М779УХ197','WDC2539051V000042','+7(915) 051-3456',NULL),(366,'Краснова Марина Павловна','BMW 5-series Седан Серый','У464СЕ799','X4XJA19450WC06687','+7(968) 816-3707',NULL),(367,'Бурматова Анна Викторовна','BMW 3-series Седан Синий','Т828ВН799','X4X8A594905J20596','+7(915) 487-2525',NULL),(368,'Шмерлин Леонид Анатольевич','Skoda Octavia Седан Серебристый','А371ТН777','XW8AC6NE3FH008434','+7(925) 507-9202',NULL),(369,'Пчелинцев Дмитрий Евгеньевич','Skoda Rapid Седан Белый','Р306КЕ777','XW8AD2NH7EK101233','+7(903) 184-6188',NULL),(370,'ООО ВЕДУГА','Skoda Octavia Седан Желтый','МС10377','XW8AN2NEXKH017726','+7(999) 997-0099',NULL),(371,'Волков Андрей Геннадьевич','Mercedes GLC-klasse Хэтчбек Серебристый','Н009РС97','WDC2539841V207160','+7(985) 763-6837',NULL),(372,'Каштанов Дмитрий Игоревич','Skoda Superb Седан Серебристый','А367ХК164','TMBCE7NP4H7035401','+7(926) 800-5563',NULL),(373,'ООО ПРОММАШ ТЕСТ','Renault Sandero Хэтчбек Белый','У021СЕ799','X7L5SRMA464226683','+7(926) 888-1315',NULL),(374,'Назиров Рашид Вилданович','BMW X1 Хэтчбек Коричневый','Р844МТ116','X4XVP39480VP51085','+7(915) 324-0920',NULL),(375,'Юсупов Руслан Рашитович','BMW 4-series Купе Синий','Х444ВН99','WBS3R91000K452677','+7(965) 245-4545',NULL),(376,'Гаджиев Абдуразак Бухариевич ( Аслан )','Land Rover Range Rover Sport Внедорожник Белый','К001ТК99','SALLSAAE4CA738515','+7(909) 999-6905',NULL),(377,'Синельников Вадерий Владимирович','Mercedes C-klasse Седан Белый','М892РА799','WDD20500781R510009','+7(925) 517-3134',NULL),(378,'Щепин Никита Евгеньевич','LADA VESTA Седан Черный','О937АВ799','XNAGFL120JY114387','+7(965) 236-8259',NULL),(379,'Бессуднов Сергей Анатольевич','Audi Q7 Универсал Зеленый','Х346РО799','WAUZZZ4M8RD044044','+7(916) 136-0517',NULL),(380,'Вершинина Светлана Николаевна (Ольга)','MINI Cooper Хэтчбек Синий','С596ВС799','WMWXM510802H20505','+7(985) 613-4320',NULL),(381,'Еуриев Еаймураз Махарбекович (Василий)','Audi A5 Хэтчбек Черный','М765МУ777','WAUZZZ8T2FA029953','+7(905) 647-6787',NULL),(382,'Зайцев Михаил Викторович','Ford Kuga Хэтчбек Белый','А362ВС799','Z6FAXXESMAGL50821','+7(926) 539-9986',NULL),(383,'Горецкий Станислав Дмитриевич','Audi A6 Седан Темно-синий','О006ВР98','WUAZZZ4F6AN900344','+7(921) 941-6181',NULL),(384,'ООО М КРАН (Александр)','BMW 6-series Хэтчбек Серый','Н816СМ799','WBAJW81020BU65915','+7(915) 027-8739',NULL),(385,'ООО ОВЕРТАЙМ (Адам)','Mercedes E-klasse Седан Черный','Е818РН799','WDD2130801A700122','+7(903) 716-5544',NULL),(386,'Шевирев Александр Владимирович','Hyundai Solaris Хэтчбек Серый','Н244СР799','Z94CT51DBFR114193','+7(966) 318-9476',NULL),(387,'Машков Андрей Андреевич','Audi A4 Седан Серебристый','Н070СТ799','WAUZZZF40KA075982','+7(916) 862-4544',NULL),(388,'Бойкова Светлана Владимировна','Skoda Kodiaq Внедорожник Коричневый','Р111КА750','XW8JC4NS6LH408543','+7(985) 510-1555',NULL),(389,'Егоренков Александр Александрович','Opel Insignia Седан Черный','О324ММ199','XWFGT5ED1D0000435','+7(903) 534-3701',NULL),(390,'ООО ЗИММЕР СНГ','Volkswagen Touareg Внедорожник Черный','М321СК777','XW8ZZZ7PZG002135','+7(985) 922-1753',NULL),(391,'Лотырева Алла Анатольевна','Skoda Octavia Седан Серый','А687СТ799','XW8AN4NE2LH010296','+7(905) 588-7171',NULL),(392,'Лобачевский Юрий Мечиславович','Mercedes GLC-klasse Универсал Черный','М203НС799','WDC2539051V130292','+7(968) 977-6767',NULL),(393,'Демидова Марина Николаевна','BMW X4 Хэтчбек Белый','Р572ОВ799','X4XUJ19400LG64037','+7(916) 945-7982',NULL),(394,'Каспаров Олег Эдуардович','Porsche Cayenne Универсал Синий','В924ОЕ799','WP1ZZZ92ZDLA85681','+7(916) 277-6200',NULL),(395,'Еремеева Татьяна Валерьевна','KIA Rio Хэтчбек Черный','У589СН799','Z94C251BBLR081776','+7(916) 503-9747',NULL),(396,'АО МЕТАЛОКОМПЛЕКТ М (Никитин Юрий Константинович)','Toyota Camry Седан Черный','К800ОЕ799','XW7BF4HK80S136183','+7(985) 368-9002',NULL),(397,'Тельцова Елена Валерьевна (Василий)','Jeep Grand Cherokee Внедорожник Серый','А350ХУ750','JCRJFLG4JC187887','+7(968) 707-9686',NULL),(398,'Сапронова Вера Алексеевна (Андрей)','Porsche Cayenne Универсал Черный','Т931СО177','WP1ZZZ9PZ6LA85078','+7(977) 757-6340',NULL),(399,'Желина Алина Александровна','BMW 3-series Седан Черный','М700ОМ799','X4X3A594X05K82687','+7(925) 660-6512',NULL),(400,'ООО ДЦК (Сергей)','Hyundai Genesis Седан Черный','А764ОА799','KMHGN411DJU288162','+7(926) 134-0003',NULL),(401,'Савка Наталья (Дмитрий)','KIA Optima Седан Серый','Н399СТ799','XWEGN411BK0007304','+7(926) 207-6666',NULL),(402,'Лизингополучатель Добрынин Сергей Витальевич (Горностаев Сергей Иелович)','Mercedes E-klasse Седан Черный','Х647ОН799','WDD2130131A645760','+7(985) 477-6237',NULL),(403,'Солямова Адиля (Рушан)','BMW 5-series Седан Черный','О861КХ777','X4X5D39450D882957','+7(911) 626-1258',NULL),(404,'ООО Приоритет (Илья)','BMW 3-series Седан Серый','Х199ХТ750','WBA5V31050FY81568','+7(903) 216-1673',NULL),(405,'Макаров Станислав Иванович','Hyundai Matrix Хэтчбек Синий','М321УС190','NLYPN1DP9Z062660','+7(985) 995-7386',NULL),(406,'Амантышев Шабхоз Саидмуродович','BMW 3-series Седан Белый','К838ЕХ799','X4X8A594305K82093','+7(985) 904-1369',NULL),(407,'Попов Дмитрий Аркадьевич','Audi A4 Седан Коричневый','Р220ХМ777','WAUZZZF46HA121243','+7(968) 963-2388',NULL),(408,'Тарасова Марина Юрьевна','Volvo XC70 Универсал Черный','М702АМ777','YV1BZ6756E1178613','+7(905) 789-8534',NULL),(409,'Горин Александр Сергеевич','Mitsubishi Pajero Внедорожник Белый','К474ВК750','Z8TGYKH40DM046325','+7(909) 934-1026',NULL),(410,'Горовцов Алексей Валентинович','Cadillac Escalade Внедорожник Черный','ТЕ621Н77','XWFUK9EF1A0000309','+7(916) 451-4784',NULL),(411,'Григорьев Сергей Борисович','KIA Optima Седан Черный','Т272ВХ799','XWEGU411BJ0006233','+7(915) 208-7113',NULL),(412,'Григорьев Сергей Борисович','KIA Cerato Седан Черный','Н112МО799','XWEFZ417BJC003585','+7(915) 208-7113',NULL),(413,'Суворов Сергей Витальевич','Skoda Kodiaq Внедорожник Синий','Т456НХ799','XW8LD6NS0KH411728','+7(909) 974-6999',NULL),(414,'Илютин Александр Сергеевич','Mazda 3 Хэтчбек Синий','У228СЕ197','JMZBK14Z271548409','+7(903) 011-3857',NULL),(415,'ЗАО ИПФ ПРОРЫВ (Сергей)','Lexus ES Седан Синий','А352АВ750','JTHB31`GS002066671','+7(915) 012-4848',NULL),(416,'Преснов Сергей Тудовдоржиевич','Suzuki Jimmi Универсал Черный','В839ТУ777','JSAFJB43V00647588','+7(903) 770-4717',NULL),(417,'Иваненко Вячеслав Николаевич','Audi A4 Седан Коричневый','У008ВЕ77','WAUZZZ8K7EA012443','+7(915) 188-5631',NULL),(418,'Понада Ирина Владимировна (Дмитрий)','Audi A4 Универсал Синий','Р404КХ799','WAUZZZ8E45A571149','+7(995) 508-5161',NULL),(419,'Захаров Никита Анатольевич','Mercedes E-klasse Седан Белый','О298ОО44','WDD2383431F118011','+7(996) 930-6883',NULL),(420,'Асанов Андрей Васильевич','Renault Duster Универсал Белый','В941УХ750','X7LHSRHGD63576879','+7(917) 508-4655',NULL),(421,'Олышевский Николай Геннадьевич (Алексей)','Hyundai Elantra Седан Черный','Н293МТ150','KMHDU41BP8U638599','+7(905) 784-7320',NULL),(422,'Камышников Антон Сергеевич (Никита)','BMW X5 Универсал Черный','М911УТ750','WBSKT610300C88738','+7(926) 520-0555',NULL),(423,'Нужных Игорь Анатольевич','BMW 3-series Седан Белый','С441УР777','WBA8E31010K791192','+7(999) 972-1996',NULL),(424,'Юзефович Дмитрий Владимирович','BMW 3-series Седан Синий','Х073НР777','X4X3C39410P685163','+7(925) 795-1495',NULL),(425,'Грицай Олег Сергеевич','Volvo XC90 Внедорожник Коричневый','В979ТР197','YV1CM2457D1652313','+7(926) 265-0470',NULL),(426,'Солдатенков Илья Николаевич','Audi A6 Седан Черный','М290СТ799','XW8ZZZ4GXH028386','+7(903) 216-1288',NULL),(427,'Ульянова Татьяна Владимировна (Дмитрий)','BMW X1 Хэтчбек Синий','Р951НК799','WBA1R510707D53848','+7(964) 935-5095',NULL),(428,'Алексина Надежда Васильевна (Татьяна)','Mazda CX-9 Внедорожник Серый','А449СО799','RUMTBEWYA02003274','+7(903) 283-8444',NULL),(429,'Субботин Иван Владимирович','Renault Logan Седан Красный','А969КР190','X7LLSRB1HAH294147','+7(915) 115-8480',NULL),(430,'Никулина Мария Николаевна','Land Rover Range Rover Evoque Универсал Черный','Х027СС197','SALVA2DB8CH626954','+7(903) 611-6979',NULL),(431,'Жадаева Людмила Евгеньевна','Infiniti QX60 Внедорожник Синий','Р303НХ750','5N1CL0MM1EC503779','+7(905) 595-4777',NULL),(432,'Шапинян Давид Эдуардович (Роман)','BMW X6 Универсал Синий','А727РН97','WDSGZ01000LJ54609','+7(916) 626-1705',NULL),(433,'Горбенко Иван Михайлович','BMW 3-series Седан Черный','У043УТ197','X4X3B194X0J122977','+7(916) 382-1724',NULL),(434,'Горюнов Илья Вячеславович','Ssangyong Actyon Универсал Серый','Е280РУ197','Z8UA0A1SSC0009388','+7(916) 513-0479',NULL),(435,'Правдин Аркадий Александрович','Mercedes E-klasse Седан Синий','У475СХ777','WDD2130421A024961','+7(962) 979-1376',NULL),(436,'ООО РИТТАЛ (Сергей)','Ford Focus Хэтчбек Белый','В718ТВ777','Z6F5XXEEC5GA13619','+7(903) 251-1725',NULL),(437,'Ларионов Роман Витальевич','Audi A4 Седан Синий','Т680ОР799','WAUZZZF48KA040980','+7(968) 355-3807',NULL),(438,'Шульга Андрей Валерьевич','KIA Optima Седан Серый','М959НР799','XWEGW413BK0010700','+7(926) 377-6445',NULL),(439,'Турчин Никита Алексеевич','Skoda Kodiaq Универсал Белый','Р608КУ799','XW8LJNS4KH401611','+7(985) 179-2299',NULL),(440,'Прокопенко Наталья Александровна (Виктор)','BMW 7-series Седан Черный','М403ХТ750','X4X7V49440BX93683','+7(977) 270-3705',NULL),(441,'АВТОЛЮКС (Владимир)','Subaru Forester Универсал Светло-зеленый','Н830СК197','JF1SJ9LC5GG262289','+7(985) 768-2735',NULL),(442,'ООО АМЛ (Дмитрий)','KIA Cerato Седан Белый','Р931СТ799','XWEFX417BKC008323','+7(926) 912-1309',NULL),(443,'Скогорева Полина Александровна','KIA Sportage Хэтчбек Белый','В660РТ26','XWEPC811BD0019314','+7(968) 782-2228',NULL),(444,'Кагитин Дмитрий Олегович','BMW 5-series Седан Черный','А039ХУ750','X4X5A79490D363345','+7(909) 936-6669',NULL),(445,'ООО ЗАВОД ВОДОПРИПРИБОР (Андрей)','BMW 5-series Седан Синий','Н002КМ199','X4XJD194X0WF68313','+7(926) 989-0888',NULL),(446,'Орлов Павел Алексеевич','Mercedes C-klasse Седан Синий','Р714РН799','WDD2053431F416321','+7(916) 309-6972',NULL),(447,'Пахарева Галина Вячеславовна (Дмитрий)','Mercedes Viano Минивэн Черный','Н649ММ777','WDF83981313880713','+7(916) 600-6569',NULL),(448,'Жиронкин Андрей Сергеевич','KIA Optima Седан Черный','А676РЕ799','XWEGU413BK0010633','+7(965) 138-3823',NULL),(449,'Хрулев Владимир Cергеевич','Toyota Camry Седан Черный','Е680СЕ799','XW7BN50S107534','+7(905) 518-2921',NULL),(450,'Максимов Максим Геннадьевич (Иван)','BMW 5-series Хэтчбек Серый','М648КЕ799','WBASN21050C189339','+7(916) 968-2988',NULL),(451,'Мельников Андрей Владимирович','BMW 6-series Универсал Коричневый','О888НО197','WBAJV21020BH93306','+7(903) 726-2272',NULL),(452,'Попов Сергей Сергеевич','Subaru Forester Универсал Синий','Р614ВЕ199','JF1SG5LW48G14897','+7(916) 487-1452',NULL),(453,'Шутова Ольга Евгеньевна','Audi Q5 Универсал Синий','М329СУ799','WAUZZZFY3L2013846','+7(926) 559-8827',NULL),(454,'Макушин Илья Вадимович','BMW 3-series Седан Белый','О003УХ750','WBA5V71030FJ09660','+7(916) 494-5046',NULL),(455,'Шустова Наталья Михайловна','Mercedes GLC-klasse Универсал Черный','С039ВУ199','WDC2533191F753142','+7(910) 428-8339',NULL),(456,'Портнихина Татьяна Гаевна (Александр)','KIA Sportage Универсал Белый','К133НХ13','XWEPH81ADK0037664','+7(999) 010-6498',NULL),(457,'Цыпина Таисия Геннадьевна','Volkswagen Tiguan Универсал Белый','М660ОХ799','XW8ZZZ5NZG224839','+7(968) 842-3505',NULL),(458,'Благовидов Анатолий Сергеевич (Виктория)','Mercedes G-klasse Внедорожник Синий','Р999ВТ199','W1N4632601X339885','+7(916) 121-4383',NULL),(459,'Соболев Александр Сергеевич','Volkswagen Golf Хэтчбек Синий','Е834УР777','WVWZZZAUZHW122018','+7(964) 589-9015',NULL),(460,'Филатчев Павел Петрович (Сергей)','Mercedes GLE-klasse Внедорожник Белый','О801ВР799','WDC1660241B016996','+7(962) 363-2266',NULL),(461,'Возный Илья Павлович','Volkswagen Polo Седан Коричневый','О736УО750','XW8ZZZ61ZKG040665','+7(925) 901-0666',NULL),(462,'Герасимов Степан Анатольевич ( Данияр)','Toyota Camry Седан Белый','Е368ОВ799','XW7BF3HK10S129361','+7(965) 244-4646',NULL),(463,'Солямов Рушан Иматович','Hyundai Solaris Седан Белый','С649ХО777','Z94K241BBJR029123','+7(985) 487-3560',NULL),(464,'Никулин Эдуард Анатольевич (Александр)','Lexus LX Внедорожник Черный','А180ЕУ177','JTJHY00W604202492','+7(963) 648-1515',NULL),(465,'Каргапольцев Владислав Андреевич','BMW 3-series Седан Черный','Р230ХР197','WBAPN31000VH08588','+7(999) 799-1234',NULL),(466,'ФГБУ ЦЕНТРАНАЛИТИКИ ( Ермолин Сергей Юрьевич)','Toyota Camry Седан Черный','М268СУ799','XW7BFYHK40S148645','+7(965) 190-4391',NULL),(467,'Адуев Ганиль Шарапудинович','Toyota Camry Седан Черный','А067ЕР790','XW7BF3HKX0S142206','+7(915) 094-4566',NULL),(468,'Гуторов Георгий Александрович ( Дмитрий)','Hyundai Solaris Седан Черный','А400ОР799','Z94K241CBLR159650','+7(905) 518-1502',NULL),(469,'Лизингополучатель ООО МОНОЛИТ (Расул)','Lexus LX Внедорожник Черный','А060КО95','JTJC00W204011817','+7(989) 771-8888',NULL),(470,'Хваткова Ирина Викторовна (Владислав)','Mercedes CL-klasse Внедорожник Серый','А779ММ77','WDC1668241B41B026889','+7(926) 383-1222',NULL),(471,'Семигина Марина Юрьевна (Андрей)','Toyota Camry Седан Черный','Н837ХА197','JTNBFYFK403015805','+7(917) 546-4410',NULL),(472,'Журавицкий Александр Маркович','Mercedes E-klasse Седан Черный','Х125СК799','WDD2130421A123756','+7(962) 362-6000',NULL),(473,'Мосяев Антон Юрьевич','Toyota Camry Седан Черный','О598СЕ799','XW7BF3HK00S148189','+7(968) 731-0790',NULL),(474,'Кирас Александр Олегович','Mercedes GLE-klasse Универсал Синий','В777УР750','WDC2923241A129547','+7(985) 876-5958',NULL),(475,'Кравченко Наталья Юрьевна','BMW X1 Универсал Черный','М436ХР750','WBA11A00405P20998','+7(926) 557-1068',NULL),(476,'Точечный Дмитрий Борисович','Infiniti M Седан Белый','М761АТ77','Z8NBBNY51CS000384','+7(903) 795-4614',NULL),(477,'ООО \"ПАКПЛЮС\"','BMW X5 Внедорожник Черный','У400УО190','X4XCV69400LH66614','+7(916) 154-6116',NULL),(478,'Гудков','Audi A4 Седан Черный','О559КЕ77','WAUZZZ8K0DA157726','+7(963) 772-7282',NULL),(479,'Икаев Сергей Константинович','Audi Q8 Внедорожник Черный','М621СУ799','WAUZZZF15KD42948','+7(985) 761-0595',NULL),(480,'Кочетов Николай Александрович','Mazda CX-5 Хэтчбек Белый','М680ОТ199','JMZKE893800210308','+7(926) 236-5759',NULL),(481,'Комаров Денис Игоревич','Lexus RX Универсал Синий','М829ОХ799','JTJBAMCA602082013','+7(925) 500-2032',NULL),(482,'Вадясова Татьяна Александровна','Infiniti QX56 Внедорожник Серый','М428ММ197','Z8NJANZ62DS001024','+7(916) 847-7155',NULL),(483,'Прошиев Анатолий Тимофеевич','Hyundai Solaris Хэтчбек Черный','Е825ОВ777','Z94CT51CAFR144046','+7(966) 019-9990',NULL),(484,'Ливадченко Александр Александрович (Павел)','Land Rover Range Rover Sport Внедорожник Синий','К892ОС777','SALWA2EF4FA540916','+7(985) 763-8169',NULL),(485,'Комаров Денис Игоревич','Lexus RX Универсал Синий','М829ОХ799','JTJBAMCA602082013','+7(925) 500-2032',NULL),(486,'Иван','Lexus GX Внедорожник Черный','007','JTJJM7FX0B5031192','+7(916) 282-8223',NULL),(487,'Осипов Сергей Львович','Hyundai Creta Хэтчбек Синий','А292АН797','Z94G2813BLR234079','+7(915) 005-0498',NULL),(488,'Каргина Лариса','Volvo XC90 Внедорожник Серый темный','р737ра150','YV1CM714681484056','+7(903) 796-1027',NULL),(489,'ПОСТОЯННОЕ ПРЕДСТАВИТЕЛЬСТВО РЕСПУБЛИКИ АДЫГЕЯ ПРИ ПРЕЗИДЕНТЕ РФ (Жоров Николай Александрович)','Toyota Camry Седан Черный','Т189НК799','XW7BF4HKX0S126545','+7(928) 444-1516',NULL),(490,'Комаров Денис Игоревич','Lexus RX Универсал Синий','М829ОХ799','JTJBAMCA602082013','+7(925) 500-2032',NULL),(491,'Фролова Галина Аркадьевна','Audi A3 Седан Белый','Н471НС177','WAUZZZ8PXCA023428','+7(920) 322-1659',NULL),(492,'Александров Александр Николаевич','Jeep Grand Cherokee Внедорожник Черный','О076АМ77','1C4RJFCG9DC516040','+7(920) 322-1659',NULL),(493,'Лобанов Евгений Юрьевич','Nissan 5-series Универсал Черный','О654КО799','X4XNU55488CZ34763','+7(000) 000-0000',NULL),(494,'АБСОЛЮТ-ТЕХ (Михаил)','Mercedes E-klasse Седан Черный','У285СК799','WDD2130871A728857','+7(905) 736-0553',NULL),(495,'ООО ДОМООТДЕЛКА (Расул)','Toyota Camry Седан Черный','А838СТ799','XW7BF3HK30S151779','+7(925) 060-8410',NULL),(496,'Бузинов Владимир Сергеевич','Hyundai Solaris Седан Черный','Т175УК750','Z94K241CBLR145074','+7(910) 484-9669',NULL),(497,'Антонов Юрий Анатольевич','Mercedes M-klasse Внедорожник Черный','Н8787ХР777','WDC1660231A263609','+7(926) 161-7350',NULL),(498,'Бударина Людмила Александровна','Mazda CX-5 Седан Белый','В632СЕ799','RUMKEEWLA02056128','+7(977) 868-9971',NULL),(499,'Кузнецова Мария Алексеевна','MINI Countryman Универсал Серебристый','Н584РТ799','WMWYU110903L23972','+7(926) 928-4121',NULL),(500,'Михаил','Lexus RX Внедорожник Белый','С710РК77','SALYA2BX0JA739699','+7(905) 562-6477',NULL),(501,'Белов Николай Сергеевич','BMW 3-series Хэтчбек Черный','О976МК799','WBA8C510X0K634441','+7(926) 803-9975',NULL),(502,'Антонов Юрий Анатольевич','Mercedes X5 Внедорожник M-klasseЧерный','Н8787ХР777','WDC1660231A263609','+7(926) 161-7350',NULL),(503,'Боровков Никита Николаевич','Nissan Tiida Седан Золотистый','Х293РУ77','SJNFCAK12U1264800','+7(964) 594-9898',NULL),(504,'Антонов Юрий Анатольевич','Mercedes M Внедорожник Черный','Н8787ХР777','WDC1660231A263609','+7(926) 161-7350',NULL),(505,'Галдин Егор Анатольевич','BMW 1-series Седан Белый','Х982ЕХ799','WBA1R510907B15466','+7(903) 278-7327',NULL),(506,'Андреев Андрей Андреевич','BMW 4-series Купе Золотой','Т999ВН777','WBS3R910X0K320591','+7(111) 111-1111',NULL),(507,'Родин Иван Николаевич','Mercedes E-klasse Универсал Серебристый','В985КО799','WDB2102061B370631','+7(916) 445-4986',NULL),(508,'Демехин Андрей Васильевич','Mercedes M-klasse Внедорожник Коричневый','К952УР199','WDC1660551A561643','+7(985) 200-1888',NULL),(509,'Злобин Андрей Хайрулович','BMW 7-series Седан Черный','У090РВ799','WBA7V41000EM64025','+7(916) 916-6515',NULL),(510,'Гайдуков Сергей Михайлович','BMW 3-series Седан Черный','К162РК799','X4X8A594505K82354','+7(903) 783-7734',NULL),(511,'Дергачев Роман Иванович','Subaru Forester Универсал Серебристый','Е180СУ197','JF1SH9LT5BG243928','+7(903) 672-8042',NULL),(512,'Виталий','Ford Smart Седан MondeoБелый','Р626ВУ 799','Z6FDXXEECDHG36384','+7(925) 101-7006',NULL),(513,'Гусенкова Мария Олеговна(Михаил)','Land Rover Discovery Внедорожник Черный','М414АХ799','SALLAAAN6DA683274','+7(916) 737-4833',NULL),(514,'ООО ИНТЕГРИРОВАННЫЕ ТРУБНЫЕ РЕШЕНИЯ И СЕРВИС','Skoda Kodiaq Внедорожник Белый','А729СО799','XW8JC4NS7LH406977','+7(977) 109-7600',NULL);
/*!40000 ALTER TABLE `clientele` ENABLE KEYS */;
UNLOCK TABLES;

--
-- Table structure for table `expenses`
--

DROP TABLE IF EXISTS `expenses`;
/*!40101 SET @saved_cs_client     = @@character_set_client */;
/*!40101 SET character_set_client = utf8 */;
CREATE TABLE `expenses` (
  `id` int(11) NOT NULL AUTO_INCREMENT,
  `name` varchar(255) COLLATE utf8_unicode_ci NOT NULL,
  `amount` double NOT NULL,
  `type` tinyint(1) DEFAULT NULL,
  `date` datetime NOT NULL,
  `comment` longtext COLLATE utf8_unicode_ci NOT NULL,
  PRIMARY KEY (`id`)
) ENGINE=InnoDB AUTO_INCREMENT=139 DEFAULT CHARSET=utf8 COLLATE=utf8_unicode_ci;
/*!40101 SET character_set_client = @saved_cs_client */;

--
-- Dumping data for table `expenses`
--

LOCK TABLES `expenses` WRITE;
/*!40000 ALTER TABLE `expenses` DISABLE KEYS */;
INSERT INTO `expenses` VALUES (2,'Вода',820,0,'2019-09-09 10:00:00','покупка воды кулер'),(3,'Химия',10000,0,'2019-09-11 10:00:00','женя керамика'),(4,'Туалетная бумага',170,0,'2019-09-12 15:00:00','покупка туалетной бумаги'),(5,'Хоз нужды',875,0,'2019-09-05 10:00:00','кофе чай туалетная бумага'),(6,'Антидождь',630,0,'2019-09-01 10:00:00','антидождь бюджет'),(7,'фен',2550,0,'2019-09-15 11:11:00','фен для тонировки'),(8,'Фери',100,0,'2019-09-16 11:11:00','фери'),(9,'Щетки',136,0,'2019-09-15 11:41:00','щетки для детейлинга'),(10,'хоз нужды',722,0,'2019-09-15 11:11:00','чай кофе конфеты'),(11,'Салфетки бумажные (ПРОВЕРИТЬ!)',1305,0,'2019-09-15 11:11:00','Салфетки бумажные проверить по безналу'),(12,'Керамика Titanium 2шт',10000,0,'2019-09-21 21:00:00','прод Федоренко'),(13,'Талоны мойка',6000,0,'2019-09-21 10:00:00','мини'),(14,'Уборка помещ  №1',15000,0,'2019-09-20 10:00:00','Володя'),(15,'З.п менеджер Рома',3000,0,'2019-09-21 11:00:00','Расчет. Уволен'),(16,'Полик SUN TEK PPF  3м/п',17600,0,'2019-09-19 16:00:00','прод. Дима полик'),(17,'сахар +++',350,0,'2019-09-21 12:00:00','--'),(18,'Домен',800,0,'2019-09-22 21:00:00','Оплата домена'),(19,'Полик велар',27570,0,'2019-09-20 11:11:00','Оплата диме за материал 4,7м suntek'),(20,'Вода',820,0,'2019-09-23 14:11:00','Покупка воды (кулер)'),(21,'Дима бокс №6',500,0,'2019-09-23 10:00:00','с/у щитка приборов VW Transporter'),(22,'масютин ЗП',2000,0,'2019-09-24 11:11:00','зп управляющему'),(23,'хоз нужды',500,0,'2019-09-26 11:11:00','хоз нужды'),(24,'Доставка',400,0,'2019-09-27 16:00:00','Оплата такси пленка люмар'),(25,'Ремонт полировочной машинки рупис',600,0,'2019-09-30 12:00:00','Выпресовка подшипников'),(26,'Перегородка в клиетскую + мебель.',29000,0,'2019-09-29 15:00:00','покупка . Александр +79250012300\r\nугрешкая 2'),(27,'Покупка кофе для кофеварки',2100,0,'2019-09-30 12:00:00','Привозил Ярочкин 2 раза'),(28,'Оплата карп. телефонов 2',1100,0,'2019-09-30 17:00:00','6655 и 6600'),(29,'VDA Shop',900,0,'2019-10-03 16:40:00','Закупка материалов'),(30,'Реклама фейсбук',9513,0,'2019-10-03 20:00:00','оплатил Дима'),(31,'Пленка на стены',5430,0,'2019-10-03 20:00:00','Бокс 2'),(32,'Suntek ppf 2 метра погонных',11732,0,'2019-10-04 11:11:00','продал дима полик'),(33,'Аквапель 2 шт',1000,0,'2019-10-04 11:11:00','продал субботин'),(35,'Вода',820,0,'2019-10-08 10:00:00','вода кулер'),(36,'Антидождь АКВАПЕЛЬ',1000,0,'2019-10-07 10:00:00','Продал Субботин'),(37,'Керамика Титаниум',10000,0,'2019-10-09 19:00:00','продал Федоренко'),(38,'Керамика CARPRO',6830,0,'2019-10-07 17:00:00','Покупка в лератоне'),(39,'зарплата PDR',3000,0,'2019-10-07 14:00:00','максим з/п'),(40,'Керамика Titanium 1 шт',5000,0,'2019-10-16 21:00:00','Продал  Федоренко'),(41,'Стиральная машина',3000,0,'2019-10-19 20:00:00','продал Субботин'),(42,'Жидкое стекло (Gyeon pro) 2шт',17000,0,'2019-10-18 15:00:00','Артем купил через своих'),(43,'Турбина для пылесоса',2200,0,'2019-10-18 15:00:00','Заказал Артем'),(44,'Установка камер набл',30000,0,'2019-10-25 15:00:00','Установщик Дмитрий'),(45,'Мойка авто',10000,0,'2019-10-23 11:11:00','мойка'),(46,'Вода',820,0,'2019-10-22 10:00:00','вода в кулер'),(47,'Пленка жел.+черн. + логотип',1800,0,'2019-10-26 19:20:00','Купил Дима'),(48,'Ремонт помещения',326429,0,'2019-10-26 23:00:00','Вова полуиил за ремонт + материалы'),(49,'Дотация З.П.  Монахов',13260,0,'2019-10-26 21:00:00','Получил Монахов с 15.09 по 15.10'),(50,'Лампы на пост №3',5196,0,'2019-10-26 19:00:00','Купил Дима'),(51,'Батарейки укрывашки',1000,0,'2019-10-23 11:11:00','тонировка покупал монахов'),(52,'Программа',60000,0,'2019-10-27 11:11:00','программа'),(53,'яндекс карты',62370,0,'2019-10-27 11:11:00','яндекс карты'),(56,'Офис',550,0,'2019-10-28 11:11:00','хоз нужды'),(57,'Корпаратив',3800,0,'2019-10-29 19:00:00','Подарок Субботину на свадьбу'),(58,'безнал',741267,1,'2019-10-31 22:00:00','расходы по безналу за октябрь'),(59,'Расходы по безналу',591041,1,'2019-09-30 22:00:00','безнал расходы за сентябрь'),(60,'ЗП Артем Коновалов',73320,0,'2019-10-31 11:11:00','зп за 25.09.2019-31.10.2019'),(61,'Полик Ultra vis Гибрд',3200,0,'2019-11-01 19:00:00','Купил Козлов'),(62,'Оклейка стекол образц. офис',1200,0,'2019-11-01 12:00:00','получил Козлов'),(63,'Химия для мотора',3700,0,'2019-11-01 20:00:00','Продал Субботин'),(64,'Оплата корп. тел.',1100,0,'2019-11-02 10:00:00','Оплата за ноябрь'),(65,'Вытеснитель влаги',378,0,'2019-11-03 20:00:00','Продал Субботин'),(66,'Затраты офис Комус',480,0,'2019-11-03 12:00:00','покупал Коновалов'),(67,'Вода',850,0,'2019-11-07 10:00:00','Вода офис'),(68,'Ремонт макиты',4800,0,'2019-11-12 12:00:00','Отдавал в ремонт Субботин'),(69,'Батарейки',137,0,'2019-11-12 12:00:00','покупал Коновалов'),(70,'Sun tek PPF  2м',11732,0,'2019-11-12 13:00:00','Продал Маркушин Дмитий'),(71,'Установка датчиков пожарки',1000,0,'2019-11-13 11:00:00','ДВА ДАТЧИКА НА ПРИЕМКЕ'),(72,'Ремонт щитка а3',1000,0,'2019-11-13 23:12:00','оплата денису'),(73,'Фейсбук',10000,0,'2019-11-13 23:21:00','дима фейсбук реклама'),(74,'хоз нужды',200,0,'2019-11-14 09:00:00','Офис'),(75,'Керамика Titanium 1 шт',5000,0,'2019-11-14 21:00:00','Продал Федоренко'),(76,'Оплата рекламы яндекс',50000,0,'2019-11-18 22:18:00','оплата рекламы с креарт. компенсация'),(77,'Тряпка на швабру  2 шт',500,0,'2019-11-18 18:00:00','Купила уборщица'),(78,'Фери',55,0,'2019-11-19 17:00:00','Купил Артем'),(79,'Офис .Ручки и т.д.',270,0,'2019-11-19 17:00:00','Купил Артем'),(80,'Магазин Метро',11521,0,'2019-11-19 20:00:00','Два  чека за 14.09  4515 + 7006\r\nЗабыл внести'),(81,'Материалы ВДА Круги.Оранж .брызгал',4828,0,'2019-11-20 10:00:00','Пкупал Субботин'),(82,'Вода',820,0,'2019-11-20 10:00:00','---'),(83,'Уборка помещения',22500,0,'2019-11-20 19:00:00','получил'),(84,'ОТК вод S MB 221',4000,0,'2019-11-23 14:00:00','111'),(85,'хоз нужды',3000,0,'2019-11-25 10:00:00','Лезвия. спирт. Покупал Коновалов'),(86,'хоз нужды',250,0,'2019-11-25 21:00:00','Уборка помещения'),(87,'Реклама яндекс',30000,0,'2019-11-26 21:00:00','Оплатил Креарт'),(88,'Оплата Тонеров сайт 1 год',3500,0,'2019-11-26 21:00:00','Оплатил Дима'),(89,'Реклама фейсбук',6500,0,'2019-11-26 21:00:00','Оплатил Дима'),(90,'хоз нужды офис',500,0,'2019-11-26 21:00:00','купил ВВ'),(91,'Расходы безнал (ноябрь 2019)',511208,1,'2019-11-30 21:00:00','Расходы по банку за ноябрь 2019'),(92,'ЗП  Коновалов ноябрь',57500,0,'2019-11-30 21:00:00','ЗП  Коновалов ноябрь'),(93,'ЗП Арбузов Даниил',12000,0,'2019-11-30 21:00:00','С 22.11 - 30.12'),(94,'Вода',820,0,'2019-12-07 10:00:00','Офис'),(95,'Реклама инстограм',8000,0,'2019-12-07 10:00:00','3000+5000'),(96,'Реклама Креарт',30000,0,'2019-12-07 10:00:00','Дима'),(97,'Тел корп.',1100,0,'2019-12-07 10:00:00','550+550'),(98,'Тел Тонеров',300,0,'2019-12-07 10:00:00','Оплатил ВВ'),(99,'Реклама Креарт',20000,0,'2019-12-08 21:00:00','Взял Дима'),(101,'Инструмент Д\\ тонировки',1714,0,'2019-12-10 21:00:00','Покупал ВВ'),(102,'хоз нужды',225,0,'2019-12-10 21:00:00','Покупал ВВ'),(103,'Ремонт руписа',2400,0,'2019-12-12 21:00:00','Отдавал и принимал Артем'),(104,'хоз нужды',870,0,'2019-12-12 21:00:00','Офис'),(105,'ЗП Арбузов Даниил',16387,0,'2019-12-13 21:00:00','зп арбузов декабрь'),(106,'Уборка помещения',22500,0,'2019-12-20 13:00:00','Володя'),(107,'хоз нужды',500,0,'2019-12-16 21:00:00','кофе'),(108,'хоз нужды',600,0,'2019-12-19 21:00:00','заправка картриджа'),(109,'Реклама',44500,0,'2019-12-23 13:28:00','Погашение задолженности перед креарт. (Остаток 120500) последний счет от 13.12'),(110,'Шнур тройник',250,0,'2019-12-21 11:11:00','шнур'),(111,'Реклама инстаграм',10000,0,'2019-12-23 13:35:00','Реклама инстаграм+фейсбук'),(112,'Реклама',27750,0,'2019-12-23 14:00:00','Возврат денег креарт на рекламу (92750) последний счет от 13.12'),(113,'Инструмент детейлинг',3800,0,'2019-12-25 19:00:00','2 калориф, дампа,хомуты'),(115,'Вода',820,0,'2019-12-25 19:00:00','офис'),(116,'новогодний корпоратив',3680,0,'2019-12-25 19:00:00','новый год.продукты+ мангал'),(117,'росходы офис',1050,0,'2019-12-25 19:00:00','кофе ,бумага'),(118,'Мойка авто',8400,0,'2019-12-26 13:00:00','Тотем 2400\\ мини 6000'),(119,'хоз нужды',279,0,'2019-12-27 13:00:00','Офис\\ кофе'),(120,'Полиуретан SUN TEK',11730,0,'2019-12-28 11:11:00','покупка 2х погонных метров у Димы (3квМ)'),(121,'ЗП  Коновалов декабрь',25000,0,'2019-12-30 21:00:00','Долг 32500 до 05.02'),(122,'Подарок охрана',1500,0,'2019-12-30 22:00:00','Боря'),(123,'Корпаратив.тел.',1100,0,'2019-12-30 21:00:00','2 телефона (была сумма 3000 дима уменьшил до 1100 (550+550) тк был занесен личный телефон)'),(124,'Расходы по безналу (декабрь)',457157,1,'2019-12-31 21:00:00','Расходы по безналу (декабрь)'),(125,'Подарок Евгению Федоренко ДР',1332,0,'2019-12-31 21:00:00','Подарок федоренко наушники 666+666'),(126,'Уборка помещения',350,0,'2020-01-07 21:51:00','Оплата Вове за средства для уборки'),(127,'Вода',860,0,'2020-01-10 12:00:00','Кулер'),(128,'Покупка  материалов',900,0,'2020-01-12 10:00:00','Укрывашки 6шт.'),(129,'хоз нужды',4500,0,'2020-01-13 20:00:00','Володя строит. батарея в клиент.'),(130,'Titanium  керамика',5000,0,'2020-01-14 19:30:00','продал Федоренко'),(131,'Инструмент Д\\ тонировки',400,0,'2020-01-20 13:30:00','Рулетка'),(132,'Уборка помещения',22500,0,'2020-01-20 16:00:00','Володя'),(133,'Реклама инстограм',10000,0,'2020-01-21 21:00:00','Дима'),(134,'Вода',860,0,'2020-01-24 10:00:00','Офис расходы'),(135,'З.п менеджер Курбаков В.Е.',4000,0,'2020-01-25 21:00:00','ЗП  с 22.01 - 25.01'),(136,'Инструменты',400,0,'2020-01-26 22:22:00','Субботин круг зачистной'),(137,'Офис расходы',540,0,'2020-01-26 22:22:00','кофе офис'),(138,'Реклама Креарт',92750,0,'2020-01-26 22:22:00','Возврат денег креарт на рекламу (92750 погашены остаток 0) последний счет от 13.12');
/*!40000 ALTER TABLE `expenses` ENABLE KEYS */;
UNLOCK TABLES;

--
-- Table structure for table `manager_orders`
--

DROP TABLE IF EXISTS `manager_orders`;
/*!40101 SET @saved_cs_client     = @@character_set_client */;
/*!40101 SET character_set_client = utf8 */;
CREATE TABLE `manager_orders` (
  `id` int(11) NOT NULL AUTO_INCREMENT,
  `order_id` int(11) DEFAULT NULL,
  `openprice` double DEFAULT NULL,
  `closeprice` double DEFAULT NULL,
  `worker_id` int(11) DEFAULT NULL,
  PRIMARY KEY (`id`),
  KEY `IDX_230AFB9C6B20BA36` (`worker_id`),
  KEY `IDX_230AFB9C8D9F6D38` (`order_id`),
  CONSTRAINT `FK_230AFB9C6B20BA36` FOREIGN KEY (`worker_id`) REFERENCES `workers` (`id`),
  CONSTRAINT `FK_230AFB9C8D9F6D38` FOREIGN KEY (`order_id`) REFERENCES `orders` (`id`)
) ENGINE=InnoDB AUTO_INCREMENT=871 DEFAULT CHARSET=utf8 COLLATE=utf8_unicode_ci;
/*!40101 SET character_set_client = @saved_cs_client */;

--
-- Dumping data for table `manager_orders`
--

LOCK TABLES `manager_orders` WRITE;
/*!40000 ALTER TABLE `manager_orders` DISABLE KEYS */;
INSERT INTO `manager_orders` VALUES (119,78,0,0,15),(120,79,0,0,15),(121,80,0,0,15),(122,81,NULL,0,15),(123,81,NULL,0,15),(124,82,0,0,15),(125,83,0,0,15),(126,84,0,0,15),(127,85,0,0,15),(128,86,0,0,15),(129,87,0,0,15),(130,88,0,0,15),(132,90,0,0,15),(133,91,0,0,15),(134,92,0,0,15),(135,93,0,0,15),(136,93,0,0,15),(137,93,0,0,15),(138,93,0,0,15),(139,93,0,0,15),(140,94,0,0,15),(141,95,0,NULL,15),(143,95,0,NULL,15),(144,95,0,NULL,15),(145,95,0,NULL,15),(146,95,0,NULL,15),(150,97,0,0,15),(151,98,0,0,15),(152,98,0,0,15),(153,98,0,0,15),(154,98,0,0,15),(155,98,0,0,15),(156,98,0,0,15),(157,98,0,0,15),(158,99,0,0,15),(159,100,0,0,15),(160,101,0,0,15),(161,102,0,0,15),(163,104,0,0,15),(164,105,0,0,15),(165,106,0,0,15),(166,107,0,0,15),(167,108,0,0,15),(168,109,0,0,15),(169,110,0,0,15),(170,111,0,0,15),(171,112,0,0,15),(172,113,0,0,15),(173,114,0,0,15),(174,115,0,0,15),(175,116,0,0,15),(176,117,0,0,15),(177,118,0,0,15),(178,119,0,0,15),(179,120,0,0,15),(180,121,0,0,15),(181,122,0,0,15),(182,123,0,0,15),(183,124,0,0,15),(184,125,0,0,15),(185,126,0,0,15),(186,127,0,0,15),(187,128,0,0,15),(188,129,0,0,15),(189,130,0,0,15),(191,132,0,0,15),(192,133,0,0,15),(194,135,0,0,15),(195,136,0,0,15),(196,137,0,0,15),(197,138,0,0,15),(199,140,0,0,15),(200,141,0,0,15),(201,142,0,0,15),(202,143,0,0,15),(204,145,0,0,15),(205,146,0,0,15),(206,147,0,0,15),(207,148,0,0,15),(208,149,0,0,15),(210,151,0,0,15),(211,152,0,0,15),(212,153,0,0,15),(213,154,0,0,15),(214,155,0,0,15),(215,156,0,0,15),(216,157,0,0,15),(217,158,0,0,15),(218,159,0,0,15),(219,160,0,0,15),(220,161,0,0,15),(221,162,0,0,15),(222,163,0,0,15),(223,164,0,0,15),(224,165,0,0,15),(225,166,0,0,15),(226,167,0,0,15),(227,168,0,0,15),(228,169,0,0,15),(229,170,0,0,15),(230,171,0,0,15),(231,172,0,0,15),(232,173,0,0,15),(233,174,0,0,15),(234,175,0,0,15),(235,175,0,0,15),(236,175,0,0,15),(237,176,0,0,15),(238,177,0,0,15),(239,178,0,0,15),(240,179,0,0,15),(241,180,0,0,15),(242,181,0,0,15),(243,182,0,0,15),(244,183,0,0,15),(245,184,0,0,15),(246,185,0,0,15),(247,186,0,NULL,15),(248,187,0,0,15),(249,188,0,0,15),(250,189,0,0,15),(251,190,0,0,15),(252,191,0,0,15),(253,192,0,0,15),(254,193,0,0,15),(255,194,0,0,15),(256,195,0,0,15),(258,196,NULL,0,24),(259,196,0,NULL,15),(260,197,0,0,15),(261,198,0,0,24),(262,199,0,0,24),(263,200,0,0,24),(264,201,0,NULL,24),(265,186,NULL,0,24),(266,202,0,0,24),(267,203,0,0,24),(268,204,0,0,24),(269,205,0,0,24),(270,206,0,0,24),(271,207,0,0,24),(272,208,0,0,24),(273,209,NULL,0,15),(274,209,NULL,0,15),(275,210,0,0,15),(276,211,0,0,15),(277,212,0,0,15),(278,213,0,0,24),(279,214,0,0,24),(280,215,0,0,24),(281,216,0,0,24),(282,217,0,0,24),(283,201,NULL,0,15),(284,218,0,0,15),(285,218,0,0,15),(286,219,0,0,24),(287,218,0,0,15),(288,220,0,0,24),(289,221,0,0,24),(290,218,0,0,15),(291,222,0,0,24),(292,223,0,0,24),(293,224,0,0,24),(294,225,0,0,24),(295,226,0,0,24),(296,227,0,0,24),(297,228,0,0,24),(298,229,0,0,24),(299,218,0,0,15),(300,218,0,0,15),(301,218,0,0,15),(302,230,0,0,15),(303,231,0,0,15),(304,218,0,0,15),(305,232,0,0,15),(306,233,0,0,15),(307,234,NULL,0,15),(308,234,NULL,0,15),(309,235,0,0,15),(310,236,0,0,15),(311,237,0,0,15),(312,238,0,0,15),(313,239,0,0,15),(314,240,0,0,15),(315,241,0,0,15),(316,242,0,0,15),(317,243,0,0,15),(318,243,0,0,15),(319,243,0,0,15),(320,244,0,0,24),(321,245,0,0,24),(322,246,0,0,24),(323,247,0,0,24),(324,248,0,0,24),(326,250,0,0,24),(327,251,0,0,24),(328,252,0,0,24),(329,253,0,0,24),(330,254,0,0,24),(331,255,0,0,24),(332,256,0,0,24),(333,257,0,0,24),(334,258,0,NULL,24),(335,258,0,NULL,24),(336,258,0,NULL,24),(337,258,0,NULL,24),(339,260,0,0,24),(340,261,0,0,24),(341,262,0,0,24),(342,263,0,0,24),(343,258,0,NULL,24),(344,264,0,0,15),(345,265,0,0,15),(346,266,0,0,15),(347,264,0,0,15),(348,264,0,0,15),(349,267,0,0,15),(350,267,0,0,15),(351,267,0,0,15),(352,268,0,0,15),(353,269,0,NULL,15),(354,270,0,0,15),(355,271,0,NULL,15),(356,272,0,0,15),(357,269,0,NULL,15),(358,271,0,NULL,15),(359,269,0,NULL,15),(360,269,0,NULL,15),(361,273,0,0,15),(362,263,0,0,24),(363,263,0,0,24),(364,274,0,0,24),(365,263,0,0,24),(366,275,0,0,24),(367,276,0,0,24),(368,277,0,0,24),(369,278,0,0,24),(370,263,0,0,24),(371,263,0,0,24),(372,279,0,0,24),(373,280,0,0,24),(374,281,0,0,24),(375,282,0,0,24),(376,283,0,NULL,24),(377,284,0,0,24),(378,285,0,0,24),(379,286,0,0,24),(380,287,0,0,24),(381,288,0,0,24),(382,290,0,0,15),(383,289,0,0,15),(384,291,0,0,15),(385,291,0,0,15),(386,291,0,0,15),(387,292,0,0,15),(388,293,0,0,15),(390,283,NULL,0,15),(391,295,0,0,15),(392,296,0,0,15),(393,296,0,0,15),(394,296,0,0,15),(395,297,0,0,15),(396,297,0,0,15),(397,297,0,0,15),(398,298,0,NULL,24),(399,299,0,0,24),(400,300,0,0,24),(401,301,0,0,24),(402,302,0,0,24),(403,296,0,0,15),(404,303,0,0,24),(405,304,0,0,24),(406,305,0,0,24),(407,306,0,0,24),(408,307,0,0,24),(409,308,0,0,24),(410,309,0,0,24),(411,310,0,0,24),(412,311,0,0,24),(413,312,0,0,24),(414,313,0,0,24),(415,314,0,0,15),(416,298,NULL,0,15),(417,315,0,0,15),(418,316,0,0,15),(419,317,0,0,15),(420,318,0,0,15),(421,319,0,0,15),(422,320,0,0,15),(423,321,0,0,15),(424,322,0,0,15),(425,322,0,0,15),(426,322,0,0,15),(427,323,0,0,24),(428,324,0,0,24),(429,325,0,NULL,24),(430,326,0,0,24),(431,327,0,0,24),(432,328,0,0,24),(433,329,0,0,24),(434,330,0,0,24),(435,331,0,0,24),(436,332,0,0,24),(437,333,0,0,24),(438,334,0,0,24),(439,335,0,0,24),(440,336,0,0,24),(441,322,0,0,15),(442,337,0,0,24),(443,338,0,0,24),(444,339,0,0,24),(445,340,NULL,0,15),(446,340,NULL,0,15),(447,341,0,0,15),(448,342,0,0,15),(449,343,0,0,15),(450,344,0,0,15),(451,345,0,0,15),(452,346,0,0,15),(453,347,0,0,15),(454,348,0,0,15),(455,325,NULL,0,15),(456,349,0,0,15),(457,350,0,0,15),(458,351,0,0,15),(459,352,0,0,15),(460,352,0,0,15),(461,353,0,0,24),(462,354,0,0,24),(463,355,0,0,24),(464,356,0,0,24),(465,357,0,0,24),(466,358,0,0,24),(467,359,0,0,24),(468,360,0,0,24),(469,361,0,0,24),(470,362,0,0,24),(471,363,0,NULL,24),(472,364,0,0,24),(473,365,0,0,24),(474,366,0,0,24),(475,367,0,0,24),(476,368,0,0,24),(477,369,0,0,24),(478,352,0,0,15),(479,370,0,0,24),(480,371,0,0,24),(481,372,0,0,24),(482,351,0,0,15),(483,351,0,0,15),(484,373,0,0,24),(485,363,0,NULL,24),(486,363,0,NULL,24),(487,363,0,NULL,24),(488,374,0,0,15),(489,363,0,NULL,24),(490,375,0,0,15),(491,363,0,NULL,24),(492,363,0,NULL,24),(493,363,0,NULL,24),(494,376,0,0,15),(495,377,0,0,15),(496,378,0,NULL,15),(497,378,0,NULL,15),(498,379,0,0,15),(499,380,0,0,15),(500,381,0,NULL,15),(501,378,0,NULL,15),(502,378,0,NULL,15),(503,382,0,0,15),(504,382,0,0,15),(505,382,0,0,15),(506,363,0,NULL,24),(507,363,0,NULL,24),(508,382,0,0,15),(509,383,0,0,15),(510,378,0,NULL,15),(511,361,0,0,24),(512,361,0,0,24),(513,378,0,NULL,15),(514,378,0,NULL,15),(515,384,0,0,24),(516,361,0,0,24),(517,385,0,0,24),(518,386,0,0,24),(519,378,0,NULL,15),(520,378,0,NULL,15),(521,363,0,NULL,24),(522,363,0,NULL,24),(523,361,0,0,24),(524,387,0,0,24),(525,381,NULL,0,24),(526,388,0,NULL,24),(527,389,0,0,24),(528,390,0,0,24),(529,391,0,0,24),(530,392,0,0,24),(531,361,0,0,24),(532,361,0,0,24),(533,388,0,NULL,24),(534,361,0,0,24),(535,361,0,0,24),(536,393,0,0,24),(537,394,0,0,24),(538,361,0,0,24),(539,395,0,0,24),(540,396,0,0,24),(541,397,0,0,24),(542,398,0,0,24),(543,399,0,0,24),(544,400,0,0,24),(545,401,0,0,24),(546,402,0,0,24),(547,403,0,0,24),(548,404,0,NULL,24),(549,405,0,0,24),(550,406,0,0,15),(551,407,0,0,15),(552,408,0,0,15),(554,410,0,0,15),(555,411,0,0,15),(556,404,NULL,0,15),(557,412,0,0,15),(558,413,0,0,24),(559,414,0,0,24),(560,415,0,0,24),(561,416,0,0,24),(562,417,0,0,24),(563,418,0,0,24),(564,419,0,0,24),(565,420,0,0,24),(566,421,0,0,24),(567,422,0,0,24),(568,423,0,0,24),(569,424,0,0,24),(571,426,0,0,24),(572,427,0,0,24),(573,428,0,0,24),(574,429,0,0,24),(575,430,0,0,24),(576,431,0,0,24),(577,432,0,0,15),(578,433,0,0,15),(579,434,0,0,15),(580,435,0,0,15),(581,436,0,0,15),(582,437,0,0,15),(583,438,0,0,15),(584,439,0,0,15),(585,440,0,NULL,15),(586,441,0,0,15),(587,440,0,NULL,15),(588,440,0,NULL,15),(589,442,0,0,15),(590,443,0,0,15),(591,444,0,0,15),(592,445,0,0,15),(593,446,0,0,15),(594,447,0,0,15),(595,448,0,0,24),(596,449,0,0,24),(598,451,0,0,24),(599,452,0,0,24),(600,453,0,0,24),(601,454,0,0,24),(602,455,0,0,24),(603,456,0,0,24),(604,457,0,0,24),(605,458,0,0,24),(606,459,0,0,24),(607,460,0,0,24),(608,461,0,0,24),(609,462,0,0,24),(610,463,0,0,24),(611,464,0,0,24),(612,440,0,NULL,15),(613,440,0,NULL,15),(614,440,0,NULL,15),(615,465,0,0,24),(616,466,0,0,24),(617,467,0,0,24),(618,468,0,0,24),(619,469,0,0,24),(620,440,0,NULL,15),(621,440,0,NULL,15),(622,440,0,NULL,15),(623,440,0,NULL,15),(624,470,0,0,24),(625,471,0,0,15),(626,472,0,0,15),(627,473,0,NULL,15),(628,473,0,NULL,15),(629,473,0,NULL,15),(630,474,0,0,15),(631,475,0,0,15),(632,476,0,0,15),(633,477,0,0,15),(634,478,0,0,15),(635,479,0,0,15),(636,480,0,0,15),(637,473,0,NULL,15),(638,473,0,NULL,15),(639,465,0,0,24),(640,481,0,0,15),(641,482,0,0,15),(642,483,0,0,24),(643,473,0,NULL,15),(644,473,0,NULL,15),(645,484,0,0,24),(646,485,0,0,24),(647,486,0,0,24),(648,487,0,0,24),(649,488,0,0,24),(650,489,0,0,24),(651,490,0,0,24),(652,491,0,0,24),(653,465,0,0,24),(654,465,0,0,24),(655,492,0,0,24),(656,493,0,0,24),(657,494,0,0,24),(658,495,0,0,24),(659,496,0,0,24),(660,497,0,0,24),(661,498,0,0,15),(662,499,0,0,15),(663,500,0,0,24),(664,501,0,0,24),(665,502,0,0,24),(666,503,0,0,24),(667,504,0,0,24),(668,505,0,0,24),(669,506,0,0,24),(670,507,0,0,24),(671,508,0,0,24),(672,509,0,0,24),(673,510,0,0,24),(674,511,0,0,24),(675,512,0,0,24),(676,513,0,0,24),(677,514,0,0,24),(678,515,0,0,24),(679,516,0,0,24),(680,517,0,0,24),(681,518,0,0,24),(682,519,0,0,15),(683,520,0,0,15),(684,521,0,0,15),(685,522,0,0,15),(686,523,0,0,15),(687,524,0,0,15),(689,526,0,0,15),(690,526,0,0,15),(691,526,0,0,15),(692,526,0,0,15),(693,527,0,0,15),(694,528,0,0,15),(695,528,0,0,15),(696,528,0,0,15),(697,529,0,0,15),(698,530,0,0,15),(699,529,0,0,15),(700,527,0,0,15),(701,526,0,0,15),(702,528,0,0,15),(703,527,0,0,15),(704,531,0,0,15),(706,532,0,0,24),(707,533,0,0,24),(708,529,0,0,15),(709,531,0,0,15),(710,531,0,0,15),(711,531,0,0,15),(712,534,0,0,24),(713,535,0,0,24),(714,536,0,0,24),(715,526,0,0,15),(716,526,0,0,15),(717,537,0,0,24),(718,538,0,0,24),(719,539,0,0,24),(720,540,0,NULL,24),(721,528,0,0,15),(727,543,0,0,24),(728,544,0,0,24),(729,545,0,0,24),(730,545,0,0,24),(731,545,0,0,24),(732,545,0,0,24),(733,545,0,0,24),(734,546,0,0,15),(735,547,0,0,15),(736,548,0,0,15),(737,540,NULL,0,15),(738,549,0,0,15),(739,550,0,0,15),(740,551,0,0,15),(741,552,0,0,15),(742,553,0,0,15),(743,554,0,0,15),(744,555,0,0,15),(745,556,0,0,15),(746,557,0,0,15),(747,558,0,0,15),(748,559,0,0,15),(749,560,0,0,15),(750,561,0,0,15),(751,562,0,0,15),(752,563,0,0,15),(753,564,0,0,15),(754,565,0,0,15),(755,566,0,0,15),(756,567,0,0,15),(757,568,0,0,15),(758,569,0,0,15),(759,570,0,0,15),(760,571,0,0,15),(761,572,0,0,15),(762,573,0,0,15),(763,574,0,0,15),(764,575,0,0,15),(765,576,0,0,15),(766,577,0,0,15),(768,579,0,0,15),(769,580,0,0,15),(770,581,0,0,15),(771,582,0,0,15),(772,583,0,0,15),(773,584,0,0,15),(774,585,0,0,15),(775,586,0,0,15),(776,587,0,0,15),(777,588,0,0,15),(778,589,0,0,15),(779,590,0,0,15),(780,591,0,0,15),(781,592,0,0,15),(782,593,0,0,15),(783,594,0,0,15),(784,595,0,0,15),(785,596,0,0,15),(786,597,0,0,15),(787,598,0,0,15),(788,599,0,0,15),(789,600,0,0,15),(790,601,0,0,15),(791,602,0,0,15),(792,603,0,0,15),(793,604,0,0,15),(794,605,0,0,15),(795,606,0,0,15),(796,607,0,0,15),(797,608,0,0,15),(798,609,0,0,15),(799,610,0,0,15),(800,611,0,0,15),(801,612,0,0,15),(802,613,0,0,15),(803,614,0,0,15),(804,615,0,0,15),(805,616,0,0,15),(806,617,0,0,15),(807,618,0,0,15),(808,619,0,0,15),(809,620,0,0,15),(810,621,0,0,15),(811,622,0,0,15),(812,623,0,0,15),(813,624,0,0,15),(814,625,0,0,15),(815,626,0,0,15),(816,627,0,0,15),(817,628,0,0,15),(818,629,0,0,15),(819,630,0,0,15),(820,631,0,0,15),(821,632,0,0,15),(822,633,0,0,15),(823,634,0,0,15),(825,636,0,0,15),(827,638,0,0,15),(828,639,0,0,15),(829,640,0,0,15),(830,641,0,0,15),(831,642,0,0,15),(832,643,0,0,15),(833,425,0,0,15),(834,644,0,0,15),(835,645,0,0,15),(836,646,NULL,0,15),(837,646,NULL,0,15),(838,647,0,0,15),(839,648,0,0,15),(840,649,0,0,15),(841,650,0,0,15),(842,651,0,0,15),(843,652,0,0,15),(844,653,0,0,15),(845,654,0,0,15),(846,655,0,0,29),(847,656,0,0,15),(848,657,0,0,15),(849,658,0,0,15),(850,659,0,0,15),(851,660,0,0,15),(852,661,0,0,15),(853,662,0,0,15),(854,663,0,0,15),(855,664,0,0,15),(856,665,0,0,15),(857,666,0,0,15),(859,668,0,0,15),(860,669,0,0,15),(861,670,NULL,0,29),(862,671,0,0,29),(863,672,0,0,29),(864,673,0,0,29),(865,674,0,0,29),(866,675,0,0,29),(867,676,0,0,29),(868,677,0,0,29),(869,678,0,0,29),(870,679,0,0,29);
/*!40000 ALTER TABLE `manager_orders` ENABLE KEYS */;
UNLOCK TABLES;

--
-- Table structure for table `manager_percent`
--

DROP TABLE IF EXISTS `manager_percent`;
/*!40101 SET @saved_cs_client     = @@character_set_client */;
/*!40101 SET character_set_client = utf8 */;
CREATE TABLE `manager_percent` (
  `id` int(11) NOT NULL AUTO_INCREMENT,
  `openpercent` double DEFAULT NULL,
  `closepercent` double DEFAULT NULL,
  `worker_id` int(11) DEFAULT NULL,
  PRIMARY KEY (`id`),
  KEY `IDX_DF7BB52F6B20BA36` (`worker_id`),
  CONSTRAINT `FK_DF7BB52F6B20BA36` FOREIGN KEY (`worker_id`) REFERENCES `workers` (`id`)
) ENGINE=InnoDB AUTO_INCREMENT=40 DEFAULT CHARSET=utf8 COLLATE=utf8_unicode_ci;
/*!40101 SET character_set_client = @saved_cs_client */;

--
-- Dumping data for table `manager_percent`
--

LOCK TABLES `manager_percent` WRITE;
/*!40000 ALTER TABLE `manager_percent` DISABLE KEYS */;
INSERT INTO `manager_percent` VALUES (37,0,0,15),(38,0,0,24),(39,NULL,NULL,29);
/*!40000 ALTER TABLE `manager_percent` ENABLE KEYS */;
UNLOCK TABLES;

--
-- Table structure for table `materials`
--

DROP TABLE IF EXISTS `materials`;
/*!40101 SET @saved_cs_client     = @@character_set_client */;
/*!40101 SET character_set_client = utf8 */;
CREATE TABLE `materials` (
  `id` int(11) NOT NULL AUTO_INCREMENT,
  `name` varchar(255) COLLATE utf8_unicode_ci NOT NULL,
  `price` double NOT NULL,
  `service_id` int(11) DEFAULT NULL,
  `rating` int(11) DEFAULT NULL,
  `measure_id` int(11) DEFAULT NULL,
  `totalsize` double DEFAULT NULL,
  `priceUnit` double DEFAULT NULL,
  `pricepackage` double NOT NULL,
  `quantitypack` double NOT NULL,
  `residue` double DEFAULT NULL,
  `active` tinyint(1) NOT NULL DEFAULT '1',
  PRIMARY KEY (`id`),
  KEY `IDX_9B1716B5ED5CA9E6` (`service_id`),
  KEY `IDX_9B1716B55DA37D00` (`measure_id`),
  CONSTRAINT `FK_9B1716B55DA37D00` FOREIGN KEY (`measure_id`) REFERENCES `measure` (`id`),
  CONSTRAINT `FK_9B1716B5ED5CA9E6` FOREIGN KEY (`service_id`) REFERENCES `services` (`id`)
) ENGINE=InnoDB AUTO_INCREMENT=51 DEFAULT CHARSET=utf8 COLLATE=utf8_unicode_ci;
/*!40101 SET character_set_client = @saved_cs_client */;

--
-- Dumping data for table `materials`
--

LOCK TABLES `materials` WRITE;
/*!40000 ALTER TABLE `materials` DISABLE KEYS */;
INSERT INTO `materials` VALUES (6,'LLumar 5 ATR',105600,1,5,2,216,488.88888888889,22000,45,-65.2,1),(7,'LLumar 15 ATR',34124.444444444,1,5,2,69.8,488.88888888889,22000,45,-45.9,1),(8,'LLumar 35 ATR',18822.222222222,1,5,2,38.5,488.88888888889,22000,45,2.3,1),(9,'Luxman 5 SRC',17360,1,4,2,48,361.66666666667,16275,45,27,1),(10,'Luxman 15 SRC',16275,1,4,2,45,361.66666666667,16275,45,25,1),(11,'Luxman 35 SRC',9765,1,4,2,27,361.66666666667,16275,45,17.2,1),(12,'Luxman 50 SRC',15732.5,1,4,2,43.5,361.66666666667,16275,45,38,1),(13,'Luxman 20 GALAXY',13575.555555556,1,3,2,41,331.11111111111,14900,45,40.5,1),(14,'Luxman 50 GALAXY',993.33333333333,1,3,2,3,331.11111111111,14900,45,1.5,1),(15,'Spectroll PPF',111967.10526316,22,3,2,41.85,2675.4385964912,61000,22.8,-6.2299999999999,1),(16,'Ultra Vision PPF',2332.9824561404,22,4,2,1,2332.9824561404,53192,22.8,-0.6,1),(17,'Ultra Vision XAIR BL 80',23320,1,4,2,53,440,19800,45,36.5,1),(18,'Ultra Vision XAIR GRAY 80',23760,1,4,2,54,440,19800,45,15.5,1),(19,'Ultra Vision XAIR CARBON 80',21120,1,4,2,48,440,19800,45,37,1),(20,'Kylon 5 STANDART',4250,1,2,2,25.5,166.66666666667,7500,45,20,1),(21,'GYEON Leather Shield 100',20483.1,29,5,1,330,62.07,6207,100,53,1),(23,'MZR 10000',12811.2,20,5,1,25500,0.5024,5024,10000,8442.6,1),(26,'Gyeon Trim 30',19330,29,5,1,150,128.86666666667,3866,30,38,1),(27,'Gyeon Can Coat PRO',25488,29,5,1,600,42.48,8496,200,303,1),(28,'Gyeon Can Coat',3946.8,29,4,1,120,32.89,6578,200,0,1),(29,'Titanium Coat',43500,29,5,1,435,100,5000,50,50,1),(30,'UPT',6400,29,5,1,4000,1.6,8000,5000,3850,1),(31,'Krytex',7000,29,4,1,350,20,1000,50,4,1),(32,'Sun Tek HP Pro 5 Charcoal',15600,1,5,2,39,400,18000,45,16,1),(33,'Sun Tek HP Pro  15 Charcoal',17600,1,5,2,44,400,18000,45,31.8,1),(36,'Sun Tek PPF',43266.666666667,22,5,2,11,3933.3333333333,88500,22.5,-2.715,1),(37,'NDFOS Pro PHP 15',5263.5,1,2,2,15,350.9,16000,45.6,6.5,1),(38,'Ultra Vision Hybrid Static HP 15 Charcoal (СЪЕМНАЯ)',16666.666666667,1,3,2,25,666.66666666667,20000,30,21.5,1),(39,'Grass',0,1,3,1,0,1.2,600,500,0,1),(40,'ASWF 4 MIL SAFETY',15000,1,3,2,37.5,400,18000,45,27.5,1),(41,'Aquapel',3500,29,3,3,7,500,500,1,4,1),(42,'Car Pro C.QUARTZ FABRIC',441,29,4,1,35,12.6,630,50,-20,1),(43,'Soft99 H-9',20826.7206,29,4,1,262,79.4913,7949.13,100,153,1),(44,'ULTRA CANDY COAT',12650,29,4,1,115,110,5500,50,55,1),(45,'CarPro  CQ.UK 3.0',39614,29,4,1,290,136.6,6830,50,100,1),(46,'Grass',420,29,1,1,350,1.2,620,500,250,1),(47,'LLumar PPF',3910.7,22,5,2,1,3910.7,87990,22.5,1,1),(48,'Ultra Glaco',658,29,3,NULL,70,9.4,661,70,70,1),(49,'Ultra Glaco',658,29,3,1,70,9.4,661,70,70,1),(50,'Антидождь Glaco',798,29,3,1,70,11.4,800,70,70,1);
/*!40000 ALTER TABLE `materials` ENABLE KEYS */;
UNLOCK TABLES;

--
-- Table structure for table `measure`
--

DROP TABLE IF EXISTS `measure`;
/*!40101 SET @saved_cs_client     = @@character_set_client */;
/*!40101 SET character_set_client = utf8 */;
CREATE TABLE `measure` (
  `id` int(11) NOT NULL AUTO_INCREMENT,
  `name` varchar(255) COLLATE utf8_unicode_ci NOT NULL,
  `active` tinyint(1) NOT NULL DEFAULT '1',
  PRIMARY KEY (`id`)
) ENGINE=InnoDB AUTO_INCREMENT=4 DEFAULT CHARSET=utf8 COLLATE=utf8_unicode_ci;
/*!40101 SET character_set_client = @saved_cs_client */;

--
-- Dumping data for table `measure`
--

LOCK TABLES `measure` WRITE;
/*!40000 ALTER TABLE `measure` DISABLE KEYS */;
INSERT INTO `measure` VALUES (1,'мл',1),(2,'м²',1),(3,'шт',1);
/*!40000 ALTER TABLE `measure` ENABLE KEYS */;
UNLOCK TABLES;

--
-- Table structure for table `model`
--

DROP TABLE IF EXISTS `model`;
/*!40101 SET @saved_cs_client     = @@character_set_client */;
/*!40101 SET character_set_client = utf8 */;
CREATE TABLE `model` (
  `id` int(11) NOT NULL AUTO_INCREMENT,
  `brand_id` int(11) DEFAULT NULL,
  `name` varchar(255) COLLATE utf8_unicode_ci NOT NULL,
  `year` varchar(255) COLLATE utf8_unicode_ci DEFAULT NULL,
  `active` tinyint(1) NOT NULL DEFAULT '1',
  PRIMARY KEY (`id`),
  KEY `IDX_D79572D944F5D008` (`brand_id`),
  CONSTRAINT `FK_D79572D944F5D008` FOREIGN KEY (`brand_id`) REFERENCES `brand` (`id`)
) ENGINE=InnoDB AUTO_INCREMENT=284 DEFAULT CHARSET=utf8 COLLATE=utf8_unicode_ci;
/*!40101 SET character_set_client = @saved_cs_client */;

--
-- Dumping data for table `model`
--

LOCK TABLES `model` WRITE;
/*!40000 ALTER TABLE `model` DISABLE KEYS */;
INSERT INTO `model` VALUES (6,2,'7-series',NULL,1),(10,2,'X1',NULL,1),(11,2,'X2',NULL,1),(12,2,'X3',NULL,1),(13,2,'X4',NULL,1),(14,2,'X5',NULL,1),(15,2,'X6',NULL,1),(16,2,'X7',NULL,1),(17,3,'Focus',NULL,1),(18,3,'Mondeo',NULL,1),(22,1,'A1',NULL,1),(26,1,'A3',NULL,1),(27,1,'A4',NULL,1),(28,1,'A5',NULL,1),(29,1,'A6',NULL,1),(30,1,'A7',NULL,1),(31,1,'A8',NULL,1),(32,1,'Q3',NULL,1),(33,1,'Q5',NULL,1),(34,1,'Q7',NULL,1),(35,1,'Q8',NULL,1),(36,1,'TT',NULL,1),(37,2,'1-series',NULL,1),(38,2,'2-series',NULL,1),(39,2,'3-series',NULL,1),(40,2,'4-series',NULL,1),(41,2,'5-series',NULL,1),(42,2,'6-series',NULL,1),(43,2,'8-series',NULL,1),(44,3,'Explorer',NULL,1),(45,3,'Kuga',NULL,1),(46,3,'S-MAX',NULL,1),(47,4,'A-klasse',NULL,1),(48,4,'B-klasse',NULL,1),(49,4,'C-klasse',NULL,1),(50,4,'CL-klasse',NULL,1),(51,4,'CLA-klasse',NULL,1),(52,4,'CLC-klasse',NULL,1),(53,4,'CLK-klasse',NULL,1),(54,4,'CLS-klasse',NULL,1),(55,4,'E-klasse',NULL,1),(56,4,'G-klasse',NULL,1),(57,4,'GL-klasse',NULL,1),(58,4,'GLA-klasse',NULL,1),(59,4,'GLC-klasse',NULL,1),(60,4,'GLE-klasse',NULL,1),(61,4,'GLK-klasse',NULL,1),(62,4,'GLS-klasse',NULL,1),(63,4,'M-klasse',NULL,1),(64,4,'Maybach S-klasse',NULL,1),(65,4,'R-klasse',NULL,1),(66,4,'S-klasse',NULL,1),(67,4,'SL-klasse',NULL,1),(68,4,'SLK-klasse',NULL,1),(69,5,'VESTA',NULL,1),(70,5,'Granta',NULL,1),(71,5,'Kalina',NULL,1),(72,5,'Priora',NULL,1),(73,5,'Largus',NULL,1),(74,6,'Creta',NULL,1),(75,6,'Elantra',NULL,1),(76,6,'Equus',NULL,1),(77,6,'Genesis',NULL,1),(78,6,'H-1',NULL,1),(79,6,'i30',NULL,1),(80,6,'i40',NULL,1),(81,6,'ix35',NULL,1),(82,6,'Santa Fe',NULL,1),(83,6,'Solaris',NULL,1),(84,6,'Sonata',NULL,1),(85,6,'Starex',NULL,1),(86,6,'Tucson',NULL,1),(87,7,'Ceed',NULL,1),(88,7,'Cerato',NULL,1),(89,7,'Opirus',NULL,1),(90,7,'Optima',NULL,1),(91,7,'Picanto',NULL,1),(92,7,'Quoris',NULL,1),(93,7,'Rio',NULL,1),(94,7,'Sorento',NULL,1),(95,7,'Sorento Prime',NULL,1),(96,7,'Soul',NULL,1),(97,7,'Sportage',NULL,1),(98,7,'Stinger',NULL,1),(99,8,'Avensis',NULL,1),(100,8,'Camry',NULL,1),(101,8,'Corolla',NULL,1),(102,8,'Hilux',NULL,1),(103,8,'Land Cruiser 100',NULL,1),(104,8,'Land Cruiser 200',NULL,1),(105,8,'Land Cruiser Prado 120',NULL,1),(106,8,'Land Cruiser Prado 150',NULL,1),(107,8,'Prius',NULL,1),(108,8,'RAV 4',NULL,1),(109,8,'Sequoia',NULL,1),(110,8,'Venza',NULL,1),(111,9,'Almera Classic',NULL,1),(112,9,'Juke',NULL,1),(113,9,'Murano',NULL,1),(114,9,'Pathfinder',NULL,1),(115,9,'Qashqai',NULL,1),(116,9,'Teana',NULL,1),(117,9,'Tiida',NULL,1),(118,9,'X-Trail',NULL,1),(119,10,'ES',NULL,1),(120,10,'GS',NULL,1),(121,10,'GX',NULL,1),(122,10,'IS',NULL,1),(123,10,'LS',NULL,1),(124,10,'LX',NULL,1),(125,10,'NX',NULL,1),(126,10,'RX',NULL,1),(127,11,'Antara',NULL,1),(128,11,'Astra',NULL,1),(129,11,'Corsa',NULL,1),(130,11,'Insignia',NULL,1),(131,11,'Zafira',NULL,1),(132,12,'Clubman',NULL,1),(133,12,'Countryman',NULL,1),(134,12,'Hatch',NULL,1),(135,12,'Paceman',NULL,1),(136,13,'Berlingo',NULL,1),(137,13,'C3',NULL,1),(138,13,'C4',NULL,1),(139,13,'C5',NULL,1),(140,13,'DS4',NULL,1),(141,14,'3',NULL,1),(142,14,'5',NULL,1),(143,14,'6',NULL,1),(144,14,'CX-5',NULL,1),(145,14,'CX-7',NULL,1),(146,14,'CX-9',NULL,1),(147,15,'ASX',NULL,1),(148,15,'Eclipse Cross',NULL,1),(149,15,'L200',NULL,1),(150,15,'Lancer',NULL,1),(151,15,'Outlander',NULL,1),(152,15,'Pajero',NULL,1),(153,16,'FX',NULL,1),(154,16,'G',NULL,1),(155,16,'JX',NULL,1),(156,16,'M',NULL,1),(157,16,'Q50',NULL,1),(158,16,'QX50',NULL,1),(159,16,'QX56',NULL,1),(160,16,'QX60',NULL,1),(161,16,'QX70',NULL,1),(162,16,'QX80',NULL,1),(163,17,'S40',NULL,1),(164,17,'S60',NULL,1),(165,17,'S80',NULL,1),(166,17,'V40',NULL,1),(167,17,'V90',NULL,1),(168,17,'XC60',NULL,1),(169,17,'XC70',NULL,1),(170,17,'XC90',NULL,1),(171,18,'308',NULL,1),(172,18,'Partner',NULL,1),(173,19,'911',NULL,1),(174,19,'Boxster',NULL,1),(175,19,'Cayenne',NULL,1),(176,19,'Macan',NULL,1),(177,19,'Panamera',NULL,1),(178,20,'Arkana',NULL,1),(179,20,'Duster',NULL,1),(180,20,'Fluence',NULL,1),(181,20,'Kaptur',NULL,1),(182,20,'Logan',NULL,1),(183,20,'Megane',NULL,1),(184,20,'Sandero',NULL,1),(185,21,'Fabia',NULL,1),(186,21,'Kodiaq',NULL,1),(187,21,'Octavia',NULL,1),(188,21,'Rapid',NULL,1),(189,21,'Superb',NULL,1),(190,21,'Yeti',NULL,1),(191,22,'Forester',NULL,1),(192,22,'Impreza',NULL,1),(193,22,'Legacy',NULL,1),(194,22,'Outback',NULL,1),(195,22,'Tribeca',NULL,1),(196,23,'Aveo',NULL,1),(197,23,'Camaro',NULL,1),(198,23,'Cruze',NULL,1),(199,23,'Lacetti',NULL,1),(200,23,'Tahoe',NULL,1),(201,24,'Accord',NULL,1),(202,24,'Civic',NULL,1),(203,24,'Crosstour',NULL,1),(204,24,'Legend',NULL,1),(205,24,'Pilot',NULL,1),(206,25,'Cherokee',NULL,1),(207,25,'Commander',NULL,1),(208,25,'Grand Cherokee',NULL,1),(209,25,'Wrangler',NULL,1),(210,26,'E-Pace',NULL,1),(211,26,'F-Pace',NULL,1),(212,26,'F-Type',NULL,1),(213,26,'I-Pace',NULL,1),(214,26,'S-Type',NULL,1),(215,26,'X-Type',NULL,1),(216,26,'XE',NULL,1),(217,26,'XF',NULL,1),(218,26,'XJ',NULL,1),(219,26,'XK',NULL,1),(220,26,'XKR',NULL,1),(221,28,'Grand Vitara',NULL,1),(222,28,'SX4',NULL,1),(223,28,'Vitara',NULL,1),(224,29,'Defender',NULL,1),(225,29,'Discovery',NULL,1),(226,29,'Discovery Sport',NULL,1),(227,29,'Freelander',NULL,1),(228,29,'Range Rover',NULL,1),(229,29,'Range Rover Evoque',NULL,1),(230,29,'Range Rover Sport',NULL,1),(231,29,'Range Rover Velar',NULL,1),(232,30,'Bentayga',NULL,1),(233,30,'Continental Flying Spur',NULL,1),(234,30,'Continental GT',NULL,1),(235,30,'Flying Spur',NULL,1),(236,30,'Mulsanne',NULL,1),(237,36,'Caravan',NULL,1),(238,35,'Jetta',NULL,1),(239,35,'Polo','2010',1),(240,35,'Amarok','2010',1),(241,35,'Beetle','2010',1),(242,35,'Caddy','2008',1),(243,35,'Caravelle','2010',1),(244,35,'Golf','2000',1),(245,35,'Multivan','2005',1),(246,35,'Passat','2000',1),(247,35,'Tiguan','2009',1),(248,35,'Touareg','2003',1),(249,35,'Transporter','2000',1),(250,27,'Nexia','1999',1),(251,27,'Matiz','2005',1),(252,31,'Four two','2015',1),(253,31,'FoFour','2011',1),(254,32,'Escalade','2003',1),(255,32,'SRX','2003',1),(256,32,'STS','2009',1),(257,32,'XTS','2010',1),(258,33,'Quattroporte','2006',1),(259,33,'Levante','2015',1),(260,34,'Culinan','2018',1),(261,34,'phantom','2009',1),(262,3,'Fiesta',NULL,1),(263,17,'XC40',NULL,1),(264,37,'Hover',NULL,1),(265,4,'Viano',NULL,1),(266,12,'John cooper works',NULL,1),(267,24,'CR-V',NULL,1),(268,24,'CR-V',NULL,1),(269,24,'CR-V',NULL,1),(270,7,'Mohave',NULL,1),(271,6,'i20',NULL,1),(272,39,'H9',NULL,1),(273,40,'Sebring',NULL,1),(274,3,'Fusion',NULL,1),(275,41,'Vibe',NULL,1),(276,23,'Niva',NULL,1),(277,42,'Зап. части и аксессуары',NULL,1),(278,43,'Патриот',NULL,1),(279,12,'Cooper',NULL,1),(280,6,'Matrix',NULL,1),(281,28,'Jimmi',NULL,1),(282,44,'Actyon',NULL,1),(283,4,'Smart',NULL,1);
/*!40000 ALTER TABLE `model` ENABLE KEYS */;
UNLOCK TABLES;

--
-- Table structure for table `orders`
--

DROP TABLE IF EXISTS `orders`;
/*!40101 SET @saved_cs_client     = @@character_set_client */;
/*!40101 SET character_set_client = utf8 */;
CREATE TABLE `orders` (
  `id` int(11) NOT NULL AUTO_INCREMENT,
  `date_open` datetime DEFAULT NULL,
  `date_close` datetime DEFAULT NULL,
  `date_payment` datetime DEFAULT NULL,
  `name` varchar(255) COLLATE utf8_unicode_ci NOT NULL,
  `car_id` int(11) DEFAULT NULL,
  `body_id` int(11) DEFAULT NULL,
  `number` varchar(255) COLLATE utf8_unicode_ci NOT NULL,
  `phone` varchar(255) COLLATE utf8_unicode_ci NOT NULL,
  `price` double NOT NULL,
  `close` tinyint(1) NOT NULL,
  `brand_id` int(11) DEFAULT NULL,
  `workeropen_id` int(11) DEFAULT NULL,
  `workerclose_id` int(11) DEFAULT NULL,
  `description` longtext COLLATE utf8_unicode_ci,
  `damages` longtext COLLATE utf8_unicode_ci,
  `color` varchar(255) COLLATE utf8_unicode_ci DEFAULT NULL,
  `vin` varchar(255) COLLATE utf8_unicode_ci DEFAULT NULL,
  `email` varchar(255) COLLATE utf8_unicode_ci DEFAULT NULL,
  `payment` smallint(6) NOT NULL,
  PRIMARY KEY (`id`),
  KEY `IDX_E52FFDEE9B621D84` (`body_id`),
  KEY `IDX_E52FFDEE44F5D008` (`brand_id`),
  KEY `IDX_E52FFDEEC3C6F69F` (`car_id`),
  KEY `IDX_E52FFDEE800ADC76` (`workeropen_id`),
  KEY `IDX_E52FFDEEE5DFF813` (`workerclose_id`),
  CONSTRAINT `FK_E52FFDEE44F5D008` FOREIGN KEY (`brand_id`) REFERENCES `brand` (`id`),
  CONSTRAINT `FK_E52FFDEE800ADC76` FOREIGN KEY (`workeropen_id`) REFERENCES `workers` (`id`),
  CONSTRAINT `FK_E52FFDEE9B621D84` FOREIGN KEY (`body_id`) REFERENCES `body_type` (`id`),
  CONSTRAINT `FK_E52FFDEEC3C6F69F` FOREIGN KEY (`car_id`) REFERENCES `model` (`id`),
  CONSTRAINT `FK_E52FFDEEE5DFF813` FOREIGN KEY (`workerclose_id`) REFERENCES `workers` (`id`)
) ENGINE=InnoDB AUTO_INCREMENT=680 DEFAULT CHARSET=utf8 COLLATE=utf8_unicode_ci;
/*!40101 SET character_set_client = @saved_cs_client */;

--
-- Dumping data for table `orders`
--

LOCK TABLES `orders` WRITE;
/*!40000 ALTER TABLE `orders` DISABLE KEYS */;
INSERT INTO `orders` VALUES (78,'2019-09-18 09:30:00','2019-09-18 10:40:00','2019-09-18 10:40:00','Виталий',18,1,'Р626ВУ 799','+7(925) 101-7006',5500,1,3,15,15,'---','---','Белый','Z6FDXXEECDHG36384',NULL,2),(79,'2019-09-18 10:00:00','2019-09-21 10:30:00','2019-09-21 10:30:00','Максим',49,1,'С431КР 777','+7(915) 154-5768',44500,1,4,15,15,'---','---','Черный','WDD2050401F031756',NULL,0),(80,'2019-09-18 11:00:00','2019-09-18 11:45:00','2019-09-18 11:45:00','Павел',87,2,'Т130ВВ31','+7(951) 993-9995',4500,1,7,15,15,'---','---','Серебристый','XWEH2515BK0007703',NULL,0),(81,'2019-09-18 12:30:00','2019-09-18 13:15:00','2019-09-18 12:55:00','Филипп',17,2,'м796ха161','+7(925) 292-7835',2500,1,3,15,15,'---','---','серебристый','Z6F5XXEEC5GL21648',NULL,2),(82,'2019-09-18 13:00:00','2019-09-18 14:00:00','2019-09-18 14:00:00','Олег',227,3,'В995ХВ750','+7(916) 856-6138',6000,1,29,15,15,'---','---','Синий','SALCA2BN9KH813901',NULL,2),(83,'2019-09-18 13:30:00','2019-09-18 14:00:00','2019-09-18 14:10:00','Александр Галустьян',100,1,'е636ху777','+7(903) 293-3921',2500,1,8,15,15,'---','---','Черный','XW7BF4FK90S163234',NULL,0),(84,'2019-09-18 15:45:00','2019-09-19 12:00:00','2019-09-19 12:00:00','Залетов Олег',63,3,'Н023УВ190','+7(911) 350-2706',1000,1,4,15,15,'---','---','Черный','WDC1641861A485335',NULL,0),(85,'2019-09-18 16:00:00','2019-09-18 18:45:00','2019-09-18 18:45:00','Юрий Михайлович',143,1,'н028ас799','+7(896) 742-1606',42000,1,14,15,15,'---','---','Черный','RUMGJ526802002857',NULL,2),(86,'2019-09-18 17:15:00','2019-09-18 18:35:00','2019-09-18 18:50:00','Мурат',50,5,'о022оо90','+7(925) 649-4863',12000,1,4,15,15,'---','---','Бордовый','WDD2173641A018114',NULL,2),(87,'2019-09-18 17:15:00','2019-09-18 17:45:00','2019-09-18 18:30:00','Александр',100,1,'к561км799','+7(925) 550-9835',1000,1,8,15,15,'---','---','Черный','XW7BFYHK10S103484',NULL,0),(88,'2019-09-19 09:44:00','2019-09-21 10:30:00','2019-09-21 10:30:00','Максимов Игорь Иванович',33,3,'о850оо60','+7(965) 112-9074',48000,1,1,15,15,'WAUZZZFYOJ2226802','---','Коричневый','WAUZZZFY0J2226802',NULL,0),(90,'2019-09-19 18:05:00','2019-09-19 19:00:00','2019-09-19 19:00:00','Анна',30,2,'в202хн77','+7(999) 989-5877',9000,1,1,15,15,'---','---','Черный','WAUZZZ4G9CN141758',NULL,2),(91,'2019-09-19 19:25:00','2019-09-19 20:30:00','2019-09-19 20:30:00','Юрий',6,1,'А550ОМ197','+7(906) 727-5506',2500,1,2,15,15,'---','---','Черный','X4XKA21120CN71337',NULL,0),(92,'2019-09-19 19:00:00','2019-09-19 21:15:00','2019-09-19 21:15:00','Баграм',41,1,'А270НР799','+7(926) 538-2410',5000,1,2,15,15,'---','---','Черный','WBAJC51060B247760',NULL,0),(93,'2019-09-19 20:35:00','2019-09-21 15:25:00','2019-09-21 15:25:00','Юлия Огородникова Владимировна',175,3,'У281НВ777','+7(985) 728-7415',34000,1,19,15,15,'---','---','Черный','WP1ZZZ92ZFLA34768',NULL,0),(94,'2019-09-20 10:15:00','2019-09-20 11:15:00','2019-09-20 11:15:00','Максим',239,1,'Р293РК799','+7(999) 898-0900',1700,1,35,15,15,'---','---','Белый','XW8ZZZ61ZKG044596',NULL,2),(95,'2019-09-20 11:05:00','2019-09-20 12:15:00','2019-09-20 12:15:00','Александр',10,2,'К409МР77','+7(916) 421-0631',3000,1,2,15,NULL,'---','---','Коричневый','WBATR51050LF97739',NULL,2),(97,'2019-09-20 13:02:00','2019-09-20 14:40:00','2019-09-20 14:15:00','Стас',90,1,'С843ТМ750','+7(977) 104-1506',2500,1,7,15,15,'---','---','Белый','XWEGU411BK0010951',NULL,0),(98,'2019-09-20 14:35:00','2019-09-20 15:20:00','2019-09-20 15:20:00','Сергей',115,4,'А277ВТ799','+7(903) 124-3005',4000,1,9,15,15,'---','Повреждение обогрева заднего стекла','Белый','SJNFBNJ11U1226504',NULL,0),(99,'2019-09-20 17:30:00','2019-09-20 19:15:00','2019-09-20 19:15:00','Максим',48,2,'А350РО799','+7(916) 221-0795',8500,1,4,15,15,'---','---','Серый','WDD2462421J280454',NULL,0),(100,'2019-09-20 11:20:00','2019-09-20 12:45:00','2019-09-20 12:45:00','Александр',187,1,'Н155НО799','+7(926) 177-8854',7500,1,21,15,15,'-','-','Серый','xw8an4ne1kh018498',NULL,0),(101,'2019-09-19 12:30:00','2019-09-20 12:30:00','2019-09-20 12:30:00','Попов Иван Андреевич',231,3,'Р478КУ799','+7(926) 491-9396',73000,1,29,15,15,'---','---','Серый','SALYA2BX0JA739699',NULL,0),(102,'2019-09-21 09:45:00','2019-09-21 10:30:00','2019-09-21 10:30:00','Деньчикова Наталья Александровна',87,2,'р181ра799','+7(916) 783-2523',4500,1,7,15,15,'---','---','Серый','XWEN2516K0005527',NULL,0),(104,'2019-09-21 11:00:00','2019-09-21 12:15:00','2019-09-21 12:15:00','Несмелов Александр Владимирович',18,1,'р493хн90','+7(926) 109-1270',9500,1,3,15,15,'---','---','Серый','X9FDXXEEBDCY52933',NULL,2),(105,'2019-09-21 14:36:00','2019-09-22 17:00:00','2019-09-22 17:00:00','Калиниченко Наталья Леонидовна',247,4,'А503СЕ777','+7(903) 794-6091',19000,1,35,15,15,'---','---','Коричневый','WVGZZZ5NZDW08195',NULL,0),(106,'2019-09-21 18:45:00','2019-09-21 19:20:00','2019-09-21 19:20:00','Полтавцев Сергей Юрьевич',262,2,'о064рт777','+7(917) 557-0972',4500,1,3,15,15,'---','---','Черный','Z6DXXECKDGR15126',NULL,2),(107,'2019-09-22 09:30:00','2019-09-23 19:00:00','2019-09-23 19:01:00','ООО КВАРЦ - ТРАНС',59,4,'А545ХВ750','+7(903) 121-5646',30000,1,4,15,15,'---','---','Серый','WDC2539151V202224',NULL,2),(108,'2019-09-22 09:00:00','2019-09-23 19:04:00','2019-09-23 19:05:00','Чей Тимофей Николаевич',59,4,'А545ХВ750','+7(903) 121-5646',12000,1,4,15,15,'---','---','Серый','WDC2539151V202224',NULL,2),(109,'2019-09-22 16:00:00','2019-09-22 20:00:00','2019-09-22 20:00:00','Аушев Аслан Хамзатович',55,1,'М690ОМ777','+7(925) 172-5522',10500,1,4,15,15,'-','-','Белый','WDD2120341B217100',NULL,2),(110,'2019-09-22 16:14:00','2019-09-22 17:15:00','2019-09-22 17:15:00','Мурадян Арам Мурадович',49,1,'Е147РВ799','+7(903) 275-4265',4500,1,4,15,15,'---','---','Белый','WDD2050401R274202',NULL,0),(111,'2019-09-23 10:00:00','2019-09-23 11:10:00','2019-09-23 11:10:00','Александр',249,6,'Е471НХ197','+7(999) 112-7777',2000,1,35,15,15,'---','---','Белый','WVZZZ7HZ8H003165',NULL,2),(112,'2019-09-23 11:27:00','2019-09-23 12:00:00','2019-09-23 12:00:00','Стародубец Павел Владимирович',41,1,'Т366РМ197','+7(926) 104-3100',1000,1,2,15,15,'---','---','Белый','X4X5D394X0D883036',NULL,2),(113,'2019-09-24 11:30:00','2019-09-24 12:21:00','2019-09-24 12:22:00','Мкртычан Альберт Георгиевич ( Хуршед)',100,1,'В079ОТ799','+7(999) 989-1399',3500,1,8,15,15,'---','---','Черный','XW7BFYHK50S140134',NULL,0),(114,'2019-09-24 13:30:00','2019-09-24 15:20:00','2019-09-24 15:20:00','ООО  Газпромнефть Нефть ( Евгений )',123,1,'В689ОУ799','+7(925) 111-4942',4000,1,10,15,15,'---','---','Черный','JNYDLDL46F605004826',NULL,2),(115,'2019-09-24 17:00:00','2019-09-24 17:40:00','2019-09-24 17:40:00','Полтавцев Сергей Юрьевич',262,2,'о064рт777','+7(917) 557-0972',3000,1,3,15,15,'---','---','Черный','Z6DXXECKDGR15126',NULL,2),(116,'2019-09-24 18:00:00','2019-09-24 19:00:00','2019-09-24 19:00:00','Сергиенко Елена Васильевна',59,3,'Н891ОХ799','+7(915) 185-0727',9500,1,4,15,15,'---','---','Серый','WDC2533491F659674',NULL,0),(117,'2019-09-24 19:20:00','2019-09-24 21:00:00','2019-09-24 21:00:00','Пантелеева Юлия Владимировна ( Данил)',17,4,'С627НЕ799','+7(919) 100-8005',6000,1,3,15,15,'---','---','серый','Z6F6XXEEC6KD65013',NULL,2),(118,'2019-09-25 09:30:00','2019-09-26 09:30:00','2019-09-26 09:30:00','ООО Контрол Лизинг ( Роман)',55,1,'Р583РМ799','+7(968) 876-1425',17500,1,4,15,15,'---','---','Черный','WDD2130871A655092',NULL,0),(119,'2019-09-25 11:37:00','2019-09-25 13:29:00','2019-09-25 13:29:00','Воробьев Юрий Юрьевич',35,4,'А565РО799','+7(926) 875-6505',7000,1,1,15,15,'---','---','Черный','WAUZZZF13KD013853',NULL,0),(120,'2019-09-25 11:57:00','2019-09-25 12:32:00','2019-09-25 12:33:00','Таракчы Елена Александровна ( Александр )',55,5,'Е239АР799','+7(919) 107-3575',2000,1,4,15,15,'---','---','Синий','WDD2383481F031368',NULL,2),(121,'2019-09-25 13:37:00','2019-09-25 15:00:00','2019-09-25 15:00:00','Гайнутдинов Марс Ахметович ( Сергей )',63,4,'О478ОО197','+7(925) 800-4790',6000,1,4,15,15,'---','---','Белый','WDC1660571AD38116',NULL,2),(122,'2019-09-25 15:37:00','2019-09-25 16:22:00','2019-09-25 16:22:00','Ахмадова Диана Тимаевна ( Александр )',63,4,'А524ОЕ799','+7(910) 457-0702',2000,1,4,15,15,'---','---','Черный','WDC1660231A187560',NULL,0),(123,'2019-09-25 18:14:00','2019-09-25 20:03:00','2019-09-25 20:03:00','ООО ТК НЬЮ ТРАНС ( Эльдар )',182,1,'Р689РМ799','+7(964) 555-8457',6500,1,20,15,15,'---','---','Белый','X7L4SRLV463574398',NULL,0),(124,'2019-09-25 19:50:00','2019-09-26 17:00:00','2019-09-26 17:00:00','Калиниченко Наталья Леонидовна',247,4,'А503СЕ777','+7(903) 794-6091',0,1,35,15,15,'---','---','Коричневый','WVGZZZ5NZDW08195',NULL,0),(125,'2019-09-26 09:50:00','2019-09-26 10:51:00','2019-09-26 10:51:00','Николаев Дмитрий Александрович',90,1,'О462РО799','+7(977) 138-1598',10000,1,7,15,15,'---','---','Черный','XWEGU413BK0012509',NULL,0),(126,'2019-09-26 11:04:00','2019-09-26 11:39:00','2019-09-26 11:39:00','ООО КАРКАДЕ',175,4,'М525ВС799','+7(925) 083-9373',3000,1,19,15,15,'---','---','Коричневый','WP1ZZZ9ZJKA43127',NULL,0),(127,'2019-09-26 11:30:00','2019-09-26 12:33:00','2019-09-26 12:33:00','Санталов Александр Алексеевич',243,4,'Е156КР197','+7(916) 767-8724',3000,1,35,15,15,'---','---','серый','WV2ZZZ7HZBH083443',NULL,2),(128,'2019-09-26 13:45:00','2019-09-26 18:33:00','2019-09-26 18:33:00','Олениченко Евгений Николаевич',55,1,'М864РО799','+7(925) 544-7735',13000,1,4,15,15,'---','---','Серый','WDD2130871A720006',NULL,0),(129,'2019-09-26 14:15:00','2019-09-26 17:15:00','2019-09-26 17:15:00','Гусев Егор Владимирович',49,5,'Н839НТ197','+7(965) 435-7676',15500,1,4,15,15,'---','---','Белый','WDD204349F738795',NULL,0),(130,'2019-09-26 17:31:00','2019-09-26 18:10:00','2019-09-26 18:10:00','Иванов Борис Сергеевич',225,4,'В524АВ799','+7(916) 753-6167',1750,1,29,15,15,'---','---','Синий','SALLAAA148A462752',NULL,2),(132,'2019-09-26 19:57:00','2019-09-28 17:40:00','2019-09-28 17:40:00','Голицина Анна Ильинична (Никита )',63,4,'С235ХР197','+7(977) 824-8482',20000,1,4,15,15,'---','---','Белый','4JGBB86E36A086200',NULL,2),(133,'2019-09-27 10:30:00','2019-09-27 12:04:00','2019-09-27 12:04:00','Евгений Сергеевич Кудрейков',143,1,'У549РВ799','+7(926) 550-0433',6000,1,14,15,15,'---','---','Черный','---',NULL,0),(135,'2019-09-27 12:31:00','2019-09-27 14:20:00','2019-09-27 14:20:00','Азаев Артур Геннадьевич ( Станислав )',245,4,'К999НА99','+7(919) 002-1777',7000,1,35,15,15,'---','---','Черный','WV2ZZZ7HZKH174995',NULL,0),(136,'2019-09-27 13:00:00','2019-09-27 19:45:00','2019-09-28 12:00:00','Носов Андрей Алексеевич',104,4,'Р453ХР777','+7(903) 283-1561',6000,1,8,15,15,'---','---','Белый','JTMCV02J304179390',NULL,0),(137,'2019-09-27 15:00:00','2019-09-27 17:36:00','2019-09-27 17:36:00','Григорьева Татьяна Алексеевна ( Егор )',28,1,'Е342МА777','+7(965) 304-9192',7500,1,1,15,15,'---','---','Красный','WAUZZZ8T7FA020407',NULL,0),(138,'2019-09-27 16:00:00','2019-09-27 18:30:00','2019-09-27 18:30:00','Евгений',29,1,'Без номера','+7(926) 034-1777',5500,1,1,15,15,'---','---','Черный','WAUZZZF21LN007926',NULL,0),(140,'2019-09-27 19:23:00','2019-09-27 20:00:00','2019-09-27 20:00:00','Владимир',39,1,'Т553СМ777','+7(915) 007-9744',1500,1,2,15,15,'---','---','Синий','WBA3D31080F236293',NULL,2),(141,'2019-09-28 12:24:00','2019-09-28 13:10:00','2019-09-28 13:10:00','ООО СК БИН ( Степан )',39,2,'Е007ВР799','+7(937) 170-5392',3000,1,2,15,15,'---','---','Черный','WBA3X51050G394295',NULL,0),(142,'2019-09-28 13:15:00','2019-09-28 13:50:00','2019-09-28 13:50:00','Головкин Вадим Вячеславович ( Эльдар )',39,1,'Х343СО750','+7(926) 390-0220',2500,1,2,15,15,'---','---','Черный','WBA3A91090FX56840',NULL,0),(143,'2019-09-28 16:40:00','2019-09-28 17:30:00','2019-09-28 17:30:00','Ющенко Илья Владимирович',247,4,'А849МН777','+7(909) 917-9988',1500,1,35,15,15,'---','---','Черный','XW8ZZZ5NZEG104635',NULL,0),(145,'2019-09-28 17:18:00','2019-09-28 18:20:00','2019-09-28 18:20:00','Валуйская Наталия Юрьевна',47,2,'В223ОА799','+7(916) 249-9754',4000,1,4,15,15,'---','---','Белый','WDD1770871V004255',NULL,0),(146,'2019-09-28 19:50:00','2019-09-28 20:20:00','2019-09-28 20:20:00','Павлов Вадим Михайлович',87,4,'Р381РК799','+7(977) 398-6235',3700,1,7,15,15,'---','---','Черный','XWEHN813GG0000361',NULL,2),(147,'2019-09-28 20:25:00','2019-09-28 21:00:00','2019-09-28 21:00:00','Гагулин Олег Викторович ( Иван )',181,4,'С430АУ799','+7(905) 562-6477',5000,1,20,15,15,'---','---','Оранжевый','X7LASREA758559682',NULL,2),(148,'2019-09-29 11:00:00','2019-09-29 11:40:00','2019-09-29 11:40:00','Капустин Илья Андреевич',14,4,'Т690ВЕ777','+7(910) 494-5635',2000,1,2,15,15,'---','---','Черный','WBAFA53581LP23880',NULL,0),(149,'2019-09-29 13:00:00','2019-09-29 14:20:00','2019-09-29 14:20:00','Владимир',39,1,'К154РЕ799','+7(977) 860-6177',4500,1,2,15,15,'---','---','Синий','WBA5V51080AJ55115',NULL,2),(151,'2019-09-29 14:20:00','2019-09-29 15:20:00','2019-09-29 15:20:00','Михаил',63,2,'Х441АВ777','+7(915) 046-4646',5500,1,4,15,15,'---','---','Красный','WDC1660241A272782',NULL,0),(152,'2019-09-29 15:14:00','2019-09-29 16:00:00','2019-09-29 16:00:00','Крапивницкий Дмитрий Викторович',116,1,'С511ОО197','+7(925) 167-0096',3500,1,9,15,15,'---','---','Черный','Z8NBBUJ32BS021670',NULL,0),(153,'2019-09-29 16:45:00','2019-09-29 17:20:00','2019-09-29 17:00:00','Нигматулина Земфира Финисовна (Кирилл)',108,4,'Р779АЕ199','+7(985) 265-0119',2000,1,8,15,15,'---','---','серый','JTMKD31V305026569',NULL,2),(154,'2019-09-29 17:00:00','2019-09-29 18:15:00','2019-09-29 18:15:00','Борисов Александр Викторович',41,1,'Н566ОХ799','+7(926) 067-4368',5000,1,2,15,15,'---','---','Серый','X4X5A79470D363487',NULL,0),(155,'2019-09-30 10:27:00','2019-10-01 10:00:00','2019-10-01 10:00:00','ПОСТОЯННОЕ ПРЕДСТАВИТЕЛЬСТВО РЕСПУБЛИКИ АДЫГЕЯ ПРИ ПРЕЗИДЕНТЕ РФ (Жоров Николай Александрович)',100,1,'Т016НК799','+7(928) 444-1516',40000,1,8,15,15,'---','Мелкие сколы, царпины по перимету кузова','Черный','XW7BF4HK60S127594',NULL,2),(156,'2019-09-30 11:30:00','2019-09-30 20:00:00','2019-09-30 20:00:00','ООО \"ВИТЕХ\" (Ченцов Сергей Александрович)',59,4,'В119РВ799','+7(985) 762-4863',39000,1,4,15,15,'---','---','Черный','WDC2539091V165757',NULL,0),(157,'2019-09-30 21:11:00','2019-09-30 22:00:00','2019-09-30 22:00:00','Мединцев Илья Леонидович',60,3,'Е660ОР799','+7(915) 044-1441',5500,1,4,15,15,'---','---','Черный','WDC1660751B121917',NULL,2),(158,'2019-10-01 13:30:00','2019-10-03 10:20:00','2019-10-03 10:20:00','ПОСТОЯННОЕ ПРЕДСТАВИТЕЛЬСТВО РЕСПУБЛИКИ АДЫГЕЯ ПРИ ПРЕЗИДЕНТЕ РФ (Жоров Николай Александрович)',100,1,'Т189НК799','+7(928) 444-1516',42000,1,8,15,15,'---','Мелкие  сколы царапины на ЛКП .','Черный','XW7BF4HKX0S126545',NULL,2),(159,'2019-10-02 14:25:00','2019-10-05 10:40:00','2019-10-05 10:40:00','Соловьев Дмитрий Сергеевич',202,1,'Х830СН190','+7(915) 231-2046',24000,1,24,15,15,'---','---','Серый','JHMFD16707S209618',NULL,2),(160,'2019-10-02 16:20:00','2019-10-07 19:30:00','2019-10-04 19:00:00','ООО ЭЛИТ ГРУПП ( Артур)',55,1,'Н809РО799','+7(964) 637-9847',14900,1,4,15,15,'---','---','Черный','WDD2130871A653145',NULL,1),(161,'2019-10-02 20:20:00','2019-10-02 21:00:00','2019-10-02 21:00:00','Бунятова Анета Георгиевна',97,4,'М427СН69','+7(900) 291-2171',2500,1,7,15,15,'---','---','Черный','XWEPH81ADK0031178',NULL,0),(162,'2019-10-04 10:00:00','2019-10-04 11:00:00','2019-10-03 11:00:00','Олениченко Евгений Николаевич',55,1,'М864РО799','+7(925) 544-7735',0,1,4,15,15,'---','---','Серебристый','WDD2130871A720006',NULL,2),(163,'2019-10-03 11:00:00','2019-10-07 14:40:00','2019-10-07 14:40:00','Косинский Василий Николаевич',211,4,'М918РН799','+7(916) 659-5958',93000,1,26,15,15,'---','повреждение молдинга лев. пер. стойки','Черный','SADFA2BX8K1Z61699',NULL,2),(164,'2019-10-03 11:33:00','2019-10-03 14:20:00','2019-10-03 14:20:00','Соколов Алексей Николаевич',263,4,'Н418ММ97','+7(985) 116-6405',11000,1,17,15,15,'---','---','Белый','YV1XZ72ACL2200952',NULL,0),(165,'2019-10-03 10:00:00','2019-10-03 16:30:00','2019-10-03 16:30:00','Милана',176,4,'000','+7(903) 927-0770',6000,1,19,15,15,'---','---','Черный','WF1ZZZ95ZLLB02907',NULL,0),(166,'2019-10-03 14:30:00','2019-10-03 15:00:00','2019-10-03 15:00:00','Зяблинцев Виталий Николаевич',14,3,'А801СА98','+7(916) 874-1629',2500,1,2,15,15,'---','---','Черный','WDAKS810300H88742',NULL,2),(167,'2019-10-03 12:00:00','2019-10-04 10:00:00','2019-10-04 10:00:00','Олениченко Евгений Николаевич',55,1,'М864РО799','+7(925) 544-7735',30000,1,4,15,15,'---','---','Серебристый','WDD2130871A720006',NULL,0),(168,'2019-10-04 10:30:00','2019-10-08 12:00:00','2019-10-08 12:00:00','ПОСТОЯННОЕ ПРЕДСТАВИТЕЛЬСТВО РЕСПУБЛИКИ АДЫГЕЯ ПРИ ПРЕЗИДЕНТЕ РФ (Жоров Николай Александрович)',66,1,'Е237ЕТ799','+7(928) 444-1516',60000,1,4,15,15,'---','---','Черный','WDD2211861A140417',NULL,2),(169,'2019-10-04 12:50:00','2019-10-05 11:30:00','2019-10-05 11:30:00','Александр',12,4,'111','+7(916) 185-1794',4000,1,2,15,15,'---','---','Серый',NULL,NULL,0),(170,'2019-10-04 14:15:00','2019-10-04 19:00:00','2019-10-04 19:00:00','Шухрат',230,4,'О055КН777','+7(926) 258-6699',13000,1,29,15,15,'---','---','Коричневый','SALLSAAF4DA813459',NULL,2),(171,'2019-10-04 15:21:00','2019-10-04 18:10:00','2019-10-04 18:10:00','Кувинов Олег Борисович ( Мила )',264,4,'Н031ХХ197','+7(928) 464-9319',7500,1,37,15,15,'---','---','Серый','LGWFF3A5XCA036002',NULL,0),(172,'2019-10-04 18:30:00','2019-10-04 20:43:00','2019-10-04 20:43:00','Станислав',97,2,'Р564ОТ799','+7(925) 925-4006',8000,1,7,15,15,'---','---','Черный','XWEPH81ADK0036008',NULL,2),(173,'2019-10-04 19:30:00','2019-10-05 09:50:00','2019-10-05 09:50:00','Анатолий',74,2,'Без номера','+7(915) 335-8181',4500,1,6,15,15,'---','---','Черный','Z94G2811BLR216214',NULL,0),(174,'2019-10-05 15:00:00','2019-10-05 20:30:00','2019-10-05 20:30:00','Орловский Денис Владимирович ( Артем )',239,1,'К700ОА177','+7(903) 545-4505',6500,1,35,15,15,'---','---','Вишневый','XW8ZZZ61ZFG026905',NULL,2),(175,'2019-10-05 17:00:00','2019-10-05 18:25:00','2019-10-05 18:25:00','Григорян Самвел Оганнесович',100,1,'М005КВ77','+7(999) 989-1399',3500,1,8,15,15,'---','---','Черный','XW7BKYFK60S110736',NULL,0),(176,'2019-10-06 10:00:00','2019-10-06 11:00:00','2019-10-06 11:00:00','Жариков Константин Игоревич',113,4,'Н278РО799','+7(925) 023-2953',1000,1,9,15,15,'---','---','Черный','Z8NTANZ51DSO21564',NULL,0),(177,'2019-10-06 11:00:00','2019-10-06 11:35:00','2019-10-06 11:35:00','Сердалазимов Руслан Имранович ( Махмед )',83,1,'Н715ОТ799','+7(917) 385-6178',3500,1,6,15,15,'---','---','Синий','Z94R241CALR171525',NULL,2),(178,'2019-10-06 11:00:00','2019-10-06 12:10:00','2019-10-06 12:10:00','Максим',15,4,'С836АВ761','+7(920) 252-8052',1000,1,2,15,15,'---','---','Черный','WBAFG41070L338826',NULL,2),(179,'2019-10-07 10:00:00','2019-10-09 10:40:00','2019-10-09 10:40:00','Огородников Никита Сергеевич (Юлия)',124,3,'О885ОС799','+7(985) 728-7415',26000,1,10,15,15,'---','Имеются повреждения пластика не Элементах интерьера салона . Кузов автомобиля загрезнен. После мойки , фото фиксация возможных повреждений .','Серый','JTJCV00W704010789',NULL,0),(180,'2019-10-07 12:00:00','2019-10-10 12:00:00','2019-10-10 12:00:00','Тихонов Иван Валерьевич',59,2,'Без номера','+7(926) 255-5512',125000,1,4,15,15,'---','---','Красный','WDC2533491F659673',NULL,2),(181,'2019-10-07 11:50:00','2019-10-07 15:50:00','2019-10-07 15:50:00','Еркин Виталий Львович',106,3,'Н818ЕК777','+7(916) 473-3311',6000,1,8,15,15,'---','---','Белый','RUTBH8FJ9E0012388',NULL,2),(182,'2019-10-07 13:50:00','2019-10-07 14:15:00','2019-10-07 14:15:00','Максим',14,3,'М383АХ197','+7(916) 632-2528',1000,1,2,15,15,'---','---','Черный','X4XZW61170L571096',NULL,0),(183,'2019-10-07 14:50:00','2019-10-07 21:00:00','2019-10-07 21:00:00','Крючков Вадим Дмитриевич',28,5,'М654РЕ799','+7(926) 823-8338',13000,1,1,15,15,'---','---','Вишневый','WAUZZZF52JA023695',NULL,2),(184,'2019-10-07 15:40:00','2019-10-07 18:10:00','2019-10-07 18:10:00','Герасименко Кирилл Андреевич',39,1,'В896УС750','+7(995) 886-4045',5000,1,2,15,15,'---','---','Синий','WBA5V51070AJ53730',NULL,2),(185,'2019-10-07 16:40:00','2019-10-07 19:10:00','2019-10-07 19:10:00','Мухаметжанов Руслан Рафикович',176,4,'К628РА799','+7(905) 555-0655',6000,1,19,15,15,'---','---','Серый','WP1ZZZ95ZKLB21141',NULL,2),(186,'2019-10-07 20:00:00','2019-10-11 12:30:00','2019-10-11 12:30:00','Грачева Светлана Станиславовна ( Александр )',14,3,'В565НХ777','+7(985) 979-4509',61000,1,2,15,24,'---','На левой двери царапина. Кузов автомобиля загрезнен по всем выявленным дефектам фото фиксация после мойки автомобиля','Черный','X4XK294900K23674',NULL,0),(187,'2019-10-07 20:29:00','2019-10-07 21:00:00','2019-10-07 21:00:00','Лалиашвили Гиоргий Акакиевич',41,1,'Р544РР77','+7(968) 571-5717',1000,1,2,15,15,'---','---','Синий','WBSFV91090D093942',NULL,0),(188,'2019-10-08 11:10:00','2019-10-08 12:50:00','2019-10-08 12:50:00','Потишко Максим Васильевич',35,2,'Без номера','+7(915) 300-0440',6000,1,1,15,15,'---','---','Черный','XW8ZZZF17LG000014',NULL,0),(189,'2019-10-08 13:00:00','2019-10-08 14:30:00','2019-10-08 14:30:00','Чекунаева Людмила Николаевна (Екатерина)',239,1,'У827ЕН777','+7(977) 895-3037',6000,1,35,15,15,'---','---','Серый','XW8ZZZ61ZEG020242',NULL,0),(190,'2019-10-08 14:50:00','2019-10-08 19:00:00','2019-10-08 19:00:00','Носов Андрей Алексеевич',104,3,'Р453ХР777','+7(903) 283-1561',2000,1,8,15,15,'---','---','Белый','JTMCV02J304179390',NULL,0),(191,'2019-10-08 17:00:00','2019-10-08 17:50:00','2019-10-08 17:50:00','Дроздов',12,2,'Р431ВО799','+7(925) 363-4422',1000,1,2,15,15,'---','---','Черный','X4XWY39440L585452',NULL,0),(192,'2019-10-09 12:00:00','2019-10-09 16:40:00','2019-10-09 16:40:00','Щекунц Евгения Анатольевна',175,2,'У780НЕ799','+7(925) 196-9601',8500,1,19,15,15,'---','---','Черный','WP1ZZZ9YZKDA10803',NULL,2),(193,'2019-10-09 14:50:00','2019-10-09 17:30:00','2019-10-09 17:30:00','Байрамов Фаган Афган Огрлы ( Максим )',90,1,'К631ХВ750','+7(926) 177-7997',4500,1,7,15,15,'---','---','Белый','XWEGT411BL0011874',NULL,0),(194,'2019-10-10 10:00:00','2019-10-12 11:00:00','2019-10-12 11:00:00','Житлов Никита Алексеевич',6,1,'Т613НА799','+7(963) 966-5544',65000,1,2,15,15,'---','Автомобиль загрезнен, фото фиксация дефектов после мойки .','Серый','WBA7A01000B299386',NULL,2),(195,'2019-10-10 12:00:00','2019-10-10 13:00:00','2019-10-10 13:00:00','Канчавели Давид Амиранович',49,1,'В151ТА197','+7(925) 377-4519',8000,1,4,15,15,'---','---','Черный','WDD2040311A907870',NULL,0),(196,'2019-10-10 13:35:00','2019-10-16 10:10:00','2019-10-16 10:10:00','Тарасов Игорь Алексеевич ( Сергей )',265,6,'Н095УР190','+7(919) 102-6942',29000,1,4,15,24,'---','---','Черный','WDF63981313764478',NULL,0),(197,'2019-10-10 20:00:00','2019-10-10 20:30:00','2019-10-10 20:30:00','Мокров Андрей Андреевич',17,2,'У423РВ197','+7(903) 271-7303',1500,1,3,15,15,'---','---','Черный','X9FPXXEEDPAJ82343',NULL,2),(198,'2019-10-11 10:15:00','2019-10-11 11:22:00','2019-10-11 11:22:00','АО АЛЬФАСТРАХОВАНИЕ (Михаил)',83,1,'Н448РЕ799','+7(926) 466-2512',4000,1,6,24,24,'---','---','Серый','Z94R241CALR147560',NULL,1),(199,'2019-10-11 12:40:00','2019-10-11 14:30:00','2019-10-11 15:30:00','Брадауцан Артем Семенович (Максим)',150,1,'Е295ЕУ190','+7(901) 331-8875',8500,1,15,24,24,'---','---','Зеленый','JMBSRCS9A7U000238',NULL,0),(200,'2019-10-11 18:40:00','2019-10-11 19:10:00','2019-10-11 19:10:00','Филаткина Елена Евгеньевна (Владимир)',12,2,'С652УТ750','+7(910) 452-6944',5500,1,2,24,24,'---','---','Коричневый','X4XWZ594100H78851',NULL,2),(201,'2019-10-11 19:22:00','2019-10-14 19:00:00','2019-10-14 19:00:00','Гакало Олег Сергеевич',246,1,'1444 КХ 1','+7(977) 805-8141',22500,1,35,24,15,'---','---','Черный','WVWZZZ3CZ9E559304',NULL,0),(202,'2019-10-12 11:17:00','2019-10-12 16:00:00','2019-10-12 16:00:00','Хисарова Фариза Имрановна (Вьет)',177,1,'В316РУ95','+7(925) 585-5678',54500,1,19,24,24,'---','---','Черный','WPOZZZ97ZCL081449',NULL,2),(203,'2019-10-12 16:30:00','2019-10-12 16:50:00','2019-10-12 16:50:00','Еркин Виталий Львович',106,3,'Н818ЕК777','+7(916) 473-3311',0,1,8,24,24,'---','---','Белый','RUTBH8FJ9E0012388',NULL,0),(204,'2019-10-12 18:40:00','2019-10-12 19:15:00','2019-10-12 19:15:00','Чувалов Леонид Леонидович',83,1,'Н262ОХ799','+7(925) 162-6850',4000,1,6,24,24,'---','---','Коричневый','Z94R241CBLR176724',NULL,0),(205,'2019-10-13 11:30:00','2019-10-13 12:00:00','2019-10-13 12:00:00','Якимович Евгений Андреевич (Никита)',154,1,'В150ВК50','+7(985) 822-9973',3500,1,16,24,24,'---','---','Черный','JN1BDAV36U0530164',NULL,0),(206,'2019-10-13 14:00:00','2019-10-13 15:20:00','2019-10-13 15:20:00','Мишина Елена Сергеевна',39,1,'Х304УХ750','+7(967) 194-2420',12000,1,2,24,24,'---','---','Белый','X4X8C994XOAG37496',NULL,0),(207,'2019-10-13 15:37:00','2019-10-13 16:20:00','2019-10-13 16:20:00','Цаплин Николай Олегович',66,1,'Т929АУ799','+7(915) 355-1451',1500,1,4,24,24,'---','---','Синий','WDD2211791A188242',NULL,0),(208,'2019-10-13 19:00:00','2019-10-13 20:20:00','2019-10-13 20:20:00','Талалаев Станислав Николаевич',100,1,'000','+7(925) 381-4423',5500,1,8,24,24,'---','---','Черный','XW78FYHK10S143970',NULL,2),(209,'2019-10-14 10:40:00','2019-10-16 11:00:00','2019-10-16 11:00:00','Грошиков Илья Валерьевич',158,4,'М102РЕ799','+7(926) 286-5560',50000,1,16,15,15,'---','Автомобиль загрезнен.  Фото фиксация дефектов после мойки .','Коричневый','3PCMANJ55Z0552616',NULL,0),(210,'2019-10-14 11:40:00','2019-10-14 17:15:00','2019-10-14 17:15:00','Королев Андрей Николевич',186,4,'В106РВ799','+7(903) 237-2587',13400,1,21,15,15,'---','Автомобиль загрезнен. Фотоф фиксация дефектов после мойки','Серый','XW8LJ6NS7KH420192',NULL,0),(211,'2019-10-15 10:00:00','2019-10-18 09:53:00','2019-10-18 09:53:00','Базарнова Инна Валерьевна (Алексей)',168,4,'О956КР77','+7(926) 158-0937',20000,1,17,15,15,'---','Автомобиль загрезнен . Фото фиксцаия дефектов после мойки','Серый','YV1DZ7O56B2166808',NULL,2),(212,'2019-10-15 12:30:00','2019-10-15 13:00:00','2019-10-15 13:00:00','OOO НАНОСОФТ ГРУПП МСК  (Александр)',265,6,'А455ХО 777','+7(926) 860-2900',2900,1,4,15,15,'---','---','Черный','WDF4481513331435',NULL,2),(213,'2019-10-15 14:30:00','2019-10-15 14:50:00','2019-10-15 14:50:00','Букин Олег Александрович (Максим)',56,4,'Р820АУ799','+7(912) 323-2020',1000,1,4,24,24,'---','---','Черный','WDB4632721X242498',NULL,0),(214,'2019-10-15 15:50:00','2019-10-15 17:00:00','2019-10-15 17:00:00','Михайлов Олег Вячеславович',30,2,'У369РВ77','+7(925) 351-9020',2500,1,1,24,24,'---','---','Черный','WAUZZZ4G7DN084350',NULL,2),(215,'2019-10-15 15:45:00','2019-10-15 17:00:00','2019-10-15 17:00:00','Ольшевский Андрей Витальевич',100,1,'У100НА197','+7(925) 555-0548',2500,1,8,24,24,'---','---','Черный','XW7BH4FK50S014605',NULL,0),(216,'2019-10-15 16:30:00','2019-10-15 17:00:00','2019-10-15 17:00:00','ООО Волгер (Александр)',176,4,'У756УО750','+7(999) 599-1111',1000,1,19,24,24,'---','---','Серый','WP1ZZZ95ZKLB15270',NULL,0),(217,'2019-10-15 19:00:00','2019-10-18 14:30:00','2019-10-18 14:30:00','Белозеров Сергей Викторович',194,4,'М019СН197','+7(916) 692-1920',52800,1,22,24,24,'---','---','Черный','JF1BR9L95BG082111',NULL,0),(218,'2019-10-16 10:00:00','2019-10-20 15:00:00','2019-10-20 15:00:00','Потишко Максим Валерьевич',35,4,'А415МО50','+7(915) 300-0440',69000,1,1,15,15,'---','Автомобиль загрезнен. Фото фиксаксация дефектов после мойки.','Черный','XW8ZZZF17LG000014',NULL,0),(219,'2019-10-16 11:43:00','2019-10-16 15:30:00','2019-10-16 15:30:00','Капранова Марина Геннадьевна (Олег)',247,2,'В641ОВ799','+7(985) 013-4550',13000,1,35,24,24,'---','---','Серый','XW8ZZZ5NZKG214028',NULL,0),(220,'2019-10-16 15:45:00','2019-10-16 18:10:00','2019-10-16 18:10:00','Григорьев Иван Викторович',48,2,'111','+7(985) 233-3793',13000,1,4,24,24,'---','---','Красный','WDD2470841J003481',NULL,2),(221,'2019-10-17 11:31:00','2019-10-17 12:30:00','2019-10-17 12:30:00','Темкин Максим Игоревич',104,3,'Х523ВН799','+7(916) 793-4728',6000,1,8,24,24,'---','---','Черный','JTMHV05J604115510',NULL,0),(222,'2019-10-17 17:00:00','2019-10-26 11:00:00','2019-10-26 11:00:00','Серебряков Михаил Борисович',116,1,'Х300НО799','+7(962) 956-2069',40000,1,9,24,24,'---','---','Черный','Z8NBBUJ32AS009588',NULL,1),(223,'2019-10-18 11:48:00','2019-10-18 13:15:00','2019-10-18 13:15:00','Давид',159,3,'С200АС190','+7(900) 291-2171',5500,1,16,24,24,'---','---','Вишневый','JN1JANZ62U0000934',NULL,0),(224,'2019-10-18 12:12:00','2019-10-18 15:43:00','2019-10-18 15:43:00','Якимович Евгений Андреевич (Никита)',154,1,'В150ВК50','+7(985) 822-9973',3500,1,16,24,24,'---','---','Черный','JN1BDAV36U0530164',NULL,0),(225,'2019-10-18 13:28:00','2019-10-18 14:15:00','2019-10-18 14:15:00','Гераськина Любовь Александровна (Павел)',39,1,'Н681ЕС799','+7(964) 576-9384',3000,1,2,24,24,'---','---','Серый','X4X8A594305K82174',NULL,2),(226,'2019-10-18 14:44:00','2019-10-18 14:53:00','2019-10-18 14:53:00','Гусейнова Айгюнь Латиф Кызы',228,3,'С014ТХ777','+7(905) 766-1382',2000,1,29,24,24,'---','---','Серый','SALGA2BE8JA395453',NULL,0),(227,'2019-10-18 15:12:00','2019-10-18 16:55:00','2019-10-18 16:55:00','Изотов Сергей Анатольевич',250,1,'О905АК197','+7(926) 815-4767',5000,1,27,24,24,'---','---','Черный','XWB3K32CDAA063677',NULL,2),(228,'2019-10-18 17:07:00','2019-10-18 18:12:00','2019-10-18 18:12:00','Лобанов Евгений Юрьевич',41,1,'О654КО799','+7(000) 000-0000',2500,1,2,24,24,'---','---','Черный','X4XNU55488CZ34763',NULL,0),(229,'2019-10-18 17:18:00','2019-10-21 17:18:00','2019-10-21 17:18:00','Голышев Андрей Юрьевич',146,3,'Н177МС777','+7(909) 657-9915',51500,1,14,24,24,'---','---','Черный','RUMTBEWYA01000175',NULL,2),(230,'2019-10-19 10:00:00','2019-10-19 13:40:00','2019-10-19 13:40:00','Семигин Сергей Сергеевич (Кирилл)',126,4,'С036РЕ799','+7(915) 230-3470',18500,1,10,15,15,'---','---','Черный','JTJBAMCA302064740',NULL,0),(231,'2019-10-19 12:30:00','2019-10-19 15:00:00','2019-10-19 15:00:00','Антонов Михаил Андреевич',27,1,'Р225ЕА799','+7(968) 653-4506',4500,1,1,15,15,'---','---','Серый','WAUZZZF41JA033898',NULL,2),(232,'2019-10-19 16:23:00','2019-10-19 19:00:00','2019-10-19 19:00:00','Канчавели Давид Амирович',49,1,'С711РЕ799','+7(925) 377-4519',8500,1,4,15,15,'---','---','Черный','WDD2040311A907870',NULL,0),(233,'2019-10-20 12:00:00','2019-10-20 13:20:00','2019-10-20 13:00:00','Корельский Владимир Викторович',87,2,'С171РН799','+7(995) 112-1312',4500,1,7,15,15,'---','---','Белый','XWEH2514GK0002126',NULL,2),(234,'2019-10-20 13:55:00','2019-10-21 12:30:00','2019-10-21 12:30:00','Степанова Евгения Андреевна (Павел)',101,2,'М777ВО750','+7(916) 885-8187',5300,1,8,15,15,'---','сколы , царвпины. вмятины по периметру кузова','Черный','NMTBB3JE70R0222295',NULL,2),(235,'2019-10-20 14:00:00','2019-10-20 15:25:00','2019-10-20 15:25:00','Волдашев Виталий Александрович',248,3,'Р217МТ777','+7(903) 241-4125',7000,1,35,15,15,'---','---','Серый','XW8ZZZPZFG000149',NULL,2),(236,'2019-10-20 15:25:00','2019-10-20 17:13:00','2019-10-20 17:13:00','Шадров Алексей Игоревич',54,1,'А767АА97','+7(910) 786-6269',11500,1,4,15,15,'---','---','Серый','WDD2183921A142921',NULL,2),(237,'2019-10-20 15:35:00','2019-10-20 15:55:00','2019-10-20 15:55:00','Буянов Валентин Сергеевич',39,1,'Е692КА777','+7(926) 381-1680',1000,1,2,15,15,'---','---','Белый','X4X3B19430J121900',NULL,2),(238,'2019-10-20 16:17:00','2019-10-20 18:05:00','2019-10-20 18:05:00','Татьяна',128,5,'А621ЕР97','+7(916) 500-7677',7500,1,11,15,15,'---','---','Серый','WOLPD2DC1CG063069',NULL,2),(239,'2019-10-20 16:30:00','2019-10-20 17:05:00','2019-10-20 17:05:00','Губанов Сергей Викторович',143,1,'О867НЕ777','+7(916) 686-2858',1500,1,14,15,15,'---','---','Серый','RUMGJ4268FV016068',NULL,2),(240,'2019-10-20 17:12:00','2019-10-20 20:30:00','2019-10-20 20:30:00','Рассказов Михаил Александрович',12,2,'К860РЕ799','+7(916) 100-8405',10500,1,2,15,15,'---','---','Серый','WBATR91030LS94236',NULL,2),(241,'2019-10-20 17:34:00','2019-10-20 19:00:00','2019-10-20 19:00:00','Перепелкин Дмитрий Анатольевич',239,5,'Е615ОТ799','+7(909) 965-7656',6500,1,35,15,15,'---','---','Серый','WVWZZZ1KZ8W306640',NULL,0),(242,'2019-10-20 18:50:00','2019-10-20 20:00:00','2019-10-20 20:00:00','Шадров Алексей Игоревич',54,1,'А767АА97','+7(910) 786-6269',1500,1,4,15,15,'---','---','Серый','WDD2183921A142921',NULL,2),(243,'2019-10-20 19:00:00','2019-10-20 20:42:00','2019-10-20 20:42:00','Хотлубей Сергей Иванович',41,1,'Р897РЕ799','+7(916) 329-0919',1500,1,2,15,15,'---','---','Серый','X4XJC39410WB52116',NULL,2),(244,'2019-10-21 11:46:00','2019-10-21 12:20:00','2019-10-21 12:20:00','Буянкина Алена Сергеевна',266,5,'М756ТР777','+7(903) 777-5040',1000,1,12,24,24,'---','---','Оранжевый','WMWXM910902D63519',NULL,2),(245,'2019-10-21 12:45:00','2019-10-21 13:45:00','2019-10-21 13:45:00','Куликова Надежда Николаевна ( Александр )',126,3,'К002МС777','+7(991) 336-2451',2500,1,10,24,24,'---','---','Серый','JTJBK11A202438763',NULL,0),(246,'2019-10-21 18:06:00','2019-10-23 20:35:00','2019-10-23 20:35:00','Семигин Сергей Сергеевич (Кирилл)',126,3,'С036РЕ799','+7(915) 230-3470',82500,1,10,24,24,'---','---','Черный','JTJBAMCA302064740',NULL,0),(247,'2019-10-22 09:51:00','2019-10-22 11:15:00','2019-10-22 11:15:00','Ботика Алексей Александрович',170,4,'М214КО799','+7(926) 266-4646',5500,1,17,24,24,'---','---','Синий','YV1BZ8256D1163012',NULL,2),(248,'2019-10-22 11:15:00','2019-10-22 12:53:00','2019-10-22 12:53:00','Юсибов Михаил Фазилович',27,1,'М870РМ799','+7(903) 556-5546',4500,1,1,24,24,'---','---','Черный','WAUZZZF40KA101349',NULL,0),(250,'2019-10-22 13:01:00','2019-10-22 14:17:00','2019-10-22 14:17:00','Курочкин Александр Сергеевич',51,1,'А931ОХ799','+7(906) 750-6141',5500,1,4,24,24,'---','---','Серый','WDD1183871N025833',NULL,0),(251,'2019-10-22 13:37:00','2019-10-22 16:10:00','2019-10-22 16:10:00','Кожушко Александр Иванович',243,6,'С015РС777','+7(903) 721-0861',11000,1,35,24,24,'---','---','Коричневый','WV2ZZZ7HZGH017883',NULL,0),(252,'2019-10-22 14:39:00','2019-10-22 16:10:00','2019-10-22 16:10:00','Караваев Александр Владимирович',191,4,'М929ВХ799','+7(903) 617-4569',4500,1,22,24,24,'---','---','Черный','JF1SJ9LC5JG276001',NULL,0),(253,'2019-10-22 17:12:00','2019-10-22 17:55:00','2019-10-22 17:55:00','Старченков Олег Сергеевич',6,1,'С005КТ177','+7(925) 814-8189',3000,1,2,24,24,'---','---','Черный','X4XYF81160D185299',NULL,2),(254,'2019-10-23 10:37:00','2019-10-23 12:15:00','2019-10-23 12:15:00','Афонин Алексей Владимирович',229,4,'К153МС777','+7(916) 526-4407',3200,1,29,24,24,'---','---','Белый','SALVA2BDXDH720792',NULL,0),(255,'2019-10-23 12:52:00','2019-10-23 13:24:00','2019-10-23 13:24:00','Алешина Екатерина Валериевна',39,1,'У288НХ777','+7(903) 551-0811',5000,1,2,24,24,'---','---','Синий','X4XPF78480E711500',NULL,0),(256,'2019-10-23 13:17:00','2019-10-23 14:20:00','2019-10-23 14:20:00','Манкевич Сергей Леонидович',14,3,'Е872РН150','+7(916) 822-6733',6000,1,2,24,24,'---','---','Белый','X4XKS494700X75558',NULL,0),(257,'2019-10-23 19:00:00','2019-10-23 19:30:00','2019-10-23 19:30:00','Тураев Кирилл Андреевич',41,1,'С842СС99','+7(985) 762-8120',2000,1,2,24,24,'---','---','Синий','X4X5C39430D433053',NULL,0),(258,'2019-10-23 20:42:00','2019-10-23 21:00:00','2019-10-23 21:00:00','Свириденко Алексей Владимирович',39,1,'М369КЕ799','+7(999) 835-0043',3000,1,2,24,NULL,'---','---','Синий','X4X8C79490EF52829',NULL,0),(260,'2019-10-24 12:51:00','2019-10-24 20:54:00','2019-10-24 20:54:00','Турищев Алексей Вячеславович',39,1,'М483РА799','+7(909) 750-1259',8500,1,2,24,24,'---','---','Белый','WBA5V51090FH28707',NULL,2),(261,'2019-10-24 14:44:00','2019-10-24 20:53:00','2019-10-24 20:53:00','Виталий',138,5,'В237НУ150','+7(929) 622-1467',7500,1,13,24,24,'---','---','Голубой','VF7LANFUF74441714',NULL,2),(262,'2019-10-24 15:08:00','2019-10-24 16:56:00','2019-10-24 16:56:00','Нацвлишвили Михаил Михайлович',247,4,'А505РЕ799','+7(968) 530-2017',5500,1,35,24,24,'---','---','Серый','XW8ZZZ5NZLG000711',NULL,2),(263,'2019-10-24 17:12:00','2019-10-28 09:15:00','2019-10-28 09:15:00','Огородников Никита Сергеевич (Юлия)',123,3,'О885ОС799','+7(985) 728-7415',80000,1,10,24,24,'---','Царапины на крыше и заднем спойлере автомобиля','Серый','JTJCV00W704010789',NULL,0),(264,'2019-10-25 10:14:00','2019-10-26 09:40:00','2019-10-26 09:40:00','Хилова Наталия Владимировна (Константин)',187,2,'Р627РК799','+7(903) 687-2525',18000,1,21,15,15,'---','---','Коричневый','XW8AC4NE6KH029549',NULL,2),(265,'2019-10-25 13:50:00','2019-10-25 17:15:00','2019-10-25 17:15:00','Торбина Анастасия Сергеевна ( Артем)',39,1,'У989ЕВ799','+7(985) 536-3663',3500,1,2,15,15,'---','---','Черный','WBA3D31000F240855',NULL,0),(266,'2019-10-25 14:00:00','2019-10-25 15:35:00','2019-10-25 15:35:00','Соломасов Иван Андреевич',229,4,'Р018МУ777','+7(909) 633-4047',6500,1,29,15,15,'---','---','Коричневый','SALVA2A2BG8FH013266',NULL,2),(267,'2019-10-26 10:00:00','2019-10-26 13:00:00','2019-10-26 13:00:00','Полифорова София Владимировна',97,4,'000','+7(967) 055-7771',11500,1,7,15,15,'---','---','Белый','XWEPH81ADK0036949',NULL,0),(268,'2019-10-26 10:30:00','2019-10-26 11:50:00','2019-10-26 11:50:00','Федоров Павел Васильевич',74,4,'С515РВ77','+7(967) 042-4613',4500,1,6,15,15,'---','---','Черный','Z94G2813BLR215101',NULL,2),(269,'2019-10-26 12:20:00','2019-10-26 17:50:00','2019-10-26 17:50:00','Юрьев Константин Николаевич (Алиса)',47,2,'А527ОЕ99','+7(916) 335-3434',20000,1,4,15,NULL,'---','Повреждение пер. бампера','Серый','WDD1770871V033423',NULL,0),(270,'2019-10-26 13:13:00','2019-10-26 18:00:00','2019-10-26 18:00:00','Васильев Сергей Михайлович',17,1,'К385КТ799','+7(925) 851-6054',3000,1,3,15,15,'---','---','Серый','X9HXXEEDH9U21923',NULL,2),(271,'2019-10-26 15:40:00','2019-10-26 17:30:00','2019-10-26 17:30:00','Батеев Дмитрий Юрьевич',119,1,'У904РВ799','+7(988) 996-4646',8000,1,10,15,NULL,'---','---','Серый','JTHB11B1702008139',NULL,0),(272,'2019-10-26 16:00:00','2019-10-26 17:00:00','2019-10-26 17:00:00','Носова Елена Николаевна (Руслан)',267,4,'М845НУ199','+7(903) 752-6700',2500,1,24,15,15,'---','---','Черный','SHSRE58508U033436',NULL,2),(273,'2019-10-26 18:40:00','2019-10-26 19:20:00','2019-10-26 19:20:00','Ярочкин Алексей Викторович',98,2,'Н789ОВ799','+7(926) 245-6825',1200,1,7,15,15,'---','---','Черный','XWEE251ABJ0000016',NULL,0),(274,'2019-10-27 11:10:00','2019-10-27 13:20:00','2019-10-27 13:20:00','Майоров Юрий Юрьевич',168,4,'Н248ОУ799','+7(926) 566-3770',10500,1,17,24,24,'---','---','Голубой','LYVUZ08ACKB385292',NULL,2),(275,'2019-10-27 16:09:00','2019-10-27 17:00:00','2019-10-27 17:00:00','ООО \"ВИТЕХ\" (Ченцов Сергей Александрович)',59,4,'В119РВ799','+7(985) 762-4863',0,1,4,24,24,'---','---','Черный','WDC2539091V165757',NULL,2),(276,'2019-10-27 17:55:00','2019-10-27 18:51:00','2019-10-27 18:51:00','Шохобалова Кристина Алексеевна (Павел)',18,1,'Е637ЕВ750','+7(967) 013-9014',3000,1,3,24,24,'---','---','Белый','Z6FDXXEECDFL00818',NULL,0),(277,'2019-10-27 19:00:00','2019-10-27 20:00:00','2019-10-27 20:00:00','Борис',39,3,'Без номера','+7(985) 704-2121',5500,1,39,24,24,'---','---','Синий','XZGEF06A0KA303184',NULL,0),(278,'2019-10-27 20:01:00','2019-10-27 21:00:00','2019-10-27 21:00:00','Леонов Александр Андреевич',246,1,'Р033КА750','+7(909) 693-4647',5000,1,35,24,24,'---','---','Черный','WVWZZZ3CZEP010096',NULL,2),(279,'2019-10-28 10:00:00','2019-10-28 12:20:00','2019-10-28 12:20:00','Митрошин Олег Сергеевич',202,1,'Х621УХ177','+7(964) 535-1090',5500,1,24,24,24,'---','---','Синий','JHMFD16407S224004',NULL,0),(280,'2019-10-28 13:30:00','2019-10-28 14:20:00','2019-10-28 14:20:00','Куликова Надежда Николаевна ( Александр )',126,3,'К002МС777','+7(991) 336-2451',800,1,10,24,24,'---','---','Черный','JTJBK11A202438763',NULL,2),(281,'2019-10-28 14:05:00','2019-10-28 15:40:00','2019-10-28 15:40:00','Мохов Илья Евгеньевич',39,1,'Е161АА777','+7(903) 626-7114',5500,1,2,24,24,'---','---','Черный','X4X3B19450J120182',NULL,0),(282,'2019-10-28 17:52:00','2019-10-28 18:10:00','2019-10-28 18:10:00','ООО ЧОО КОМЕНДАНТ ( Алексей)',162,3,'А992ОХ799','+7(977) 593-3669',3500,1,16,24,24,'---','---','Синий','JN1JANZ62U0100030',NULL,0),(283,'2019-10-28 18:47:00','2019-11-01 11:00:00','2019-11-01 11:00:00','Федосеева Анастасия Михайловна (Алексей)',248,3,'Е195ТА159','+7(977) 263-8800',19000,1,35,24,15,'---','---','Черный','XW8ZZ7PZEG009180',NULL,2),(284,'2019-10-29 10:00:00','2019-10-29 11:00:00','2019-10-29 11:00:00','Клусова Тамара Павловна',58,4,'А576ЕО750','+7(963) 636-8566',2500,1,4,24,24,'---','---','Белый','WDC1569461J032783',NULL,2),(285,'2019-10-29 11:40:00','2019-10-29 14:30:00','2019-10-29 14:30:00','Руслан',39,1,'Е022НУ799','+7(925) 809-7717',15000,1,2,24,24,'---','---','Серый','WBA5V71040AH94641',NULL,2),(286,'2019-10-29 15:20:00','2019-10-29 16:26:00','2019-10-29 16:26:00','Косых Валерий Владимирович',104,3,'А051МР90','+7(111) 111-1111',2000,1,8,24,24,'---','---','Черный','JTMCV02J804209869',NULL,0),(287,'2019-10-29 19:39:00','2019-10-29 20:10:00','2019-10-29 20:10:00','Ачибаева Диана Синатловна',83,1,'О312ВМ186','+7(922) 414-2073',5500,1,6,24,24,'---','---','Коричневый','Z94CU51CBHR145640',NULL,0),(288,'2019-10-29 20:25:00','2019-10-29 21:00:00','2019-10-29 21:00:00','Шабанов Никита Дмитриевич',41,1,'А558ТТ750','+7(926) 073-7294',800,1,2,24,24,'---','---','Серый','X4XFP1542AC484022',NULL,0),(289,'2019-10-31 10:30:00','2019-10-31 11:30:00','2019-10-31 11:30:00','ПОСТОЯННОЕ ПРЕДСТАВИТЕЛЬСТВО РЕСПУБЛИКИ АДЫГЕЯ ПРИ ПРЕЗИДЕНТЕ РФ (Жоров Николай Александрович)',100,1,'Т189НК799','+7(928) 444-1516',1500,1,8,15,15,'---','---','Черный','XW7BF4HKX0S126545',NULL,2),(290,'2019-10-31 10:30:00','2019-10-31 11:30:00','2019-10-31 11:30:00','ПОСТОЯННОЕ ПРЕДСТАВИТЕЛЬСТВО РЕСПУБЛИКИ АДЫГЕЯ ПРИ ПРЕЗИДЕНТЕ РФ (Жоров Николай Александрович)',100,1,'М016НК799','+7(928) 444-1516',3800,1,8,15,15,'---','---','Черный','XW7BF4HK60S127594',NULL,2),(291,'2019-10-31 12:57:00','2019-10-31 14:30:00','2019-10-31 14:30:00','Антипина Галина Юрьевна (Олег Борисович)',247,4,'Н663ЕК799','+7(985) 763-6999',8300,1,35,15,15,'---','---','Черный','XW8ZZZ5NZJG223117',NULL,2),(292,'2019-10-31 16:30:00','2019-10-31 18:00:00','2019-10-31 18:00:00','Шмакова Анна Петровна ( Андрей)',12,4,'К066ВУ799','+7(922) 199-9468',5500,1,2,15,15,'---','---','Синий','X4XWX394X00K72331',NULL,2),(293,'2019-10-31 18:40:00','2019-10-31 19:15:00','2019-10-31 19:15:00','Десятов Владислав Александрович',55,1,'Х686НО799','+7(917) 523-0911',1500,1,4,15,15,'---','---','Черный','WDD2130871A635805',NULL,2),(295,'2019-11-01 12:00:00','2019-11-02 20:00:00','2019-11-03 20:00:00','Глотов Дмитрий Валентинович',41,4,'Т867УА197','+7(926) 229-8932',0,1,2,15,15,'---','---','Черный','WBAPX31000C080907',NULL,0),(296,'2019-11-01 13:15:00','2019-11-02 19:20:00','2019-11-02 19:20:00','Андрианова Юлия Владимировна (Дмитрий_',14,4,'Р647РР197','+7(925) 190-4041',9400,1,2,15,24,'---','Многочисленные  повреждения по периметру кузова автомобиля','Черный','X4XZV411X00E62238',NULL,2),(297,'2019-11-01 15:30:00','2019-11-03 19:52:00','2019-11-03 19:52:00','Голубенков Игорь Олегович',187,2,'О935АК799','+7(901) 553-3771',30000,1,21,15,24,'---','Автомобиль загрезнен. Фото фиксация дефектов после мойки .','Белый','XW8AC6NE2JH007218',NULL,2),(298,'2019-11-02 09:07:00','2019-11-06 11:00:00','2019-11-06 11:00:00','Емелин Игорь Александрович ( Рустам)',92,1,'Т140ЕА799','+7(925) 323-1099',60400,1,7,24,15,'---','Вмятины . царапины по периметру кузова. Сколы на элементах кузова.','Черный','XWELW413BH0000787',NULL,2),(299,'2019-11-02 09:45:00','2019-11-02 10:12:00','2019-11-02 10:12:00','Ковалев Павел Алексеевич',202,1,'А772КУ177','+7(916) 147-6128',1000,1,24,24,24,'---','---','Черный','JHMFD16706S205899',NULL,2),(300,'2019-11-02 12:00:00','2019-11-02 13:44:00','2019-11-02 13:44:00','Нестеренко Алла Сергеевна',54,1,'Е080ОВ799','+7(925) 859-3375',6000,1,4,24,24,'---','---','Черный','WDD2573511AO36793',NULL,2),(301,'2019-11-02 13:08:00','2019-11-02 13:30:00','2019-11-02 13:30:00','Филатов Дмитрий Евгеньевич (Савелий)',202,1,'С376СК199','+7(915) 016-0061',1000,1,24,24,24,'---','---','Серый','JHMFD16207S210946',NULL,2),(302,'2019-11-02 14:02:00','2019-11-02 17:15:00','2019-11-02 17:15:00','Ландау Дарья Михайловна',55,5,'Т361ЕМ799','+7(926) 597-5457',10000,1,4,24,24,'---','---','Белый','WDD2383431F061565',NULL,0),(303,'2019-11-03 09:24:00','2019-11-03 10:50:00','2019-11-03 10:50:00','Мелякин Алексей Викторович',14,3,'Т421РС777','+7(926) 579-8896',6500,1,2,24,24,'---','---','Белый','X4XZW41180L830232',NULL,2),(304,'2019-11-03 14:21:00','2019-11-03 17:24:00','2019-11-03 17:24:00','Данилов Михаил Юрьевич',38,5,'Р221РС799','+7(964) 532-2222',18500,1,2,24,24,'---','---','Черный','WBA2J710907E69561',NULL,0),(305,'2019-11-03 17:31:00','2019-11-03 19:42:00','2019-11-03 19:42:00','Эмиль',29,1,'Без номера','+7(962) 956-9911',8000,1,1,24,24,'---','---','Черный','WAUZZZF26KN043710',NULL,2),(306,'2019-11-03 20:15:00','2019-11-03 20:30:00','2019-11-03 20:30:00','Амир',61,4,'Т235ОР799','+7(825) 866-3125',1500,1,4,24,24,'---','---','Белый','WDC2049841G086482',NULL,2),(307,'2019-11-04 10:35:00','2019-11-04 11:10:00','2019-11-04 11:10:00','Харитонов Денис Александрович',60,3,'М286ММ99','+7(919) 101-0990',1000,1,4,24,24,'---','---','Черный','WDC1671191A028480',NULL,2),(308,'2019-11-04 11:45:00','2019-11-04 13:28:00','2019-11-04 13:28:00','Коренкова Людмила Михайловна',108,4,'М991ОХ799','+7(964) 522-5239',9000,1,8,24,24,'---','---','Синий','XW7RFREV80S020377',NULL,0),(309,'2019-11-04 14:46:00','2019-11-04 15:40:00','2019-11-04 15:40:00','Данилов Михаил Юрьевич',38,5,'Р221РС799','+7(964) 532-2222',1500,1,2,24,24,'---','---','Черный','WBA2J710907E69561',NULL,0),(310,'2019-11-04 15:47:00','2019-11-04 18:12:00','2019-11-04 18:12:00','Фейгин Александр Ильич',168,4,'М141ОХ799','+7(926) 274-1590',16500,1,17,24,24,'---','---','Черный','LYVUZ08ACKB354741',NULL,2),(311,'2019-11-05 12:05:00','2019-11-05 12:40:00','2019-11-05 12:40:00','Сироус Владислав Анатольевич',41,1,'С939РН799','+7(913) 947-3236',5000,1,2,24,24,'---','---','Черный','X4XJC59450WG04077',NULL,2),(312,'2019-11-05 15:01:00','2019-11-05 17:30:00','2019-11-05 17:30:00','ООО ГАЗ ТРАНС ( Павел)',66,1,'Х888ОО197','+7(977) 117-1762',5500,1,4,24,24,'---','---','Черный','WDD2221821AO14784',NULL,0),(313,'2019-11-05 16:54:00','2019-11-05 19:44:00','2019-11-05 19:44:00','Толстова Наталья Викторовна (Павел)',55,5,'Е356НУ799','+7(929) 918-7898',17500,1,4,24,24,'---','---','Белый','WDD2383431F093144',NULL,2),(314,'2019-09-01 11:11:00','2019-09-01 11:11:00','2019-09-01 11:11:00','Манков',22,1,'о000оо00','+7(777) 777-7777',542269,1,1,15,15,'приход','приход','приход',NULL,NULL,0),(315,'2019-11-06 10:30:00','2019-11-06 11:10:00','2019-11-06 11:10:00','Боронов Сергей Евгеньевич',108,4,'К744УК777','+7(616) 074-1092',1500,1,8,15,15,'---','---','Белый','JTMDDEV80J028558',NULL,2),(316,'2019-11-06 13:55:00','2019-11-06 15:00:00','2019-11-06 15:00:00','Аушев Аслан Хамзатович',55,1,'М690ОМ777','+7(925) 172-5522',3500,1,4,15,15,'---','---','Белый','WDD2120341B217100',NULL,2),(317,'2019-11-06 15:15:00','2019-11-06 16:00:00','2019-11-06 16:00:00',':Жарова Ирина Александровна (Николай)',100,1,'Е199УВ123','+7(928) 444-1516',400,1,8,15,15,'---','---','Белый','XW7BF4HK00S115781',NULL,2),(318,'2019-11-06 18:10:00','2019-11-06 18:55:00','2019-11-06 18:55:00','Григорян  Самвел Оганнесов (Тигран)',100,1,'М005КВ77','+7(994) 555-5455',1750,1,8,15,15,'---','---','Черный','XW7BKYK60S110736',NULL,2),(319,'2019-11-06 20:00:00','2019-11-06 20:30:00','2019-11-06 20:30:00','Беликов Виктор Павлович ( Анастасия)',270,3,'О742РС799','+7(926) 709-0691',2000,1,7,15,15,'---','---','Серый','XWEKN814DD0001491',NULL,0),(320,'2019-11-07 13:30:00','2019-11-07 14:20:00','2019-11-07 14:20:00','Есаян АсмикМесроповна (Валерий)',271,5,'Н184КН799','+7(926) 704-2413',2000,1,6,15,15,'---','---','Синий','MALBC31CH9M001437',NULL,0),(321,'2019-11-07 14:30:00','2019-11-07 15:30:00','2019-11-07 15:30:00','Лихачев Никита Васильевич',55,1,'М008ЕР159','+7(902) 805-8999',1000,1,4,15,15,'---','---','Белый','WDD2073341F278697',NULL,0),(322,'2019-11-07 14:00:00','2019-11-11 10:50:00','2019-11-11 10:50:00','Лизингополучатель  ООО  \"КГ  ВСК\"  (Максим)',60,4,'О848РТ799','+7(905) 509-5346',134500,1,4,15,24,'---','---','Синий','WDC2923241A146822',NULL,1),(323,'2019-11-08 09:32:00','2019-11-08 11:55:00','2019-11-08 11:55:00','Юрасов Сергей Витальевич',93,2,'Т027РС777','+7(926) 587-3932',4900,1,7,24,24,'---','---','Белый','Z94CC51BBGR070585',NULL,2),(324,'2019-11-08 10:00:00','2019-11-10 13:24:00','2019-11-10 13:24:00','Пекелис Наталья Александровна (Александр)',133,2,'О453СУ777','+7(903) 731-6604',14400,1,12,24,24,'---','---','Зеленый','WMWZB31060WS62858',NULL,0),(325,'2019-11-08 11:13:00','2019-11-14 14:00:00','2019-11-14 14:00:00','ООО ЧОО КОМЕНДАНТ ( Алексей)',162,3,'А992ОХ799','+7(977) 593-3669',76000,1,16,24,15,'---','---','Синий','JN1JANZ62U0100030',NULL,1),(326,'2019-11-08 14:32:00','2019-11-08 16:00:00','2019-11-08 16:00:00','Авдеев Александр Николаевич',151,3,'С653ЕМ799','+7(919) 786-0088',6500,1,15,24,24,'---','---','Белый','Z8TXLGF4WHM037993',NULL,2),(327,'2019-11-08 16:34:00','2019-11-08 18:20:00','2019-11-08 18:20:00','Гришина Екатерина Олеговна',93,4,'М245ЕА197','+7(906) 735-0991',4000,1,7,24,24,'---','---','Бежевый','X4XDC243350002517',NULL,2),(328,'2019-11-08 19:42:00','2019-11-09 14:00:00','2019-11-09 14:00:00','Курочкин Юрий Викторович',15,4,'М542КХ799','+7(927) 832-8173',8000,1,2,24,24,'---','---','Синий','X4XKV294000Z94681',NULL,2),(329,'2019-11-09 10:21:00','2019-11-09 12:20:00','2019-11-09 12:20:00','Трегубенко Михаил Михайлович',39,1,'Х420ЕС77','+7(985) 777-2470',10500,1,2,24,24,'---','---','Серый','WBA3D51070J457408',NULL,2),(330,'2019-11-09 14:10:00','2019-11-09 15:20:00','2019-11-09 15:20:00','Негомедзянова Елена Александровна',144,4,'Р294АР799','+7(916) 850-8530',3000,1,14,24,24,'---','---','Красный','RUMKEEWLA00011260',NULL,2),(331,'2019-11-09 16:03:00','2019-11-09 17:20:00','2019-11-09 17:20:00','ООО АГПАЙП',60,3,'Х153ХХ197','+7(926) 567-2656',3000,1,4,24,24,'---','---','Белый','WDC1671231A079268',NULL,0),(332,'2019-11-09 17:17:00','2019-11-09 20:04:00','2019-11-09 20:04:00','Румак Денис Леонидович',124,3,'Х939ОР','+7(915) 299-9712',9500,1,10,24,24,'---','---','Серый','JTJCV00W104011064',NULL,2),(333,'2019-11-10 14:20:00','2019-11-10 16:45:00','2019-11-10 16:45:00','Дмитриев Вячеслав Владимирович',82,3,'Н936СА799','+7(926) 569-2601',16000,1,6,24,24,'---','---','Черный','XWES381CDL0008217',NULL,0),(334,'2019-11-10 16:57:00','2019-11-10 17:53:00','2019-11-10 17:53:00','Адамская Алена Александровна',39,1,'О812ЕХ777','+7(926) 671-6488',5500,1,2,24,24,'---','---','Черный','WBA8A51010AE76280',NULL,2),(335,'2019-11-10 18:54:00','2019-11-10 21:00:00','2019-11-10 21:00:00','ООО ТКТ (Андрей)',245,6,'Р549РС799','+7(916) 594-2729',10500,1,35,24,24,'---','---','Черный','WV2ZZZ7HZKH094517',NULL,0),(336,'2019-11-10 19:45:00','2019-11-10 21:00:00','2019-11-10 21:00:00','Губанов Сергей Викторович',143,1,'О867НЕ777','+7(916) 686-2858',1500,1,14,24,24,'---','---','Серый','RUMGJ4268FV016068',NULL,0),(337,'2019-11-11 14:49:00','2019-11-11 17:00:00','2019-11-11 17:00:00','Зубарева Светлана Владимировна',166,2,'Н251ХВ77','+7(916) 142-5748',2600,1,17,24,24,'---','---','Синий','YV1MZ4256E2035393',NULL,2),(338,'2019-11-11 14:00:00','2019-11-11 18:10:00','2019-11-11 18:10:00','Дудаев Магомед Исаевич',119,1,'Е406РА799','+7(925) 083-8888',2500,1,10,24,24,'---','---','Черный','JTHBK1GGX02254877',NULL,2),(339,'2019-11-11 18:20:00','2019-11-11 20:40:00','2019-11-11 20:40:00','Солдатова Анна Валерьевна ( Виталий )',33,2,'Х227РО799','+7(963) 677-8883',12000,1,1,24,24,'---','---','Синий','WAUZZZFY4L2000331',NULL,0),(340,'2019-11-12 10:37:00','2019-11-13 21:00:00','2019-11-13 21:00:00','Серегина Екатерина Викторовна (Михаил)',26,2,'Х225УС96','+7(982) 646-5035',17000,1,1,15,15,'---','Автомобиль загрезнен. Фото фиксация дефектов после мойки.','Белый','WAUZZZ8P0CA009683',NULL,0),(341,'2019-11-12 13:00:00','2019-11-12 14:30:00','2019-11-12 14:30:00','Васильев Сергей Валерьевич',272,3,'111','+7(985) 062-7674',6000,1,39,15,15,'---','---','Черный','LGWFF8A65KH909602',NULL,0),(342,'2019-11-12 16:40:00','2019-11-12 17:15:00','2019-11-12 17:15:00','Софонцева Раиса Ивановна',45,4,'Е969ОЕ750','+7(916) 512-2258',7000,1,3,15,15,'---','---','Серый','Z6FAXXESMAHM60563',NULL,2),(343,'2019-11-12 17:30:00','2019-11-12 18:30:00','2019-11-12 18:30:00','Попкова Наталья Александровна (Николай)',128,2,'К304ОЕ199','+7(905) 773-0383',3500,1,11,15,15,'---','---','Черный','XUF0AHL488B016589',NULL,0),(344,'2019-11-13 11:00:00','2019-11-13 12:40:00','2019-11-13 12:40:00','Андреев Михаил Юрьевич',273,1,'В068МВ799','+7(916) 261-0696',5000,1,40,15,15,'---','---','Черный','1C3ACB6K37N636896',NULL,0),(345,'2019-11-13 14:00:00','2019-11-13 15:00:00','2019-11-13 15:00:00','Улогов Давид Патаевич',15,4,'Т092РО71','+7(962) 984-4666',3900,1,2,15,15,'---','---','Белый','X4XFG21170L515863',NULL,2),(346,'2019-11-13 14:30:00','2019-11-13 17:05:00','2019-11-13 17:05:00','Петросян Армен Мартинович',100,1,'А765МО77','+7(968) 077-7755',11500,1,8,15,15,'---','---','Черный','XW7BF4FK40S162623',NULL,0),(347,'2019-11-13 17:30:00','2019-11-13 18:45:00','2019-11-13 18:45:00','ООО \" Лизингплан рус\"  (Константин)',29,1,'Е383РТ799','+7(916) 200-2968',5500,1,1,15,15,'---','---','Черный','WAUZZZF25LN006746',NULL,2),(348,'2019-11-13 19:35:00','2019-11-16 12:30:00','2019-11-16 12:30:00','Луганский Илья Владимирович  (Артем)',217,1,'Р418ТТ197','+7(925) 772-6472',32000,1,26,15,15,'---','Автомобиль загрезнен. Фото фиксация дефектов после мойки кузова .','Голубой','SAJAA06M39FR30241',NULL,0),(349,'2019-11-14 13:30:00','2019-11-14 14:30:00','2019-11-14 14:30:00','Кузнецов Вадим Владимирович',225,3,'Р824ЕХ799','+7(926) 777-7029',3900,1,29,15,15,'---','---','Черный','SALLAAAF6DA685030',NULL,0),(350,'2019-11-14 16:00:00','2019-11-14 18:55:00','2019-11-14 18:55:00','Константинова Римма Ивановна  (Дмитрий)',44,4,'Е105НТ750','+7(916) 123-1901',10500,1,3,15,15,'---','---','Белый','Z6FBXXESWBGL49851',NULL,2),(351,'2019-11-14 19:15:00','2019-11-18 19:30:00','2019-11-18 19:30:00','ООО \"ПМТКН АРМАДА  (Тарасова Марина Юрьевна)',49,1,'Е770РТ799','+7(905) 789-8534',15500,1,4,15,15,'---','---','Белый','WDD2050781R517050',NULL,1),(352,'2019-11-14 19:30:00','2019-11-19 16:30:00','2019-11-19 16:30:00','Шабанов Никита Дмитриевич',41,1,'А558ТТ750','+7(926) 073-7294',12000,1,2,15,15,'---','---','Серый','X4XFP1542AC484022',NULL,0),(353,'2019-11-15 12:05:00','2019-11-15 18:15:00','2019-11-15 18:15:00','Брусненский Георгий Александрович',14,3,'Т222МК99','+7(926) 490-4747',14000,1,2,24,24,'---','---','Черный','X4XKS494100H01832',NULL,0),(354,'2019-11-15 18:15:00','2019-11-15 21:00:00','2019-11-15 21:00:00','Степанова Галина Викторовна (Василий)',184,2,'У067ХН197','+7(909) 915-9955',11000,1,20,24,24,'---','---','Синий','X7LBSRC2HCH569379',NULL,0),(355,'2019-11-15 20:15:00','2019-11-15 22:00:00','2019-11-15 22:00:00','Гайдалович Егор Александрович',248,2,'Х619МС777','+7(916) 315-7721',2400,1,35,24,24,'---','---','Черный','WVGZZZ5NZEW112201',NULL,2),(356,'2019-11-16 09:30:00','2019-11-17 19:00:00','2019-11-17 19:00:00','Свириденко Алексей Владимирович',39,1,'М369КЕ799','+7(999) 835-0043',12000,1,2,24,24,'---','---','Синий','X4X8C79490EF52839',NULL,0),(357,'2019-11-16 10:50:00','2019-11-16 11:30:00','2019-11-16 11:30:00','Трегубенко Михаил Михайлович',39,1,'Х420ЕС77','+7(985) 777-2470',2500,1,2,24,24,'---','---','Серый','WBA3D51070J457408',NULL,2),(358,'2019-11-16 13:20:00','2019-11-16 16:00:00','2019-11-16 16:00:00','Иванова Мария Владиславовна (Дмитрий)',248,3,'О996ЕМ799','+7(916) 154-1992',5500,1,35,24,24,'---','---','Черный','XW8ZZZ7LZAG002266',NULL,0),(359,'2019-11-16 14:50:00','2019-11-16 17:11:00','2019-11-16 17:11:00','Малиновский Сергей Викторович',274,4,'Н796НМ77','+7(906) 098-2239',4500,1,3,24,24,'---','---','Синий','WF0UXXGAJU5C75631',NULL,0),(360,'2019-11-16 17:20:00','2019-11-16 18:50:00','2019-11-16 18:50:00','Адамская Алена Александровна',39,1,'О812ЕХ777','+7(926) 671-6488',6500,1,2,24,24,'---','---','Черный','WBA8A51010AE76280',NULL,2),(361,'2019-11-16 17:34:00','2019-11-23 13:26:00','2019-11-23 13:26:00','Сушков Дмитрий Валериевич',226,3,'Е838РТ150','+7(903) 208-3805',27700,1,29,24,24,'---','---','Черный','SALCA2BX6KH787811',NULL,2),(362,'2019-11-17 10:00:00','2019-11-17 12:40:00','2019-11-17 12:40:00','Маслов Максим Владимирович',12,4,'А859ХА190','+7(977) 860-6001',7500,1,2,24,24,'---','---','Черный','WBAPB51000WD42811',NULL,2),(363,'2019-11-17 10:50:00','2019-11-21 17:30:00','2019-11-21 17:30:00','Ларина Светлана Анатольевна ( Сергей )',108,4,'О655ВУ799','+7(968) 783-2111',32500,1,8,24,NULL,'---','На всех частях кузова автомобиля имеется налет \\ напыл. Царапины на заднем бампере с двух сторон.','Белый','XW7RFREV30S010789',NULL,0),(364,'2019-11-17 11:10:00','2019-11-18 17:00:00','2019-11-18 17:00:00','Фролов Владимир Борисович',275,4,'Х655РВ197','+7(909) 674-8180',2200,1,41,24,24,'---','---','Синий','5Y2SM62834Z436782',NULL,2),(365,'2019-11-17 12:00:00','2019-11-17 17:00:00','2019-11-17 17:00:00','Андреева Вера Михайловна',276,3,'В132ХР199','+7(926) 917-3641',3000,1,23,24,24,'---','---','Серый','X9L212300A0288303',NULL,2),(366,'2019-11-17 13:00:00','2019-11-17 13:50:00','2019-11-17 13:50:00','Кириллова Наталья Валентиновна',26,1,'Е586СК799','+7(916) 171-5622',4000,1,1,24,24,'---','---','Серый','WAUZZZ8V3LA018991',NULL,2),(367,'2019-11-17 14:05:00','2019-11-17 15:30:00','2019-11-17 15:30:00','Сивенкова Светлана Валерьевна',82,3,'О961СЕ799','+7(926) 548-9738',5500,1,6,24,24,'---','---','Серый','XWES381CDK0004700',NULL,2),(368,'2019-11-17 18:10:00','2019-11-17 19:20:00','2019-11-17 19:20:00','Кумскова Татьяна Михайловна (Александр)',51,1,'Х619ОУ777','+7(996) 929-7999',1800,1,4,24,24,'---','---','Серый','WDD1173431N346312',NULL,2),(369,'2019-11-17 12:00:00','2019-11-17 20:15:00','2019-11-17 20:15:00','Скачков Владислав Викторович',170,3,'С579ОЕ77','+7(916) 207-5593',900,1,17,24,24,'---','---','Красный','YV1CM59H641058549',NULL,2),(370,'2019-11-18 14:00:00','2019-11-18 14:30:00','2019-11-18 14:30:00','Дементьев Никита Вадимович',190,4,'К384ОВ77','+7(964) 797-8668',1000,1,21,24,24,'---','---','Белый','XW8LB25L1DH702717',NULL,2),(371,'2019-11-18 16:15:00','2019-11-18 16:26:00','2019-11-18 16:26:00','Хаутиев Юсуп Магомедович',188,1,'Е476РС799','+7(968) 446-6575',1000,1,21,24,24,'---','---','Бежевый','XW8AC2NH6KK130527',NULL,2),(372,'2019-11-18 19:02:00','2019-11-18 20:01:00','2019-11-18 20:01:00','Сафарова Тамила Салеховна',100,1,'Х097МА799','+7(926) 238-3844',2400,1,8,24,24,'---','---','Черный','XW7BF3HK70S100902',NULL,2),(373,'2019-11-18 19:50:00','2019-11-18 20:40:00','2019-11-18 20:40:00','Фейгин Александр Ильич',168,4,'М141ОХ799','+7(926) 274-1590',0,1,17,24,24,'---','---','Черный','LYVUZ08ACKB354741',NULL,2),(374,'2019-11-19 13:00:00','2019-11-19 13:45:00','2019-11-19 13:45:00','Ханмамедов Айдын ( Эмиль)',124,3,'Х979РМ99','+7(916) 711-3603',5000,1,10,15,15,'---','---','Черный','JTJHY00W004150096',NULL,2),(375,'2019-11-19 17:00:00','2019-11-19 17:45:00','2019-11-19 17:45:00','Мельник Людмила Валентиновна',84,1,'Н820ОС199','+7(903) 722-1639',1500,1,6,15,15,'---','---','Серый','X7MEN41FP6A014696',NULL,2),(376,'2019-11-20 10:30:00','2019-11-20 13:00:00','2019-11-20 13:00:00','Попов Сергей Михайлович',151,4,'С519КМ197','+7(903) 764-3902',8000,1,15,15,15,'---','---','Серый','Z8TXTGF2WHM037268',NULL,0),(377,'2019-11-20 10:30:00','2019-11-20 13:00:00','2019-11-20 13:00:00','Кузнецов Александр Иванович (Руслан)',56,3,'А456МО99','+7(916) 841-8898',6400,1,4,15,15,'---','---','Черный','WDB4632701X189323',NULL,2),(378,'2019-11-20 12:44:00','2019-11-21 13:30:00','2019-11-21 13:30:00','ООО \" ГАЗТРАНС\" Павел)',66,1,'Х888ОО197','+7(977) 117-1762',10000,1,4,15,NULL,'---','Автомобиль загрезнен. Фото фиксация дефектов после мойки кузова.','Черный','WDD2221821A014784',NULL,0),(379,'2019-11-20 13:00:00','2019-11-20 13:00:00','2019-11-20 13:50:00','Тишкова Нелли Владимировна',247,4,'Х212ВМ199','+7(916) 170-4886',1000,1,35,15,15,'---','---','Синий','XW8ZZZ5NZDG119288',NULL,0),(380,'2019-11-20 14:00:00','2019-11-20 14:45:00','2019-11-20 14:45:00','Брусенский Георгий Александрович',14,4,'Т222МК99','+7(926) 490-4747',5000,1,2,15,15,'---','---','Черный','X4XKS494100H01832',NULL,0),(381,'2019-11-19 12:00:00','2019-11-23 14:55:00','2019-11-23 14:55:00','Александр',277,10,'111','+7(985) 764-0914',45000,1,42,15,24,'---','---','Синий','000',NULL,0),(382,'2019-11-20 16:00:00','2019-11-20 19:20:00','2019-11-20 19:20:00','ООО ТЕКСТИЛЬ КОЛОР (Антон)',175,4,'К434УЕ750','+7(916) 505-0077',8500,1,19,15,15,'---','---','Черный','WP1ZZZ9YZKDA39209',NULL,0),(383,'2019-11-20 19:50:00','2019-11-20 22:30:00','2019-11-20 22:30:00','Нечаев Николай Николаевич',187,2,'Т941РВ799','+7(926) 394-2811',11000,1,21,15,15,'---','---','Серый','XW8AC6NE8LH008778',NULL,0),(384,'2019-11-21 10:35:00','2019-11-23 14:10:00','2019-11-23 14:10:00','Носова Наталья Юрьевна (Сулейман)',94,3,'Х983МЕ799','+7(903) 616-8221',169000,1,7,24,24,'---','---','Серый','XWEPH81BDK0013838',NULL,0),(385,'2019-11-21 12:00:00','2019-11-21 12:50:00','2019-11-21 12:50:00','ООО Трансфер Фор Ю',55,1,'У028МХ799','+7(926) 677-6703',2000,1,4,24,24,'---','---','Черный','WDD2130871A609608',NULL,2),(386,'2019-11-21 12:36:00','2019-11-21 13:00:00','2019-11-21 13:00:00','Насыров Рамис Раисович (Александр)',55,1,'Т003РМ150','+7(965) 157-0809',1000,1,4,24,24,'---','---','Черный','WDD2130421A497218',NULL,0),(387,'2019-11-21 18:00:00','2019-11-21 19:40:00','2019-11-21 19:40:00','Гуричев Константин Леонидович',247,4,'С986РН799','+7(902) 799-7029',6000,1,35,24,24,'---','---','Серый','XW8ZZZ5NZKG221144',NULL,0),(388,'2019-11-22 09:30:00','2019-11-22 16:10:00','2019-11-22 16:10:00','Залетов Александр Олегович',63,4,'Н023УВ190','+7(000) 000-0000',1200,1,4,24,NULL,'---','---','Черный','WDC1641861A485335',NULL,0),(389,'2019-11-22 11:00:00','2019-11-22 12:20:00','2019-11-22 12:20:00','Берлов Сергей Антольевич',55,1,'Е888УТ72','+7(922) 075-6888',2500,1,4,24,24,'---','---','Белый','WDD2120671B070357',NULL,2),(390,'2019-11-22 11:20:00','2019-11-22 13:20:00','2019-11-22 13:20:00','Николаева Екатерина Викторовна (Марат)',97,2,'А348СК777','+7(903) 170-7574',1500,1,7,24,24,'---','---','Черный','XWEPH81ADG0000313',NULL,0),(391,'2019-11-22 14:00:00','2019-11-22 15:00:00','2019-11-22 15:00:00','Пушненкова Елена Владимировна',186,3,'У904РА197','+7(917) 525-9672',1500,1,21,24,24,'---','---','Белый','XW8JC4NS3LH403901',NULL,2),(392,'2019-11-22 14:05:00','2019-11-22 16:00:00','2019-11-22 16:00:00','Владимир Автолюкс',15,4,'М346НМ199','+7(985) 768-2735',2700,1,2,24,24,'---','---','Красный','X4XFH61170L482142',NULL,0),(393,'2019-11-23 10:00:00','2019-11-23 12:40:00','2019-11-23 12:40:00','Парфенов Василий Анатольевич',247,4,'Н616РК799','+7(925) 800-8227',7000,1,35,24,24,'---','---','Белый','XW8ZZZ5NZLG003589',NULL,0),(394,'2019-11-23 12:15:00','2019-11-23 13:50:00','2019-11-23 13:50:00','Макаров Евгений Александрович',39,4,'Н262РА799','+7(916) 902-4809',3300,1,2,24,24,'---','---','Синий','WBA8X51050B237935',NULL,2),(395,'2019-11-23 14:00:00','2019-11-23 16:45:00','2019-11-23 16:45:00','Бобылева Анастасия Александровна',125,4,'А058УХ750','+7(916) 827-0786',10500,1,10,24,24,'---','---','Белый','JTJBERBZ002050831',NULL,2),(396,'2019-11-23 15:00:00','2019-11-23 20:15:00','2019-11-23 20:15:00','Петрова Ольга Владимировна',143,1,'О259КМ799','+7(985) 118-8819',5200,1,14,24,24,'---','---','Серый','RUMGJ526802008569',NULL,2),(397,'2019-11-23 15:20:00','2019-11-23 16:20:00','2019-11-23 16:20:00','Емельянов Константин Юрьевич',143,1,'К811КС799','+7(926) 494-2284',2000,1,14,24,24,'---','---','Синий','RUMGJ526802009121',NULL,2),(398,'2019-11-23 17:20:00','2019-11-23 19:00:00','2019-11-23 19:00:00','Краснослободцев Александр Владимирович',39,1,'М700ОВ799','+7(917) 541-4017',5500,1,2,24,24,'---','---','Черный','WBA8E31070A672990',NULL,0),(399,'2019-11-24 09:45:00','2019-11-24 10:10:00','2019-11-24 10:10:00','Борматин Василий Евгеньевич',39,2,'К999ОЕ99','+7(916) 715-6666',0,1,2,24,24,'---','---','Коричневый','WBA8X51080B236908',NULL,2),(400,'2019-11-24 11:00:00','2019-11-24 11:45:00','2019-11-24 11:45:00','Булатов  Иван Михайлович',201,1,'Е570АК196','+7(909) 008-1117',5000,1,24,24,24,'---','---','Коричневый','JHMCL95807C207993',NULL,2),(401,'2019-11-24 11:40:00','2019-11-24 12:35:00','2019-11-24 12:35:00','Федорчук Татьяна Анатольевна (Андрей)',126,3,'Х546СА777','+7(916) 350-2654',6000,1,10,24,24,'---','---','Серый','JTJBZMCA602018398',NULL,0),(402,'2019-11-24 12:40:00','2019-11-24 13:30:00','2019-11-24 13:30:00','Земсков Дмитрий Анатольевич',152,3,'С478ТМ777','+7(916) 141-0008',6000,1,15,24,24,'---','---','Серый','Z8TGYKH40EM045741',NULL,2),(403,'2019-11-24 16:00:00','2019-11-24 18:30:00','2019-11-24 18:30:00','Фатыхов Наиль Азатович',244,2,'Х136ОЕ197','+7(925) 727-0787',6500,1,35,24,24,'---','---','Черный','WVWZZZ13ZCV002956',NULL,0),(404,'2019-11-24 18:00:00','2019-11-26 20:55:00','2019-11-26 20:55:00','Кирдяпкина Ольга Сергеевна (Илья)',227,4,'О397УУ197','+7(916) 597-8081',13500,1,29,24,15,'---','---','Белый','SALFA2DBXCH311657',NULL,2),(405,'2019-11-24 18:30:00','2019-11-24 21:00:00','2019-11-24 21:00:00','Тверитинов Алексей Владимирович',168,3,'М063СЕ799','+7(926) 212-5238',15000,1,17,24,24,'---','---','Синий','YV1DZ8256E2548733',NULL,2),(406,'2019-11-25 09:30:00','2019-11-25 10:00:00','2019-11-25 10:00:00','АО  АЛЬЯНСТРАНСКОМ (Владимир)',100,1,'О109ОН799','+7(916) 612-6040',1500,1,8,15,15,'---','---','Черный','XW7BFYHK60S140563',NULL,0),(407,'2019-11-25 13:00:00','2019-11-25 16:00:00','2019-11-25 16:00:00','Прохоров Андрей Юрьевич',49,1,'Т477АМ777','+7(926) 756-8370',11300,1,4,15,15,'---','---','Серый','WDD2050401R522960',NULL,2),(408,'2019-11-25 16:45:00','2019-11-25 17:20:00','2019-11-25 17:20:00','Титоров Эдуард Сергеевич (Никита)',141,1,'Н686ТХ750','+7(999) 922-4562',1000,1,14,15,15,'---','---','Синий','JMZBM52A80154496616',NULL,2),(410,'2019-11-25 18:20:00','2019-11-25 19:00:00','2019-11-25 19:00:00','Соколовская Юлия Юрьевна  (Максим)',143,1,'Р578ТА777','+7(915) 453-3757',1000,1,14,15,15,'---','---','Серый','RUMGJ5268GV026183',NULL,2),(411,'2019-11-25 19:15:00','2019-11-25 20:20:00','2019-11-25 20:20:00','Острицов Иван Сергеевич',41,1,'В071ВУ799','+7(939) 777-4444',2000,1,2,15,15,'---','---','Черный','WBAJC31000B052208',NULL,2),(412,'2019-11-26 15:30:00','2019-11-26 18:45:00','2019-11-26 18:45:00','Колпакова Лориса Михайловна (Сергей)',85,6,'Е365ЕН799','+7(905) 773-5767',10000,1,6,15,15,'---','---','Черный','KMHWH81KBJU962141',NULL,0),(413,'2019-11-27 11:00:00','2019-11-28 14:30:00','2019-11-28 14:30:00','Турнаев Антон Сергеевич',238,1,'Х393УХ96','+7(909) 001-8630',13500,1,35,24,24,'---','---','Белый','WVWZZZ16ZDM049962',NULL,2),(414,'2019-11-27 11:20:00','2019-11-27 11:50:00','2019-11-27 11:50:00','Маслов Роман Александрович',55,1,'Т449РТ197','+7(926) 635-0888',1000,1,4,24,24,'---','---','Синий','WDD2120881A575475',NULL,0),(415,'2019-11-27 12:00:00','2019-11-27 15:00:00','2019-11-27 15:00:00','Краснов Владимир Александрович',29,1,'В790АХ799','+7(903) 713-7021',9000,1,1,24,24,'---','---','Черный','WAUZZZ4GXJN022002',NULL,2),(416,'2019-11-27 12:40:00','2019-11-27 13:50:00','2019-11-27 13:50:00','Дорофеев Данил Михайлович',27,1,'Е042СН799','+7(925) 858-1046',5000,1,1,24,24,'---','---','Серый','WAUZZZF41KA107080',NULL,0),(417,'2019-11-28 11:20:00','2019-11-28 11:40:00','2019-11-28 11:40:00','Турищев Алексей Вячеславович',39,1,'М483РА799','+7(909) 750-1259',1000,1,2,24,24,'---','---','Белый','WBA5V51090FH28707',NULL,2),(418,'2019-11-28 11:50:00','2019-11-28 19:15:00','2019-11-28 19:15:00','Якимчук Виталий Вадимович',176,4,'Н972УР777','+7(910) 488-4859',10000,1,19,24,24,'---','---','Синий','WP1ZZZ95ZGLB54876',NULL,2),(419,'2019-11-28 17:30:00','2019-11-28 21:30:00','2019-11-28 21:30:00','Павлов Олег Анатольевич',226,4,'О618КУ799','+7(985) 769-1434',7000,1,29,24,24,'---','---','Черный','SALCA2BE0FH501357',NULL,0),(420,'2019-11-28 18:40:00','2019-11-28 20:42:00','2019-11-28 20:42:00','Шабанов Виталий Игоревич',49,5,'У678ВХ777','+7(911) 045-1360',7500,1,4,24,24,'---','---','Черный','WDD2043311G309912',NULL,2),(421,'2019-11-29 10:00:00','2019-11-29 10:30:00','2019-11-29 10:30:00','АО Открытие Брокер',119,1,'Р173НВ799','+7(926) 550-9835',1500,1,10,24,24,'---','---','Белый','JTHB11B1002003176',NULL,0),(422,'2019-11-29 10:00:00','2019-11-29 10:15:00','2019-11-29 10:15:00','Владимир Авто Люкс',101,1,'Р160ОЕ190','+7(985) 768-2735',1000,1,8,24,24,'---','---','Черный','JTNBV56E30J130032',NULL,0),(423,'2019-11-29 13:00:00','2019-11-29 13:50:00','2019-11-29 13:50:00','Газимов Руслан Ясавиевич',82,3,'Т338КН799','+7(916) 757-4372',1000,1,6,24,24,'---','---','Черный','XWES381CDK0000228',NULL,2),(424,'2019-11-29 14:00:00','2019-11-29 14:30:00','2019-11-29 14:30:00','Партышев Иван Юрьевич',41,1,'Т001ТР161','+7(919) 892-0888',1750,1,2,24,24,'---','---','Черный','WBAJR71000BJ16902',NULL,2),(425,'2019-11-30 10:45:00','2019-11-30 11:50:00','2019-11-30 11:50:00','ООО STV',55,1,'М160СМ799','+7(905) 711-9778',5500,1,4,15,15,'---','---','Черный','Z9M2130055L000645',NULL,0),(426,'2019-11-30 12:00:00','2019-11-30 12:20:00','2019-11-30 12:20:00','Васильев Сергей Валерьевич',272,3,'111','+7(985) 062-7674',800,1,39,24,24,'---','---','Черный','LGWFF8A65KH909602',NULL,2),(427,'2019-11-30 13:00:00','2019-11-30 14:45:00','2019-11-30 14:45:00','Бакшеев Дмитрий Владимирович',97,4,'В313РК799','+7(977) 895-4373',11000,1,7,24,24,'---','---','Синий','XWEPH81ABL0031656',NULL,2),(428,'2019-11-30 13:15:00','2019-11-30 13:30:00','2019-11-30 13:30:00','Комиссаров Алексей Сергеевич',51,1,'О068ХЕ777','+7(910) 406-9461',1000,1,4,24,24,'---','---','Черный','WDD1173431N479208',NULL,2),(429,'2019-11-30 14:50:00','2019-11-30 15:35:00','2019-11-30 15:35:00','Росгвардия ( Кирилл)',83,1,'6707ЕА 15','+7(999) 962-9536',3500,1,6,24,24,'---','---','Черный','Z94K241CALR178658',NULL,2),(430,'2019-11-30 17:00:00','2019-11-30 17:54:00','2019-11-30 17:54:00','Ахаев Алексей Николаевич',55,1,'Е065ОТ799','+7(903) 156-0030',5500,1,4,24,24,'---','---','Черный','WDD2130801A658648',NULL,2),(431,'2019-11-30 18:40:00','2019-11-30 19:50:00','2019-11-30 19:50:00','Аленьковская Анна Юрьевна',59,4,'К945ХС750','+7(925) 303-5825',5500,1,4,24,24,'---','---','Черный','WDC2539811V216274',NULL,2),(432,'2019-12-01 10:50:00','2019-12-01 11:10:00','2019-12-01 11:10:00','Саймаев Заур Саймаевич',49,1,'А177КК777','+7(903) 628-6853',1000,1,4,15,15,'---','---','Белый','WDD2050451F039517',NULL,0),(433,'2019-12-01 10:50:00','2019-12-01 11:45:00','2019-12-01 11:45:00','Шоркин Андрей Владимирович',12,4,'А486АА77','+7(926) 612-6551',1500,1,2,15,15,'---','---','Коричневый','X4XWY39490L584443',NULL,0),(434,'2019-12-01 12:10:00','2019-12-01 14:40:00','2019-12-01 14:40:00','Джавадова Сусанна Юрьевна (Медлер)',188,2,'А485АА199','+7(926) 860-1717',4500,1,21,15,15,'---','---','Черный','XW8AC2NH4JK127057',NULL,0),(435,'2019-12-01 10:00:00','2019-12-02 11:00:00','2019-12-02 11:00:00','Калиниченко Наталья Леонидовна (Вячеслав)',247,4,'Р641УА197','+7(903) 363-7524',10500,1,35,15,15,'---','---','Черный','WVGZZZ5NZ9W065452',NULL,0),(436,'2019-12-01 13:30:00','2019-12-01 14:00:00','2019-12-01 14:00:00','Гасымов Тимур',27,1,'У453ТТ199','+7(909) 636-8459',1750,1,1,15,15,'---','---','Черный','WUAZZZ8E77A803056',NULL,2),(437,'2019-12-01 14:15:00','2019-12-01 15:35:00','2019-12-01 15:35:00','Сподарик Юлиан',50,3,'А253ВО799','+7(916) 323-1907',2000,1,4,15,15,'---','---','Коричневый','WDC1648861A621905',NULL,0),(438,'2019-12-01 15:00:00','2019-12-01 15:45:00','2019-12-01 15:45:00','Соломатин Евгений Александрович',143,1,'Н479СВ77','+7(926) 608-2243',2000,1,14,15,15,'---','---','Коричневый','JMZGH12F701217603',NULL,0),(439,'2019-12-01 15:30:00','2019-12-01 17:15:00','2019-12-01 17:15:00','Калинина Татьяна Ивановна (Владимир)',17,2,'Е360НР177','+7(915) 447-5377',4000,1,3,15,15,'---','---','Серый','X9FAXXEEDA4Y40561',NULL,2),(440,'2019-12-01 17:41:00','2019-12-06 17:40:00','2019-12-06 17:40:00','Иванов Алексей Игоревич',201,1,'У702АО799','+7(903) 785-1125',42500,1,24,15,NULL,'---','Автомобиль загрязнен. После мойки кузова будет произведена фото фиксация дефектов.','Черный','JYMCU26809C214035',NULL,0),(441,'2019-12-01 17:30:00','2019-12-01 19:30:00','2019-12-01 19:30:00','Парфенов Иван Александрович',41,1,'Н403СН799','+7(916) 613-6465',5500,1,2,15,15,'---','---','Серый','WBAJC51080CD59697',NULL,2),(442,'2019-12-02 10:40:00','2019-12-02 11:05:00','2019-12-02 11:05:00','ООО \"ИНФОРМАУДИТСЕРВИС\" (Александр)',143,1,'Е291ВЕ77','+7(999) 000-9555',1000,1,14,15,15,'---','---','Серый','JMZGJ426831124011',NULL,2),(443,'2019-12-02 10:30:00','2019-12-02 14:30:00','2019-12-02 14:30:00','Еникеева Наталья Александровна',82,4,'С272НА777','+7(909) 661-6367',10000,1,6,15,15,'---','---','Синий','KMHSU81CDFU413508',NULL,0),(444,'2019-12-02 14:00:00','2019-12-02 18:50:00','2019-12-02 18:50:00','Хмелев Олег Валерьевич (Дмитрий)',17,4,'О627РО40','+7(903) 130-1181',4500,1,3,15,15,'---','---','Черный','Z6XXEEC6GG15649',NULL,2),(445,'2019-12-02 15:00:00','2019-12-02 16:45:00','2019-12-02 16:45:00','Ермолов Александр Вячеславович',55,1,'Х463МА799','+7(965) 401-1188',7000,1,4,15,15,'---','---','Коричневый','WDD2130431A371261',NULL,2),(446,'2019-12-02 19:00:00','2019-12-02 19:30:00','2019-12-02 19:30:00','ООО Велес',246,1,'У633НС799','+7(926) 111-2233',500,1,35,15,15,'---','---','Синий','WVWZZZ3CZKE023647',NULL,2),(447,'2019-12-02 18:00:00','2019-12-02 18:30:00','2019-12-02 18:30:00','ООО Ядрово',66,1,'К961АВ750','+7(926) 111-2233',1000,1,4,15,15,'---','---','Черный','WDD2221331A263774',NULL,0),(448,'2019-12-03 10:35:00','2019-12-04 21:00:00','2019-12-04 21:00:00','Страхов Алексей Леонидович',59,4,'Н817РС799','+7(926) 925-2577',69000,1,4,24,24,'---','---','Черный','WDC2539811V206836',NULL,2),(449,'2019-12-03 13:30:00','2019-12-03 18:25:00','2019-12-03 18:25:00','Макаров Антон Дмитриевич',132,2,'Х851РС799','+7(921) 415-2915',6000,1,12,24,24,'---','---','Красный','WMWXJ110002L84007',NULL,2),(451,'2019-12-03 13:45:00','2019-12-03 17:30:00','2019-12-03 17:30:00','Князев Антон Васильевич',247,4,'М767НВ799','+7(926) 142-3284',5500,1,35,24,24,'---','---','Синий','XW8ZZZ5NZDG133706',NULL,2),(452,'2019-12-03 12:15:00','2019-12-03 14:40:00','2019-12-03 14:40:00','ООО Востокавтотранс ( Никита)',100,1,'У328ВС799','+7(925) 604-3363',1000,1,8,24,24,'---','---','Черный','XW7BF4FK00S176504',NULL,2),(453,'2019-12-03 15:00:00','2019-12-03 16:00:00','2019-12-03 16:00:00','Еркин Виталий Львович',106,3,'Н818ЕК777','+7(916) 473-3311',0,1,8,24,24,'---','---','Белый','RUTBH8FJ9E0012388',NULL,2),(454,'2019-12-03 17:05:00','2019-12-03 21:00:00','2019-12-03 21:00:00','Киселева Анастасия Владимировна',55,1,'Без номера','+7(925) 785-2515',17500,1,4,24,24,'---','---','Черный','Z9M2130055L001499',NULL,2),(455,'2019-12-03 19:55:00','2019-12-06 20:00:00','2019-12-06 20:00:00','Овшинов Владимир Олегович',59,4,'О118РО77','+7(926) 628-5541',96000,1,4,24,24,'---','---','Черный','WDC2539811V222989',NULL,2),(456,'2019-12-04 09:40:00','2019-12-04 12:50:00','2019-12-04 12:50:00','Александров Александр Викторович',86,1,'В709СА799','+7(910) 492-9346',7000,1,6,24,24,'---','---','Серый','XWEJ3813CL0002202',NULL,0),(457,'2019-12-04 10:50:00','2019-12-04 13:40:00','2019-12-04 13:40:00','Ломакина Татьяна Евгеньевна (Илья)',248,3,'С692КУ190','+7(910) 440-5565',7000,1,35,24,24,'---','---','Черный','XW8ZZZ7PZBG001529',NULL,0),(458,'2019-12-04 13:11:00','2019-12-04 14:40:00','2019-12-04 14:40:00','Леонтьев Сергей Вячеславович',69,1,'У366СЕ799','+7(963) 774-3535',4000,1,5,24,24,'---','---','Серый','XTAGFL120KY338524',NULL,2),(459,'2019-12-04 14:00:00','2019-12-04 15:01:00','2019-12-04 15:01:00','Шабаев Султан Имранович',39,1,'В666МВ77','+7(921) 008-7666',2500,1,2,24,24,'---','---','Серый','WBA5V71090FH07142',NULL,2),(460,'2019-12-04 14:05:00','2019-12-04 18:50:00','2019-12-04 18:50:00','Щедрин Сергей Владимирович',164,1,'Т141НТ777','+7(903) 132-6562',1500,1,17,24,24,'---','---','Синий','YV1FS6250C2145554',NULL,2),(461,'2019-12-04 15:30:00','2019-12-04 15:50:00','2019-12-04 15:50:00','Назарова Ольга Петровна',239,1,'С125АУ799','+7(926) 408-1007',1000,1,35,24,24,'---','---','Синий','XW8ZZZ61ZJG011088',NULL,0),(462,'2019-12-04 16:05:00','2019-12-04 17:10:00','2019-12-04 17:10:00','Авилов Николай Андреевич',250,1,'О911НР190','+7(926) 267-2029',1500,1,27,24,24,'---','---','Песочный','XWB3D31UD5A047286',NULL,2),(463,'2019-12-05 10:40:00','2019-12-05 14:25:00','2019-12-05 14:25:00','Помелов Евгений Валерьевич',41,1,'С506НК799','+7(925) 057-8101',5500,1,2,24,24,'---','---','Черный','WBAJA11060BM53255',NULL,2),(464,'2019-12-05 13:33:00','2019-12-05 14:50:00','2019-12-05 14:50:00','Рыбин Сергей Сергеевич',14,3,'А606АО197','+7(929) 990-4571',5000,1,2,24,24,'---','---','Черный','WBSKT610800Z73170',NULL,2),(465,'2019-12-06 10:00:00','2019-12-10 20:00:00','2019-12-10 20:00:00','Озеров Алексей Васильевич',247,4,'Х040РУ77','+7(903) 211-5511',84000,1,35,24,24,'---','---','Серый','XW8ZZZ5NZDG129585',NULL,0),(466,'2019-12-06 10:15:00','2019-12-06 12:30:00','2019-12-06 12:30:00','Рыбин Сергей Сергеевич',14,3,'А606АО197','+7(929) 990-4571',14000,1,2,24,24,'---','---','Черный','WBSKT610800Z73170',NULL,2),(467,'2019-12-06 10:45:00','2019-12-06 11:40:00','2019-12-06 11:40:00','Зайцев Дмитрий Владимирович',90,1,'Х250УВ750','+7(962) 999-7713',2000,1,7,24,24,'---','---','Синий','XWEGU411BK0010246',NULL,0),(468,'2019-12-06 12:05:00','2019-12-06 14:40:00','2019-12-06 14:40:00','Филичев Андрей Андреевич',12,4,'В893РТ799','+7(903) 731-3463',5500,1,2,24,24,'---','---','Белый','X4XKJ99440LD53815',NULL,2),(469,'2019-12-06 15:16:00','2019-12-06 17:50:00','2019-12-06 17:50:00','ООО Рольф',6,1,'Т880КО799','+7(965) 203-1759',6000,1,2,24,24,'---','---','Черный','WBA7A01060B299487',NULL,2),(470,'2019-12-06 18:09:00','2019-12-06 19:40:00','2019-12-06 19:40:00','Маслов Максим Владимирович',12,4,'А859ХА190','+7(977) 860-6001',2000,1,2,24,24,'---','---','Черный','WBAPB51000WD42811',NULL,0),(471,'2019-12-07 10:00:00','2019-12-07 11:15:00','2019-12-07 11:15:00','Михаил',141,2,'882','+7(929) 667-7130',5500,1,14,15,15,'---','---','Серый','JMZBL142201194579',NULL,2),(472,'2019-12-07 11:00:00','2019-12-07 13:20:00','2019-12-07 13:20:00','Греков Андрей Сергеевич',82,4,'У897РО799','+7(919) 721-2385',9500,1,6,15,15,'---','---','Серый','XWES381DDL0002457',NULL,0),(473,'2019-12-07 14:00:00','2019-12-09 18:00:00','2019-12-09 18:00:00','Гребенюк Вадим Николаевич',37,2,'В155ВУ177','+7(985) 164-0055',12000,1,2,15,NULL,'---','Автомобиль загрезнен. Фото фиксация дефектов после мойки.','Черный','WBA1A11010VV19113',NULL,0),(474,'2019-12-07 13:00:00','2019-12-07 17:25:00','2019-12-07 17:25:00','Шлычкова Ольга Владимировна',49,1,'У794СЕ799','+7(915) 469-1192',13500,1,4,15,15,'---','---','Красный','WDD2050401R523413',NULL,2),(475,'2019-12-07 11:00:00','2019-12-07 12:00:00','2019-12-07 12:00:00','Бакшеев Дмитрий Владимирович',97,4,'В313РК799','+7(977) 895-4373',0,1,7,15,15,'---','---','Синий','XWEPH81ABL0031656',NULL,2),(476,'2019-12-07 18:00:00','2019-12-07 19:30:00','2019-12-07 19:30:00','Москвитин Юрий Тимофеевич ( Артем)',59,4,'А255СР799','+7(916) 503-4677',5500,1,4,15,15,'---','---','Черный','WDC253151F754204',NULL,0),(477,'2019-12-07 19:00:00','2019-12-07 21:40:00','2019-12-07 21:40:00','Сединкин Олег Анатольевич',106,3,'У030ОТ799','+7(903) 210-5677',6000,1,8,15,15,'---','---','Коричневый','JTEBR3FJ20K134895',NULL,2),(478,'2019-12-08 09:30:00','2019-12-08 13:00:00','2019-12-08 13:00:00','Стасенко Константин Валерьевич',93,1,'Н804РХ799','+7(905) 544-2066',10500,1,7,15,15,'---','---','Синий','Z94C241188LR153040',NULL,0),(479,'2019-12-08 12:00:00','2019-12-08 13:45:00','2019-12-08 13:45:00','Филиал КНО АЛЕН ЭНД ОВЕРИ ЛЕГАЛ СЕРВИСИЗ (Николай)',29,1,'О783ХК197','+7(916) 432-0161',2500,1,1,15,15,'---','---','Черный','WAUZZZ4G4DN013350',NULL,0),(480,'2019-12-08 13:00:00','2019-12-08 16:00:00','2019-12-08 16:00:00','Ким Павел Алексеевич',175,4,'А509СР799','+7(903) 796-5125',7000,1,19,15,15,'---','---','Белый','WP1ZZZ9YZLDA02225',NULL,2),(481,'2019-12-08 16:00:00','2019-12-08 18:00:00','2019-12-08 18:00:00','Евдакимова Ксения Сергеевна',39,1,'М407СР799','+7(968) 638-6195',5000,1,2,15,15,'---','---','Серый','WDA5P31010FH38470',NULL,2),(482,'2019-12-08 19:30:00','2019-12-08 21:45:00','2019-12-08 21:45:00','Подгорнов Станислав  Сергеевич',41,1,'О500СА190','+7(926) 277-2259',10500,1,2,15,15,'---','---','Серый','X4XJC59430WG04109',NULL,0),(483,'2019-12-09 12:22:00','2019-12-09 13:30:00','2019-12-09 13:30:00','Агаджанян Анаит Мануковна (Тигран)',29,1,'Н567ВК799','+7(926) 629-2525',2000,1,1,24,24,'---','---','Черный','WAUZZZ4G4GN161972',NULL,2),(484,'2019-12-09 19:13:00','2019-12-11 16:00:00','2019-12-11 16:00:00','Будаев Максим Сергеевич',229,3,'К316СК799','+7(919) 770-0938',79000,1,29,24,24,'---','---','Белый','SALZA2BN5LH055907',NULL,2),(485,'2019-12-09 19:30:00','2019-12-09 20:35:00','2019-12-09 20:35:00','Деева Марина Валерьевна',33,2,'Е012СН777','+7(926) 277-2332',2500,1,1,24,24,'---','---','Серый','XW8ZZZ8R7AG001194',NULL,0),(486,'2019-12-10 09:45:00','2019-12-10 11:35:00','2019-12-10 11:35:00','Бартош Елена вячеславовна',187,1,'Х075СК799','+7(916) 597-4723',4500,1,21,24,24,'---','---','Коричневый','XW8AC6NEXLH010970',NULL,0),(487,'2019-12-10 10:30:00','2019-12-11 19:00:00','2019-12-11 19:00:00','Кобольтов Владимир Николаевич',139,3,'Х691НО77','+7(985) 763-7044',83000,1,13,24,24,'---','---','Оранжевый','VR7AJEHZNKL098442',NULL,2),(488,'2019-12-10 12:00:00','2019-12-10 14:31:00','2019-12-10 14:31:00','Сухарев Павел Вячеславович',94,3,'У418СК799','+7(906) 048-3208',5500,1,7,24,24,'---','---','Коричневый','XWEKU811DJC021663',NULL,2),(489,'2019-12-10 14:06:00','2019-12-10 15:05:00','2019-12-10 15:05:00','Кабанов Кирилл Викторович',94,3,'М068ЕК799','+7(910) 413-9955',3500,1,7,24,24,'---','---','Зеленый','XWEKU11DHC016401',NULL,0),(490,'2019-12-10 15:30:00','2019-12-10 15:40:00','2019-12-10 15:40:00','Бутенко Алексей Константинович',246,1,'Х201РЕ777','+7(919) 992-8149',1000,1,35,24,24,'---','---','Синий','WVWZZZ3CZEP006718',NULL,0),(491,'2019-12-10 16:40:00','2019-12-10 17:00:00','2019-12-10 17:00:00','Бодрова Елизавета Владимировна',39,1,'Т830СВ750','+7(926) 073-7294',700,1,2,24,24,'---','---','Белый','X4XPF784X9VK67226',NULL,2),(492,'2019-12-11 10:45:00','2019-12-11 12:10:00','2019-12-11 12:10:00','Представитель ООО ЭЛИТ ГРУПП  Алиев Артур Абдурахманович',55,1,'Н809РО799','+7(964) 637-9847',2500,1,4,24,24,'---','---','Черный','WDD2130871A653145',NULL,2),(493,'2019-12-11 17:00:00','2019-12-11 19:27:00','2019-12-11 19:27:00','Бунина Наталья Владимировна (Павел)',170,1,'Т040ХЕ77','+7(903) 622-1220',4000,1,17,24,24,'---','---','Белый','YV1CM5957C1622079',NULL,0),(494,'2019-12-11 17:00:00','2019-12-11 19:15:00','2019-12-11 19:15:00','Ерыганов Виктор Константинович',247,4,'Е844СН799','+7(916) 379-4368',2000,1,35,24,24,'---','---','Серебристый','XW8ZZZ5NZLG000063',NULL,0),(495,'2019-12-12 11:30:00','2019-12-12 12:45:00','2019-12-12 12:45:00','Леонтьев Евгений Игоревич',100,1,'А133ХТ750','+7(963) 629-7373',4500,1,8,24,24,'---','---','Черный','XW7BN4HK70S107437',NULL,0),(496,'2019-12-12 12:55:00','2019-12-12 13:50:00','2019-12-12 13:50:00','Белов Николай Сергеевич',39,1,'О976МК799','+7(926) 803-9975',1750,1,2,24,24,'---','---','Черный','WBA8C510X0K634441',NULL,2),(497,'2019-12-12 16:05:00','2019-12-12 16:30:00','2019-12-12 16:30:00','Будаев Максим Сергеевич',229,4,'К316СК799','+7(919) 770-0938',0,1,29,24,24,'---','---','Белый','SALZA2BN5LH055907',NULL,2),(498,'2019-12-13 11:30:00','2019-12-13 18:30:00','2019-12-13 18:30:00','Александров Роман Витальевич',116,1,'Х235ОТ199','+7(916) 015-2021',1500,1,9,15,15,'---','---','Черный','JN1BBUJ32U0005751',NULL,0),(499,'2019-12-13 12:30:00','2019-12-13 13:00:00','2019-12-13 13:00:00','Зарипова Эльвира Равилевна (Закир)',92,1,'К007НО199','+7(926) 157-0062',1000,1,7,15,15,'---','---','Черный','XWELU413BF0000009',NULL,0),(500,'2019-12-14 11:20:00','2019-12-14 11:50:00','2019-12-14 11:50:00','Зайцев Дмитрий Владимирович',90,1,'Х250УВ750','+7(962) 999-7713',1500,1,7,24,24,'---','---','Синий','XWEGU411BK0010246',NULL,0),(501,'2019-12-14 12:50:00','2019-12-14 14:50:00','2019-12-14 14:50:00','Егоров Олег Владимирович',13,4,'О379ОХ777','+7(905) 757-3910',6000,1,2,24,24,'---','---','Белый','X4XXX194X00N00157',NULL,2),(502,'2019-12-14 14:50:00','2019-12-14 17:50:00','2019-12-14 17:50:00','Горбунов Константин Викторович',278,3,'В264НМ197','+7(915) 295-0297',5500,1,43,24,24,'---','---','Черный','XTT316300B0013930',NULL,0),(503,'2019-12-14 15:13:00','2019-12-14 15:45:00','2019-12-14 15:45:00','Фятяхотдинов Мансур Алиевич',189,2,'К300РО777','+7(926) 301-3244',0,1,21,24,24,'---','---','Белый','TMBAB7NP1G7015184',NULL,2),(504,'2019-12-14 19:10:00','2019-12-14 20:45:00','2019-12-14 20:45:00','Белокопытов Роман Александрович',17,1,'Р552РС799','+7(915) 234-3487',4500,1,3,24,24,'---','---','Серый','X9FMXXEEBMDB23635',NULL,2),(505,'2019-12-15 12:00:00','2019-12-15 14:45:00','2019-12-15 14:45:00','Якушева Юлия Николаевна',59,4,'М779УХ197','+7(915) 051-3456',6000,1,4,24,24,'---','---','Белый','WDC2539051V000042',NULL,2),(506,'2019-12-15 14:50:00','2019-12-15 18:20:00','2019-12-15 18:20:00','Краснова Марина Павловна',41,1,'У464СЕ799','+7(968) 816-3707',12500,1,2,24,24,'---','---','Серый','X4XJA19450WC06687',NULL,0),(507,'2019-12-15 17:15:00','2019-12-15 17:30:00','2019-12-15 17:30:00','Бурматова Анна Викторовна',39,1,'Т828ВН799','+7(915) 487-2525',1000,1,2,24,24,'---','---','Синий','X4X8A594905J20596',NULL,0),(508,'2019-12-15 17:54:00','2019-12-15 18:50:00','2019-12-15 18:50:00','Шмерлин Леонид Анатольевич',187,1,'А371ТН777','+7(925) 507-9202',1250,1,21,24,24,'---','---','Серебристый','XW8AC6NE3FH008434',NULL,2),(509,'2019-12-15 19:55:00','2019-12-15 20:20:00','2019-12-15 20:20:00','Пчелинцев Дмитрий Евгеньевич',188,1,'Р306КЕ777','+7(903) 184-6188',1000,1,21,24,24,'---','---','Белый','XW8AD2NH7EK101233',NULL,0),(510,'2019-12-16 11:30:00','2019-12-16 11:50:00','2019-12-16 11:50:00','Колпакова Лориса Михайловна (Сергей)',85,6,'Е365ЕН79','+7(905) 773-5767',0,1,6,24,24,'---','---','Черный','KMHWH81KBJU962141',NULL,2),(511,'2019-12-16 18:49:00','2019-12-18 13:40:00','2019-12-18 13:40:00','Бодрова Елизавета Владимировна',39,1,'Т830СВ750','+7(926) 073-7294',8000,1,2,24,24,'---','---','Белый','X4XPF784X9VK67226',NULL,2),(512,'2019-12-17 16:05:00','2019-12-17 18:00:00','2019-12-17 18:00:00','ООО ВЕДУГА',187,1,'МС10377','+7(999) 997-0099',5000,1,21,24,24,'---','---','Желтый','XW8AN2NEXKH017726',NULL,2),(513,'2019-12-18 11:53:00','2019-12-18 14:00:00','2019-12-18 14:00:00','Волков Андрей Геннадьевич',59,2,'Н009РС97','+7(985) 763-6837',2400,1,4,24,24,'---','---','Серебристый','WDC2539841V207160',NULL,0),(514,'2019-12-18 13:25:00','2019-12-18 13:40:00','2019-12-18 13:40:00','Брадауцан Артем Семенович (Максим)',150,1,'Е295ЕУ190','+7(901) 331-8875',0,1,15,24,24,'---','---','Зеленый','JMBSRCS9A7U000238',NULL,2),(515,'2019-12-18 13:35:00','2019-12-18 15:55:00','2019-12-18 15:55:00','Каштанов Дмитрий Игоревич',189,1,'А367ХК164','+7(926) 800-5563',5000,1,21,24,24,'---','---','Серебристый','TMBCE7NP4H7035401',NULL,2),(516,'2019-12-18 14:40:00','2019-12-18 17:00:00','2019-12-18 17:00:00','ООО ПРОММАШ ТЕСТ',184,2,'У021СЕ799','+7(926) 888-1315',1500,1,20,24,24,'---','---','Белый','X7L5SRMA464226683',NULL,2),(517,'2019-12-18 15:10:00','2019-12-18 17:00:00','2019-12-18 17:00:00','Назиров Рашид Вилданович',10,2,'Р844МТ116','+7(915) 324-0920',1560,1,2,24,24,'---','---','Коричневый','X4XVP39480VP51085',NULL,2),(518,'2019-12-18 17:10:00','2019-12-18 18:20:00','2019-12-18 18:20:00','Юсупов Руслан Рашитович',40,5,'Х444ВН99','+7(965) 245-4545',5000,1,2,24,24,'---','---','Синий','WBS3R91000K452677',NULL,0),(519,'2019-12-19 10:30:00','2019-12-19 14:20:00','2019-12-19 14:20:00','Гаджиев Абдуразак Бухариевич ( Аслан )',230,3,'К001ТК99','+7(909) 999-6905',8000,1,29,15,15,'---','---','Белый','SALLSAAE4CA738515',NULL,2),(520,'2019-12-19 14:30:00','2019-12-19 16:30:00','2019-12-19 16:30:00','Синельников Вадерий Владимирович',49,1,'М892РА799','+7(925) 517-3134',5000,1,4,15,15,'---','---','Белый','WDD20500781R510009',NULL,2),(521,'2019-12-19 18:00:00','2019-12-25 10:30:00','2019-12-25 10:30:00','Щепин Никита Евгеньевич',69,1,'О937АВ799','+7(965) 236-8259',26000,1,5,15,15,'---','АВТОМОБИЛЬ ЗАГРЕЗНЕН. Фото фиксация дефектов после мойки кузова','Черный','XNAGFL120JY114387',NULL,2),(522,'2019-12-19 17:30:00','2019-12-19 19:30:00','2019-12-19 19:30:00','Бессуднов Сергей Анатольевич',34,4,'Х346РО799','+7(916) 136-0517',9500,1,1,15,15,'---','---','Зеленый','WAUZZZ4M8RD044044',NULL,2),(523,'2019-12-20 10:30:00','2019-12-20 11:45:00','2019-12-20 11:45:00','Вершинина Светлана Николаевна (Ольга)',279,2,'С596ВС799','+7(985) 613-4320',3000,1,12,15,15,'---','---','Синий','WMWXM510802H20505',NULL,0),(524,'2019-12-20 11:00:00','2019-12-20 12:00:00','2019-12-20 12:00:00','Еуриев Еаймураз Махарбекович (Василий)',28,2,'М765МУ777','+7(905) 647-6787',2000,1,1,15,15,'---','---','Черный','WAUZZZ8T2FA029953',NULL,0),(526,'2019-12-20 19:44:00','2019-12-22 14:25:00','2019-12-22 14:25:00','Зайцев Михаил Викторович',45,2,'А362ВС799','+7(926) 539-9986',10500,1,3,15,24,'----','Будет произведена фотофиксация после мойки','Белый','Z6FAXXESMAGL50821',NULL,2),(527,'2019-12-20 20:03:00','2019-12-22 20:15:00','2019-12-22 20:15:00','Шлычкова Ольга Владимировна',49,1,'У794СЕ799','+7(915) 469-1192',16900,1,4,15,24,'---','После мойки кузова будет произведена фотофиксация','Красный','WDD2050401R523413',NULL,2),(528,'2019-12-20 19:35:00','2019-12-22 20:11:00','2019-12-22 20:11:00','Горецкий Станислав Дмитриевич',29,1,'О006ВР98','+7(921) 941-6181',44900,1,1,15,24,'---','Будет выполнена фотофиксация после мойки автомобиля','Темно-синий','WUAZZZ4F6AN900344',NULL,0),(529,'2019-12-20 20:34:00','2019-12-21 19:10:00','2019-12-21 19:10:00','ООО М КРАН (Александр)',42,2,'Н816СМ799','+7(915) 027-8739',13000,1,2,15,24,'---','После мойки автомобиля будет выполнена фотофиксация повреждений','Серый','WBAJW81020BU65915',NULL,2),(530,'2019-12-20 20:15:00','2019-12-20 21:00:00','2019-12-20 21:00:00','ООО ОВЕРТАЙМ (Адам)',55,1,'Е818РН799','+7(903) 716-5544',2500,1,4,15,15,'---','---','Черный','WDD2130801A700122',NULL,0),(531,'2019-12-21 00:00:00','2019-12-22 20:24:00','2019-12-22 20:24:00','Шлычкова Ольга Владимировна',49,1,'У794СЕ799','+7(915) 469-1192',0,1,4,15,24,'---','Автомобиль загрезнен. Фотофиксация дефектов после мойки кузова.','Красный','WDD2050401R523413',NULL,2),(532,'2019-12-21 12:45:00','2019-12-21 14:30:00','2019-12-21 14:30:00','Шевирев Александр Владимирович',83,2,'Н244СР799','+7(966) 318-9476',5500,1,6,24,24,'---','---','Серый','Z94CT51DBFR114193',NULL,2),(533,'2019-12-21 17:00:00','2019-12-21 20:30:00','2019-12-21 20:30:00','Машков Андрей Андреевич',27,1,'Н070СТ799','+7(916) 862-4544',5000,1,1,24,24,'---','---','Серебристый','WAUZZZF40KA075982',NULL,0),(534,'2019-12-22 11:55:00','2019-12-22 15:30:00','2019-12-22 15:30:00','Бойкова Светлана Владимировна',186,3,'Р111КА750','+7(985) 510-1555',9500,1,21,24,24,'---','---','Коричневый','XW8JC4NS6LH408543',NULL,2),(535,'2019-12-22 12:50:00','2019-12-22 13:30:00','2019-12-22 13:30:00','Егоренков Александр Александрович',130,1,'О324ММ199','+7(903) 534-3701',2500,1,11,24,24,'---','---','Черный','XWFGT5ED1D0000435',NULL,2),(536,'2019-12-22 13:05:00','2019-12-22 14:10:00','2019-12-22 14:10:00','ООО ЗИММЕР СНГ',248,3,'М321СК777','+7(985) 922-1753',1500,1,35,24,24,'---','---','Черный','XW8ZZZ7PZG002135',NULL,2),(537,'2019-12-22 15:35:00','2019-12-22 18:12:00','2019-12-22 18:12:00','Лотырева Алла Анатольевна',187,1,'А687СТ799','+7(905) 588-7171',5000,1,21,24,24,'---','---','Серый','XW8AN4NE2LH010296',NULL,0),(538,'2019-12-22 18:00:00','2019-12-22 18:22:00','2019-12-22 18:22:00','Лобачевский Юрий Мечиславович',59,4,'М203НС799','+7(968) 977-6767',1500,1,4,24,24,'---','---','Черный','WDC2539051V130292',NULL,0),(539,'2019-12-22 18:42:00','2019-12-22 20:50:00','2019-12-22 20:50:00','Демидова Марина Николаевна',13,2,'Р572ОВ799','+7(916) 945-7982',5000,1,2,24,24,'---','---','Белый','X4XUJ19400LG64037',NULL,2),(540,'2019-12-22 19:00:00','2019-12-27 13:20:00','2019-12-27 13:20:00','Каспаров Олег Эдуардович',175,4,'В924ОЕ799','+7(916) 277-6200',81000,1,19,24,15,'---','---','Синий','WP1ZZZ92ZDLA85681',NULL,2),(543,'2019-12-23 15:15:00','2019-12-23 19:45:00','2019-12-23 19:45:00','Еремеева Татьяна Валерьевна',93,2,'У589СН799','+7(916) 503-9747',11000,1,7,24,24,'---','---','Черный','Z94C251BBLR081776',NULL,2),(544,'2019-12-23 15:20:00','2019-12-23 16:05:00','2019-12-23 16:05:00','Юсупов Руслан Рашитович',40,5,'Х444ВН99','+7(965) 245-4545',0,1,2,24,24,'---','---','Синий','WBS3R91000K452677',NULL,2),(545,'2019-12-24 09:10:00','2019-12-25 17:20:00','2019-12-25 17:20:00','Тихомиров Алесандр Владимирович',29,1,'Без номера','+7(916) 520-1022',91000,1,1,24,15,'---','---','Белый','WAUZZZF24KN044371',NULL,2),(546,'2019-12-25 10:00:00','2019-12-25 10:35:00','2019-12-25 10:35:00','АО МЕТАЛОКОМПЛЕКТ М (Никитин Юрий Константинович)',100,1,'К800ОЕ799','+7(985) 368-9002',2000,1,8,15,15,'---','---','Черный','XW7BF4HK80S136183',NULL,0),(547,'2019-12-25 11:55:00','2019-12-25 12:20:00','2019-12-25 12:20:00','Тельцова Елена Валерьевна (Василий)',208,3,'А350ХУ750','+7(968) 707-9686',1500,1,25,15,15,'---','---','Серый','JCRJFLG4JC187887',NULL,0),(548,'2019-12-25 10:00:00','2019-12-25 17:00:00','2019-12-25 17:00:00','Сапронова Вера Алексеевна (Андрей)',175,4,'Т931СО177','+7(977) 757-6340',12000,1,19,15,15,'---','---','Черный','WP1ZZZ9PZ6LA85078',NULL,0),(549,'2019-12-25 16:30:00','2019-12-25 20:20:00','2019-12-25 20:20:00','Желина Алина Александровна',39,1,'М700ОМ799','+7(925) 660-6512',12000,1,2,15,15,'---','---','Черный','X4X3A594X05K82687',NULL,2),(550,'2019-12-25 20:15:00','2019-12-25 21:15:00','2019-12-25 21:15:00','ООО М КРАН (Александр)',42,4,'Н816СМ799','+7(915) 027-8739',5000,1,2,15,15,'---','---','Серый','WBAJW81020BU65915',NULL,0),(551,'2019-12-26 09:30:00','2019-12-26 11:30:00','2019-12-26 11:30:00','ООО ДЦК (Сергей)',77,1,'А764ОА799','+7(926) 134-0003',5000,1,6,15,15,'---','---','Черный','KMHGN411DJU288162',NULL,0),(552,'2019-12-26 12:00:00','2019-12-26 16:50:00','2019-12-26 16:50:00','Савка Наталья (Дмитрий)',90,1,'Н399СТ799','+7(926) 207-6666',15500,1,7,15,15,'---','---','Серый','XWEGN411BK0007304',NULL,0),(553,'2019-12-26 16:30:00','2019-12-26 18:30:00','2019-12-26 18:30:00','Лизингополучатель Добрынин Сергей Витальевич (Горностаев Сергей Иелович)',55,1,'Х647ОН799','+7(985) 477-6237',4000,1,4,15,15,'---','---','Черный','WDD2130131A645760',NULL,2),(554,'2019-12-26 17:30:00','2019-12-26 18:00:00','2019-12-26 18:30:00','Солямова Адиля (Рушан)',41,1,'О861КХ777','+7(911) 626-1258',1500,1,2,15,15,'---','---','Черный','X4X5D39450D882957',NULL,2),(555,'2019-12-26 18:30:00','2019-12-26 22:45:00','2019-12-26 22:45:00','ООО Приоритет (Илья)',39,1,'Х199ХТ750','+7(903) 216-1673',10000,1,2,15,15,'---','---','Серый','WBA5V31050FY81568',NULL,2),(556,'2019-12-26 20:00:00','2019-12-26 20:30:00','2019-12-26 20:30:00','Макаров Станислав Иванович',280,2,'М321УС190','+7(985) 995-7386',1500,1,6,15,15,'---','---','Синий','NLYPN1DP9Z062660',NULL,0),(557,'2019-12-26 18:00:00','2019-12-26 19:00:00','2019-12-26 19:00:00','Бунина Наталья Владимировна (Павел)',170,3,'Т040ХЕ77','+7(903) 622-1220',0,1,17,15,15,'---','---','Белый','YV1CM5957C1622079',NULL,0),(558,'2019-12-27 09:30:00','2019-12-27 11:50:00','2019-12-27 11:50:00','Амантышев Шабхоз Саидмуродович',39,1,'К838ЕХ799','+7(985) 904-1369',5000,1,2,15,15,'---','---','Белый','X4X8A594305K82093',NULL,2),(559,'2019-12-27 11:00:00','2019-12-27 12:00:00','2019-12-27 12:00:00','Попов Дмитрий Аркадьевич',27,1,'Р220ХМ777','+7(968) 963-2388',2000,1,1,15,15,'---','---','Коричневый','WAUZZZF46HA121243',NULL,2),(560,'2019-12-27 13:32:00','2019-12-29 20:00:00','2019-12-29 20:00:00','Тарасова Марина Юрьевна',169,4,'М702АМ777','+7(905) 789-8534',3500,1,17,15,15,'---','---','Черный','YV1BZ6756E1178613',NULL,1),(561,'2019-12-27 14:20:00','2019-12-27 15:00:00','2019-12-27 15:00:00','Партышев Иван Юрьевич',41,1,'Т001ТР161','+7(919) 892-0888',500,1,2,15,15,'---','---','Черный','WBAJR71000BJ16902',NULL,0),(562,'2019-12-27 18:00:00','2019-12-27 19:00:00','2019-12-27 19:00:00','Горин Александр Сергеевич',152,3,'К474ВК750','+7(909) 934-1026',8000,1,15,15,15,'---','---','Белый','Z8TGYKH40DM046325',NULL,0),(563,'2019-12-27 19:28:00','2019-12-30 20:00:00','2019-12-30 20:00:00','Горовцов Алексей Валентинович',254,3,'ТЕ621Н77','+7(916) 451-4784',69500,1,32,15,15,'---','Будет произведена фотофиксация после мойки автомобиля','Черный','XWFUK9EF1A0000309',NULL,0),(564,'2019-12-28 13:30:00','2019-12-28 14:15:00','2019-12-28 14:15:00','Григорьев Сергей Борисович',90,1,'Т272ВХ799','+7(915) 208-7113',2500,1,7,15,15,'---','---','Черный','XWEGU411BJ0006233',NULL,0),(565,'2019-12-28 14:15:00','2019-12-28 15:20:00','2019-12-28 15:20:00','Григорьев Сергей Борисович',88,1,'Н112МО799','+7(915) 208-7113',3000,1,7,15,15,'---','---','Черный','XWEFZ417BJC003585',NULL,0),(566,'2019-12-28 14:15:00','2019-12-28 17:00:00','2019-12-28 17:00:00','Шамов Иван Валентинович',231,4,'Без номера','+7(905) 562-6477',6000,1,29,15,15,'---','---','Черный','SALYA2BXXLA263187',NULL,2),(567,'2019-12-28 17:30:00','2019-12-28 18:04:00','2019-12-28 18:04:00','Суворов Сергей Витальевич',186,3,'Т456НХ799','+7(909) 974-6999',1000,1,21,15,15,'---','---','Синий','XW8LD6NS0KH411728',NULL,2),(568,'2019-12-28 18:00:00','2019-12-28 20:40:00','2019-12-28 20:40:00','Илютин Александр Сергеевич',141,2,'У228СЕ197','+7(903) 011-3857',10500,1,14,15,15,'---','---','Синий','JMZBK14Z271548409',NULL,0),(569,'2019-12-28 19:37:00','2019-12-28 21:00:00','2019-12-28 21:00:00','Лаврентьева Алеся Витальевна',126,3,'Без номера','+7(909) 278-3855',6000,1,10,15,15,'---','---','Белый','JTJBAMCA302095477',NULL,0),(570,'2019-12-29 10:00:00','2019-12-29 14:00:00','2019-12-29 14:00:00','ЗАО ИПФ ПРОРЫВ (Сергей)',119,1,'А352АВ750','+7(915) 012-4848',7000,1,10,15,15,'---','---','Синий','JTHB31`GS002066671',NULL,2),(571,'2019-12-29 10:30:00','2019-12-29 14:00:00','2019-12-29 14:00:00','Преснов Сергей Тудовдоржиевич',281,4,'В839ТУ777','+7(903) 770-4717',9500,1,28,15,15,'---','---','Черный','JSAFJB43V00647588',NULL,0),(572,'2019-12-29 14:15:00','2019-12-29 15:20:00','2019-12-29 15:20:00','Ерыганов Виктор Константинович',247,4,'Е864СН799','+7(916) 379-4368',4500,1,35,15,15,'---','---','Серый','XW8ZZZ5NZLG000063',NULL,0),(573,'2019-12-29 14:00:00','2019-12-29 15:00:00','2019-12-29 15:00:00','Иваненко Вячеслав Николаевич',27,1,'У008ВЕ77','+7(915) 188-5631',2000,1,1,15,15,'---','---','Коричневый','WAUZZZ8K7EA012443',NULL,2),(574,'2019-12-29 18:00:00','2019-12-29 21:00:00','2019-12-29 21:00:00','Понада Ирина Владимировна (Дмитрий)',27,4,'Р404КХ799','+7(995) 508-5161',7500,1,1,15,15,'---','---','Синий','WAUZZZ8E45A571149',NULL,2),(575,'2019-12-29 17:30:00','2019-12-29 18:15:00','2019-12-29 18:15:00','Захаров Никита Анатольевич',55,1,'О298ОО44','+7(996) 930-6883',1800,1,4,15,15,'---','---','Белый','WDD2383431F118011',NULL,2),(576,'2019-12-30 10:00:00','2019-12-30 10:45:00','2019-12-30 10:45:00','Асанов Андрей Васильевич',179,4,'В941УХ750','+7(917) 508-4655',1250,1,20,15,15,'---','---','Белый','X7LHSRHGD63576879',NULL,2),(577,'2019-12-30 11:00:00','2019-12-30 13:00:00','2019-12-30 13:00:00','Олышевский Николай Геннадьевич (Алексей)',75,1,'Н293МТ150','+7(905) 784-7320',4500,1,6,15,15,'---','---','Черный','KMHDU41BP8U638599',NULL,2),(579,'2019-12-29 13:00:00','2019-12-30 15:00:00','2019-12-30 15:00:00','ффф',22,1,'Без номера','+7(456) 777-8999',3000,1,1,15,15,'---','---','Серый',NULL,NULL,0),(580,'2019-12-30 13:00:00','2019-12-30 15:00:00','2019-12-30 15:00:00','Камышников Антон Сергеевич (Никита)',14,4,'М911УТ750','+7(926) 520-0555',5000,1,2,15,15,'---','---','Черный','WBSKT610300C88738',NULL,2),(581,'2019-12-29 13:00:00','2019-12-30 14:00:00','2019-12-30 14:00:00','Стекло душевая кабина',37,4,'Без номера','+7(903) 363-7524',3000,1,2,15,15,'---','---','Белый',NULL,NULL,2),(582,'2019-12-30 17:00:00','2019-12-30 20:00:00','2019-12-30 20:00:00','Нужных Игорь Анатольевич',39,1,'С441УР777','+7(999) 972-1996',2000,1,2,15,15,'---','---','Белый','WBA8E31010K791192',NULL,2),(583,'2019-12-30 20:00:00','2019-12-30 21:30:00','2019-12-30 21:30:00','Лизингополучатель ООО ПМТХ Армада',49,1,'Е252УВ 777','+7(905) 789-8534',3500,1,4,15,15,'---','---','Белый','WDD2050781R517050',NULL,0),(584,'2020-01-04 10:00:00','2020-01-05 21:00:00','2020-01-06 21:00:00','Юзефович Дмитрий Владимирович',39,1,'Х073НР777','+7(925) 795-1495',37500,1,2,15,15,'---','Автомобиль ЗАГРЕЗНЕН , Фотофиксация дефектов после мойки .','Синий','X4X3C39410P685163',NULL,0),(585,'2020-01-04 12:00:00','2020-01-04 14:40:00','2020-01-04 14:40:00','Грицай Олег Сергеевич',170,3,'В979ТР197','+7(926) 265-0470',3000,1,17,15,15,'---','---','Коричневый','YV1CM2457D1652313',NULL,0),(586,'2020-01-04 15:00:00','2020-01-04 18:00:00','2020-01-04 18:00:00','Солдатенков Илья Николаевич',29,1,'М290СТ799','+7(903) 216-1288',8000,1,1,15,15,'---','---','Черный','XW8ZZZ4GXH028386',NULL,0),(587,'2020-01-04 18:20:00','2020-01-04 20:15:00','2020-01-04 20:15:00','Ульянова Татьяна Владимировна (Дмитрий)',10,2,'Р951НК799','+7(964) 935-5095',4500,1,2,15,15,'---','---','Синий','WBA1R510707D53848',NULL,2),(588,'2020-01-05 10:00:00','2020-01-07 12:00:00','2020-01-07 12:00:00','Алексина Надежда Васильевна (Татьяна)',146,3,'А449СО799','+7(903) 283-8444',73400,1,14,15,15,'---','Автомобиль загрезнен. Фотофиксация дефектов после мойки кузова автомобиля.','Серый','RUMTBEWYA02003274',NULL,0),(589,'2020-01-05 12:15:00','2020-01-05 12:30:00','2020-01-05 14:20:00','Субботин Иван Владимирович',182,1,'А969КР190','+7(915) 115-8480',4000,1,20,15,15,'---','---','Красный','X7LLSRB1HAH294147',NULL,2),(590,'2020-01-05 13:27:00','2020-01-05 14:27:00','2020-01-05 14:27:00','Никулина Мария Николаевна',229,4,'Х027СС197','+7(903) 611-6979',4000,1,29,15,15,'---','---','Черный','SALVA2DB8CH626954',NULL,0),(591,'2020-01-05 14:30:00','2020-01-05 16:00:00','2020-01-05 16:00:00','Жадаева Людмила Евгеньевна',160,3,'Р303НХ750','+7(905) 595-4777',3000,1,16,15,15,'---','---','Синий','5N1CL0MM1EC503779',NULL,2),(592,'2020-01-05 15:30:00','2020-01-05 16:15:00','2020-01-05 16:15:00','Шапинян Давид Эдуардович (Роман)',15,4,'А727РН97','+7(916) 626-1705',1000,1,2,15,15,'---','---','Синий','WDSGZ01000LJ54609',NULL,0),(593,'2020-01-06 13:00:00','2020-01-06 13:50:00','2020-01-06 13:50:00','Горбенко Иван Михайлович',39,1,'У043УТ197','+7(916) 382-1724',3000,1,2,15,15,'---','---','Черный','X4X3B194X0J122977',NULL,2),(594,'2020-01-06 16:00:00','2020-01-06 21:20:00','2020-01-06 21:20:00','Горюнов Илья Вячеславович',282,4,'Е280РУ197','+7(916) 513-0479',22000,1,44,15,15,'---','---','Серый','Z8UA0A1SSC0009388',NULL,2),(595,'2020-01-07 10:00:00','2020-01-10 18:00:00','2020-01-10 18:00:00','Правдин Аркадий Александрович',55,1,'У475СХ777','+7(962) 979-1376',55000,1,4,15,15,'---','Автомобиль загрезнен.Фотофиксация дефектов после мойки кузова автомобиля.','Синий','WDD2130421A024961',NULL,0),(596,'2020-01-07 09:30:00','2020-01-07 12:12:00','2020-01-07 12:12:00','ООО РИТТАЛ (Сергей)',17,2,'В718ТВ777','+7(903) 251-1725',4500,1,3,15,15,'---','---','Белый','Z6F5XXEEC5GA13619',NULL,0),(597,'2020-01-07 13:20:00','2020-01-07 15:00:00','2020-01-07 15:00:00','Ларионов Роман Витальевич',27,1,'Т680ОР799','+7(968) 355-3807',5000,1,1,15,15,'---','---','Синий','WAUZZZF48KA040980',NULL,0),(598,'2020-01-07 15:00:00','2020-01-07 16:20:00','2020-01-07 16:20:00','Шульга Андрей Валерьевич',90,1,'М959НР799','+7(926) 377-6445',5500,1,7,15,15,'---','---','Серый','XWEGW413BK0010700',NULL,0),(599,'2020-01-07 16:20:00','2020-01-07 17:00:00','2020-01-07 17:00:00','Турчин Никита Алексеевич',186,4,'Р608КУ799','+7(985) 179-2299',1000,1,21,15,15,'---','---','Белый','XW8LJNS4KH401611',NULL,2),(600,'2020-01-07 18:00:00','2020-01-07 20:00:00','2020-01-07 20:00:00','Прокопенко Наталья Александровна (Виктор)',6,1,'М403ХТ750','+7(977) 270-3705',7000,1,2,15,15,'---','---','Черный','X4X7V49440BX93683',NULL,2),(601,'2020-01-08 12:00:00','2020-01-13 15:00:00','2020-01-13 15:00:00','АВТОЛЮКС (Владимир)',191,4,'Н830СК197','+7(985) 768-2735',14400,1,22,15,15,'---','---','Светло-зеленый','JF1SJ9LC5GG262289',NULL,0),(602,'2020-01-08 12:35:00','2020-01-08 16:00:00','2020-01-08 16:00:00','ООО АМЛ (Дмитрий)',88,1,'Р931СТ799','+7(926) 912-1309',5000,1,7,15,15,'---','---','Белый','XWEFX417BKC008323',NULL,0),(603,'2020-01-08 14:35:00','2020-01-08 15:45:00','2020-01-08 15:45:00','Скогорева Полина Александровна',97,2,'В660РТ26','+7(968) 782-2228',2000,1,7,15,15,'---','---','Белый','XWEPC811BD0019314',NULL,0),(604,'2020-01-08 20:30:00','2020-01-08 21:30:00','2020-01-08 21:30:00','Кагитин Дмитрий Олегович',41,1,'А039ХУ750','+7(909) 936-6669',2500,1,2,15,15,'---','---','Черный','X4X5A79490D363345',NULL,0),(605,'2020-01-09 12:30:00','2020-01-09 16:00:00','2020-01-09 16:00:00','ООО ЗАВОД ВОДОПРИПРИБОР (Андрей)',41,1,'Н002КМ199','+7(926) 989-0888',7500,1,2,15,15,'---','---','Синий','X4XJD194X0WF68313',NULL,0),(606,'2020-01-09 15:20:00','2020-01-09 16:45:00','2020-01-09 16:45:00','Орлов Павел Алексеевич',49,1,'Р714РН799','+7(916) 309-6972',1500,1,4,15,15,'---','---','Синий','WDD2053431F416321',NULL,2),(607,'2020-01-09 16:00:00','2020-01-09 19:00:00','2020-01-09 19:00:00','ООО ПМТХ Армада ( Тарасова Марина Юрьевна)',49,1,'Е252УВ 777','+7(905) 789-8534',3000,1,4,15,15,'---','---','Белый','WDD2050781R517050',NULL,0),(608,'2020-01-10 10:00:00','2020-01-10 11:50:00','2020-01-10 11:50:00','Пахарева Галина Вячеславовна (Дмитрий)',265,6,'Н649ММ777','+7(916) 600-6569',1600,1,4,15,15,'---','---','Черный','WDF83981313880713',NULL,0),(609,'2020-01-10 11:15:00','2020-01-10 12:10:00','2020-01-10 12:10:00','Жиронкин Андрей Сергеевич',90,1,'А676РЕ799','+7(965) 138-3823',1500,1,7,15,15,'---','---','Черный','XWEGU413BK0010633',NULL,0),(610,'2020-01-10 12:30:00','2020-01-10 14:00:00','2020-01-10 14:00:00','Хрулев Владимир Cергеевич',100,1,'Е680СЕ799','+7(905) 518-2921',5000,1,8,15,15,'---','---','Черный','XW7BN50S107534',NULL,2),(611,'2020-01-10 14:30:00','2020-01-10 16:10:00','2020-01-10 16:10:00','Максимов Максим Геннадьевич (Иван)',41,2,'М648КЕ799','+7(916) 968-2988',5000,1,2,15,15,'---','---','Серый','WBASN21050C189339',NULL,2),(612,'2020-01-10 16:00:00','2020-01-10 19:00:00','2020-01-10 19:00:00','Мельников Андрей Владимирович',42,4,'О888НО197','+7(903) 726-2272',6000,1,2,15,15,'---','---','Коричневый','WBAJV21020BH93306',NULL,2),(613,'2020-01-10 14:00:00','2020-01-11 15:09:00','2020-01-11 15:09:00','Алексина Надежда Васильевна (Татьяна)',146,4,'А449СО799','+7(903) 283-8444',67000,1,14,15,15,'---','---','Серый','RUMTBEWYA02003274',NULL,2),(614,'2020-01-11 10:16:00','2020-01-11 09:30:00','2020-01-11 10:30:00','Попов Сергей Сергеевич',191,4,'Р614ВЕ199','+7(916) 487-1452',2000,1,22,15,15,'---','---','Синий','JF1SG5LW48G14897',NULL,0),(615,'2020-01-11 11:54:00','2020-01-11 16:00:00','2020-01-11 16:00:00','Шутова Ольга Евгеньевна',33,4,'М329СУ799','+7(926) 559-8827',5500,1,1,15,15,'---','---','Синий','WAUZZZFY3L2013846',NULL,2),(616,'2020-01-11 18:42:00','2020-01-13 16:30:00','2020-01-13 16:30:00','Макушин Илья Вадимович',39,1,'О003УХ750','+7(916) 494-5046',68000,1,2,15,15,'---','---','Белый','WBA5V71030FJ09660',NULL,0),(617,'2020-01-12 10:00:00','2020-01-13 20:00:00','2020-01-13 20:00:00','Шустова Наталья Михайловна',59,4,'С039ВУ199','+7(910) 428-8339',51900,1,4,15,15,'---',NULL,'Черный','WDC2533191F753142',NULL,2),(618,'2020-01-12 17:00:00','2020-01-12 18:00:00','2020-01-12 21:00:00','Портнихина Татьяна Гаевна (Александр)',97,4,'К133НХ13','+7(999) 010-6498',5500,1,7,15,15,'---','---','Белый','XWEPH81ADK0037664',NULL,2),(619,'2020-01-13 11:00:00','2020-01-13 11:50:00','2020-01-13 11:50:00','Цыпина Таисия Геннадьевна',247,4,'М660ОХ799','+7(968) 842-3505',1500,1,35,15,15,'---','---','Белый','XW8ZZZ5NZG224839',NULL,2),(620,'2020-01-13 13:40:00','2020-01-14 12:30:00','2020-01-14 12:30:00','Благовидов Анатолий Сергеевич (Виктория)',56,3,'Р999ВТ199','+7(916) 121-4383',39000,1,4,15,15,'---','---','Синий','W1N4632601X339885',NULL,2),(621,'2020-01-13 15:40:00','2020-01-13 17:45:00','2020-01-13 17:45:00','Соболев Александр Сергеевич',244,2,'Е834УР777','+7(964) 589-9015',1500,1,35,15,15,'---','---','Синий','WVWZZZAUZHW122018',NULL,0),(622,'2020-01-14 10:30:00','2020-01-14 11:30:00','2020-01-14 11:30:00','Филатчев Павел Петрович (Сергей)',60,3,'О801ВР799','+7(962) 363-2266',2000,1,4,15,15,'---','---','Белый','WDC1660241B016996',NULL,2),(623,'2020-01-14 11:30:00','2020-01-14 12:45:00','2020-01-14 12:45:00','Возный Илья Павлович',239,1,'О736УО750','+7(925) 901-0666',6000,1,35,15,15,'---','---','Коричневый','XW8ZZZ61ZKG040665',NULL,0),(624,'2020-01-14 14:15:00','2020-01-14 15:00:00','2020-01-14 15:00:00','Герасимов Степан Анатольевич ( Данияр)',100,1,'Е368ОВ799','+7(965) 244-4646',2000,1,8,15,15,'---','---','Белый','XW7BF3HK10S129361',NULL,2),(625,'2020-01-14 15:00:00','2020-01-14 17:00:00','2020-01-14 17:00:00','Калиниченко Наталья Леонидовна (Вячеслав)',247,4,'Р641УА197','+7(903) 969-7524',0,1,35,15,15,'---','---','Черный','WVGZZZ5NZ9W065452',NULL,2),(626,'2020-01-14 20:30:00','2020-01-14 21:24:00','2020-01-14 21:24:00','Солямов Рушан Иматович',83,1,'С649ХО777','+7(985) 487-3560',3500,1,6,15,15,'---','---','Белый','Z94K241BBJR029123',NULL,2),(627,'2020-01-15 14:00:00','2020-01-15 14:20:00','2020-01-15 14:20:00','Никулин Эдуард Анатольевич (Александр)',124,3,'А180ЕУ177','+7(963) 648-1515',1000,1,10,15,15,'---','---','Черный','JTJHY00W604202492',NULL,0),(628,'2020-01-15 15:30:00','2020-01-15 16:00:00','2020-01-15 16:30:00','Каргапольцев Владислав Андреевич',39,1,'Р230ХР197','+7(999) 799-1234',750,1,2,15,15,'---','---','Черный','WBAPN31000VH08588',NULL,2),(629,'2020-01-16 09:20:00','2020-01-16 11:00:00','2020-01-16 11:00:00','ФГБУ ЦЕНТРАНАЛИТИКИ ( Ермолин Сергей Юрьевич)',100,1,'М268СУ799','+7(965) 190-4391',3000,1,8,15,15,'---','---','Черный','XW7BFYHK40S148645',NULL,2),(630,'2020-01-16 10:30:00','2020-01-17 11:00:00','2020-01-17 11:00:00','Адуев Ганиль Шарапудинович',100,1,'А067ЕР790','+7(915) 094-4566',36500,1,8,15,15,'---','Автомобиль загрезнен. Фотофиксация дефектов после мойки кузова .','Черный','XW7BF3HKX0S142206',NULL,0),(631,'2020-01-16 10:30:00','2020-01-16 12:12:00','2020-01-16 12:12:00','Гуторов Георгий Александрович ( Дмитрий)',83,1,'А400ОР799','+7(905) 518-1502',5100,1,6,15,15,'---','---','Черный','Z94K241CBLR159650',NULL,0),(632,'2020-01-16 11:00:00','2020-01-16 16:00:00','2020-01-16 16:00:00','Лизингополучатель ООО МОНОЛИТ (Расул)',124,3,'А060КО95','+7(989) 771-8888',14000,1,10,15,15,'---','---','Черный','JTJC00W204011817',NULL,0),(633,'2020-01-16 14:00:00','2020-01-16 18:30:00','2020-01-16 18:30:00','Хваткова Ирина Викторовна (Владислав)',50,3,'А779ММ77','+7(926) 383-1222',10000,1,4,15,15,'---','---','Серый','WDC1668241B41B026889',NULL,2),(634,'2020-01-17 11:00:00','2020-01-17 12:30:00','2020-01-17 12:30:00','Семигина Марина Юрьевна (Андрей)',100,1,'Н837ХА197','+7(917) 546-4410',5500,1,8,15,15,'---','---','Черный','JTNBFYFK403015805',NULL,2),(636,'2020-01-17 14:30:00','2020-01-18 12:30:00','2020-01-18 12:30:00','Журавицкий Александр Маркович',55,1,'Х125СК799','+7(962) 362-6000',11800,1,4,15,15,'---','Автомобиль загрезнен. Фотофиксация дефектов после мойки кузова.','Черный','WDD2130421A123756',NULL,2),(638,'2020-01-17 15:40:00','2020-01-19 13:00:00','2020-01-19 13:00:00','Мосяев Антон Юрьевич',100,1,'О598СЕ799','+7(968) 731-0790',68900,1,8,15,15,'---','---','Черный','XW7BF3HK00S148189',NULL,2),(639,'2020-01-18 09:50:00','2020-01-18 11:00:00','2020-01-18 11:00:00','Кирас Александр Олегович',60,4,'В777УР750','+7(985) 876-5958',6000,1,4,15,15,'---','---','Синий','WDC2923241A129547',NULL,0),(640,'2020-01-18 10:20:00','2020-01-18 11:25:00','2020-01-18 11:25:00','Кравченко Наталья Юрьевна',10,4,'М436ХР750','+7(926) 557-1068',2000,1,2,15,15,'---','---','Черный','WBA11A00405P20998',NULL,0),(641,'2020-01-18 11:28:00','2020-01-18 14:00:00','2020-01-18 14:00:00','Точечный Дмитрий Борисович',156,1,'М761АТ77','+7(903) 795-4614',6000,1,16,15,15,'---','---','Белый','Z8NBBNY51CS000384',NULL,0),(642,'2020-01-18 15:35:00','2020-01-18 20:49:00','2020-01-18 20:49:00','ООО \"ПАКПЛЮС\"',14,3,'У400УО190','+7(916) 154-6116',6200,1,2,15,15,'---','---','Черный','X4XCV69400LH66614',NULL,2),(643,'2020-01-18 17:00:00','2020-01-18 18:43:00','2020-01-18 18:43:00','Гудков',27,1,'О559КЕ77','+7(963) 772-7282',2000,1,1,15,15,'---','---','Черный','WAUZZZ8K0DA157726',NULL,2),(644,'2020-01-18 18:55:00','2020-01-18 20:50:00','2020-01-18 20:50:00','Икаев Сергей Константинович',35,3,'М621СУ799','+7(985) 761-0595',6000,1,1,15,15,'---','---','Черный','WAUZZZF15KD42948',NULL,2),(645,'2020-01-19 11:01:00','2020-01-19 12:00:00','2020-01-19 12:00:00','Кочетов Николай Александрович',144,2,'М680ОТ199','+7(926) 236-5759',2000,1,14,15,15,'---','---','Белый','JMZKE893800210308',NULL,2),(646,'2020-01-19 16:49:00','2020-01-19 18:30:00','2020-01-19 18:30:00','Комаров Денис Игоревич',126,4,'М829ОХ799','+7(925) 500-2032',6000,1,10,15,15,'---','---','Синий','JTJBAMCA602082013',NULL,2),(647,'2020-01-19 18:46:00','2020-01-19 20:00:00','2020-01-19 20:00:00','Вадясова Татьяна Александровна',159,3,'М428ММ197','+7(916) 847-7155',4000,1,16,15,15,'---','---','Серый','Z8NJANZ62DS001024',NULL,2),(648,'2020-01-19 18:30:00','2020-01-19 20:00:00','2020-01-19 20:00:00','Прошиев Анатолий Тимофеевич',83,2,'Е825ОВ777','+7(966) 019-9990',4000,1,6,15,15,'---','---','Черный','Z94CT51CAFR144046',NULL,0),(649,'2020-01-20 11:50:00','2020-01-21 15:00:00','2020-01-21 15:00:00','Ливадченко Александр Александрович (Павел)',230,3,'К892ОС777','+7(985) 763-8169',14500,1,29,15,15,'---','---','Синий','SALWA2EF4FA540916',NULL,0),(650,'2020-01-20 12:00:00','2020-01-20 14:15:00','2020-01-20 14:15:00','Комаров Денис Игоревич',126,4,'М829ОХ799','+7(925) 500-2032',5000,1,10,15,15,NULL,NULL,'Синий','JTJBAMCA602082013',NULL,2),(651,'2020-01-21 09:45:00','2020-01-21 10:45:00','2020-01-21 10:45:00','Иван',121,3,'007','+7(916) 282-8223',3000,1,10,15,15,'---','---','Черный','JTJJM7FX0B5031192',NULL,0),(652,'2020-01-21 11:30:00','2020-01-21 14:30:00','2020-01-21 14:30:00','Осипов Сергей Львович',74,2,'А292АН797','+7(915) 005-0498',9500,1,6,15,15,'---','---','Синий','Z94G2813BLR234079',NULL,0),(653,'2020-01-22 11:22:00','2020-01-22 21:00:00','2020-01-22 21:00:00','Каргина Лариса',170,3,'Р737РА150','+7(903) 796-1027',0,1,17,15,15,'---','автомобиль загрязне. Фотофиксация кузова поле мойки кузова.','Серый темный','YV1CM714681484056',NULL,0),(654,'2020-01-22 12:53:00','2020-01-22 15:00:00','2020-01-22 15:00:00','ПОСТОЯННОЕ ПРЕДСТАВИТЕЛЬСТВО РЕСПУБЛИКИ АДЫГЕЯ ПРИ ПРЕЗИДЕНТЕ РФ (Жоров Николай Александрович)',100,1,'Т189НК799','+7(928) 444-1516',0,1,8,15,15,'---','---','Черный','XW7BF4HKX0S126545',NULL,2),(655,'2020-01-22 16:05:00','2020-02-22 17:30:00','2020-01-22 17:30:00','Комаров Денис Игоревич',126,4,'М829ОХ799','+7(925) 500-2032',3500,1,10,29,29,'---','---','Синий','JTJBAMCA602082013',NULL,2),(656,'2020-01-22 19:39:00','2020-01-22 20:05:00','2020-01-22 21:00:00','Фролова Галина Аркадьевна',26,1,'Н471НС177','+7(920) 322-1659',2600,1,1,15,15,'---','---','Белый','WAUZZZ8PXCA023428',NULL,2),(657,'2020-01-22 19:39:00','2020-01-24 15:22:00','2020-01-24 15:22:00','Александров Александр Николаевич',208,3,'О076АМ77','+7(920) 322-1659',27500,1,25,15,15,'---','---','Черный','1C4RJFCG9DC516040',NULL,2),(658,'2020-01-22 18:30:00','2020-01-22 19:30:00','2020-01-22 19:30:00','Немец',6,1,'777','+7(000) 000-0000',5000,1,2,15,15,'---','---','Коричневый',NULL,NULL,0),(659,'2020-01-23 13:36:00','2020-01-23 15:40:00','2020-01-23 15:40:00','АБСОЛЮТ-ТЕХ (Михаил)',55,1,'У285СК799','+7(905) 736-0553',5500,1,4,15,15,'---','---','Черный','WDD2130871A728857',NULL,1),(660,'2020-01-23 14:05:00','2020-01-25 10:51:00','2020-01-25 10:51:00','ООО ДОМООТДЕЛКА (Расул)',100,1,'А838СТ799','+7(925) 060-8410',45500,1,8,15,15,'---','Автомобиль загрязнен. Фотофиксация повреждений после мойки кузова автомобиля. Скол с вмятиной на капоте, царапины на правой стороне переднего бампера.','Черный','XW7BF3HK30S151779',NULL,1),(661,'2020-01-23 17:00:00','2020-01-23 18:07:00','2020-01-23 18:07:00','Бузинов Владимир Сергеевич',83,1,'Т175УК750','+7(910) 484-9669',1350,1,6,15,15,'---','---','Черный','Z94K241CBLR145074',NULL,2),(662,'2020-01-23 17:35:00','2020-01-26 20:30:00','2020-01-26 20:30:00','Антонов Юрий Анатольевич',63,3,'Н8787ХР777','+7(926) 161-7350',13500,1,4,15,15,'---','---','Черный','WDC1660231A263609',NULL,1),(663,'2020-01-23 19:10:00','2020-01-23 20:30:00','2020-01-23 20:30:00','Бударина Людмила Александровна',144,1,'В632СЕ799','+7(977) 868-9971',5000,1,14,15,15,'---','---','Белый','RUMKEEWLA02056128',NULL,0),(664,'2020-01-23 20:08:00','2020-01-25 14:35:00','2020-01-25 14:35:00','Кузнецова Мария Алексеевна',133,2,'Н584РТ799','+7(926) 928-4121',27600,1,12,15,15,'---','Автомобиль загрезнен. Фото фиксаксация дефектов после мойки кузова автомобиля.','Серебристый','WMWYU110903L23972',NULL,0),(665,'2020-01-24 10:29:00','2020-01-24 20:20:00','2020-01-24 20:20:00','Михаил',126,3,'С710РК77','+7(905) 562-6477',18000,1,10,15,15,'---','---','Белый','SALYA2BX0JA739699',NULL,2),(666,'2020-01-24 12:27:00','2020-01-24 12:58:00','2020-01-24 12:58:00','Белов Николай Сергеевич',39,2,'О976МК799','+7(926) 803-9975',1000,1,2,15,15,'---','---','Черный','WBA8C510X0K634441',NULL,0),(668,'2020-01-24 15:30:00','2020-01-24 19:37:00','2020-01-24 19:37:00','Боровков Никита Николаевич',117,1,'Х293РУ77','+7(964) 594-9898',4000,1,9,15,15,'---','---','Золотистый','SJNFCAK12U1264800',NULL,0),(669,'2020-01-23 16:05:00','2020-01-26 20:37:00','2020-01-26 20:37:00','Антонов Юрий Анатольевич',63,3,'Н8787ХР777','+7(926) 161-7350',5000,1,4,15,15,'---','---','Черный','WDC1660231A263609',NULL,2),(670,'2020-01-25 09:21:00','2020-01-25 11:00:00','2020-01-25 11:00:00','Галдин Егор Анатольевич',37,1,'Х982ЕХ799','+7(903) 278-7327',5000,1,2,29,29,'---','---','Белый','WBA1R510907B15466',NULL,0),(671,'2020-01-25 12:41:00','2020-01-25 13:13:00','2020-01-25 13:13:00','Андреев Андрей Андреевич',40,5,'Т999ВН777','+7(111) 111-1111',1000,1,2,29,29,'---','---','Золотой','WBS3R910X0K320591',NULL,0),(672,'2020-01-25 14:07:00','2020-01-25 20:57:00','2020-01-25 20:57:00','Родин Иван Николаевич',55,4,'В985КО799','+7(916) 445-4986',9500,1,4,29,29,'---','---','Серебристый','WDB2102061B370631',NULL,2),(673,'2020-01-25 14:39:00','2020-01-25 17:40:00','2020-01-25 17:40:00','Демехин Андрей Васильевич',63,3,'К952УР199','+7(985) 200-1888',6000,1,4,29,29,'---','Автомобиль загрязнен, будет выполнена фотофиксация перед началом работ.','Коричневый','WDC1660551A561643',NULL,2),(674,'2020-01-25 16:15:00','2020-01-25 17:45:00','2020-01-25 17:25:00','Злобин Андрей Хайрулович',6,1,'У090РВ799','+7(916) 916-6515',3000,1,2,29,29,'---','---','Черный','WBA7V41000EM64025',NULL,2),(675,'2020-01-26 09:57:00','2020-01-26 16:50:00','2020-01-26 16:50:00','Гайдуков Сергей Михайлович',39,1,'К162РК799','+7(903) 783-7734',20000,1,2,29,29,'---','---','Черный','X4X8A594505K82354',NULL,2),(676,'2020-01-26 12:31:00','2020-01-26 13:40:00','2020-01-26 13:40:00','Дергачев Роман Иванович',191,4,'Е180СУ197','+7(903) 672-8042',3000,1,22,29,29,'---','---','Серебристый','JF1SH9LT5BG243928',NULL,2),(677,'2020-01-26 14:19:00','2020-01-26 16:15:00','2020-01-26 16:15:00','Виталий',283,1,'Р626ВУ 799','+7(968) 033-4445',2100,1,4,29,29,'---','---','MondeoБелый','Z6FDXXEECDHG36384',NULL,2),(678,'2020-01-26 20:41:00',NULL,NULL,'Гусенкова Мария Олеговна(Михаил)',225,3,'М414АХ799','+7(916) 737-4833',15000,0,29,29,29,'---','---','Черный','SALLAAAN6DA683274',NULL,2),(679,'2020-01-27 09:40:00','2020-01-27 12:20:00','2020-01-27 12:23:00','ООО ИНТЕГРИРОВАННЫЕ ТРУБНЫЕ РЕШЕНИЯ И СЕРВИС',186,3,'А729СО799','+7(977) 109-7600',6000,1,21,29,29,'---','---','Белый','XW8JC4NS7LH406977',NULL,1);
/*!40000 ALTER TABLE `orders` ENABLE KEYS */;
UNLOCK TABLES;

--
-- Table structure for table `services`
--

DROP TABLE IF EXISTS `services`;
/*!40101 SET @saved_cs_client     = @@character_set_client */;
/*!40101 SET character_set_client = utf8 */;
CREATE TABLE `services` (
  `id` int(11) NOT NULL AUTO_INCREMENT,
  `name` varchar(255) COLLATE utf8_unicode_ci NOT NULL,
  `parent_id` int(11) DEFAULT NULL,
  `free` tinyint(1) NOT NULL,
  `pricefr` tinyint(1) NOT NULL,
  `active` tinyint(1) NOT NULL DEFAULT '1',
  PRIMARY KEY (`id`),
  KEY `IDX_7332E169727ACA70` (`parent_id`),
  CONSTRAINT `FK_7332E169727ACA70` FOREIGN KEY (`parent_id`) REFERENCES `services` (`id`)
) ENGINE=InnoDB AUTO_INCREMENT=126 DEFAULT CHARSET=utf8 COLLATE=utf8_unicode_ci;
/*!40101 SET character_set_client = @saved_cs_client */;

--
-- Dumping data for table `services`
--

LOCK TABLES `services` WRITE;
/*!40000 ALTER TABLE `services` DISABLE KEYS */;
INSERT INTO `services` VALUES (1,'Тонировка',NULL,0,0,1),(2,'Полировка',NULL,0,0,1),(7,'Ремонт стекол',NULL,0,0,1),(12,'Тонировка задней полусферы',1,0,0,1),(13,'Тонировка 2-х передних стекол',1,0,0,0),(15,'PDR',NULL,0,0,1),(17,'Тонировка лобового стекла',1,0,0,0),(19,'Полировка кузова',2,0,0,1),(20,'Химчистка',NULL,0,0,1),(21,'Химчистка салона',20,0,0,1),(22,'Бронирование',NULL,0,0,1),(23,'бронирование фар',22,0,0,1),(27,'Защитное покрытие кожаных элементов салона',29,0,0,1),(28,'Защитное покрытие декоративных пластиковых элементов салона',29,0,0,1),(29,'Детейлинг',NULL,0,0,1),(30,'Пропитка коврового покрытия салона',29,0,0,1),(31,'Полировка фар',2,0,0,1),(32,'Нанесение керамического покрытия (1 слой)',29,0,0,1),(33,'Полоска на лобовое стекло',1,0,0,0),(34,'Оклейка пленкой',NULL,0,0,1),(35,'Растонировка 2-х передних стекол',1,0,0,0),(36,'Полоса на лобовое стекло (прямая)',1,0,0,0),(38,'Нанесение керамического покрытия (2 слоя)',29,0,0,1),(39,'Полоска на лобовое стекло (фигурная)',1,0,0,0),(40,'Нанесение керамического покрытия (3 слоя)',29,0,0,1),(41,'Остановка трещины на лобом стекле',7,0,0,1),(42,'Ремонт скола на лобовом стекле',7,0,0,1),(43,'Ремонт трещины на лобом стекле',7,0,0,1),(44,'Нанесение защитного покрытия (жидкое стекло)',29,0,0,1),(45,'Озонация салона',29,0,0,1),(46,'Тонировка заднего лобового стекла',1,0,0,0),(47,'Тонировка задних боковых стекол',1,0,0,0),(48,'бронирование под ручками',22,0,0,1),(49,'Демонтаж тонировочной пленки',1,0,0,0),(50,'Тонировка передних форточек',1,0,0,0),(51,'Тонировка задних форточек',1,0,0,0),(52,'Тонировка передней полусферы',1,0,0,0),(54,'Свободный ввод',1,1,0,0),(55,'Зарплата',1,0,1,0),(56,'Свободный ввод и зарплата',1,1,1,0),(57,'Свободный ввод',2,1,0,1),(58,'Зарплата',2,0,1,1),(59,'Свободный ввод и зарплата',2,1,1,1),(60,'Свободный ввод',7,1,0,1),(61,'Зарплата',7,0,1,1),(62,'Свободный ввод и зарплата',7,1,1,1),(63,'Свободный ввод',20,1,0,1),(64,'Зарплата',20,0,1,1),(65,'Свободный ввод и зарплата',20,1,1,1),(66,'свободный ввод',22,1,0,1),(69,'Свободный ввод',29,1,0,1),(71,'Свободный ввод и зарплата',29,1,1,1),(72,'Свободный ввод',15,1,0,1),(73,'Зарплата',15,0,1,1),(74,'Свободный ввод и зарплата',15,1,1,1),(75,'Свободный ввод',34,1,0,1),(77,'Свободный ввод и зарплата',34,1,1,1),(78,'Влажная уборка салона',20,0,0,1),(80,'бронирование капота',22,0,0,1),(82,'бронирование корпуса зеркала лев. + прав.',22,0,0,1),(83,'бронирование пер. бампера',22,0,0,1),(84,'бронирование пер. крыльев',22,0,0,1),(85,'бронирование передних стоек',22,0,0,1),(86,'бронирование полоса на крыше',22,0,0,1),(87,'бронирование  передних внутр. порогов',22,0,0,1),(88,'бронирование внутр. порогов 4 шт',22,0,0,1),(89,'бронирование  зоны погрузки',22,0,0,1),(90,'Антидождь лобового стекла',29,0,0,1),(93,'бронирование \"Минимум\" (фары,зеркала,под ручками,погрузочная зона)',22,0,0,1),(94,'бронирование \"Люкс\" (Полная защита ЛКП кузова + пороги всех дверей, )',22,0,0,1),(96,'бронирование \"Премиум\" (Капот,фары,зеркала 2шт,п/бампер,п/крылья,п/стойки,полоса на крышу,пороги дверей 4шт,зона погрузки,под ручками)',22,0,1,1),(97,'зарплата',22,0,1,1),(99,'Нанесение состава \"Антидождь\" на лобовое стекло',29,0,0,1),(100,'Мойка кузова',1,0,0,0),(101,'Мойка кузова',22,0,0,1),(103,'Локальная полировка',2,0,0,1),(104,'свободный ввод и зарплата',22,1,1,1),(106,'Тонировка всех стекол ( кроме лобового)',1,0,0,0),(107,'Антидождь (все стекла)',29,0,0,1),(108,'Нанесение защитного покрытия на внешниий хром',29,0,0,1),(111,'Тонировка бокового стекла',1,0,0,0),(112,'Мойка кузова автомобиля',1,0,0,0),(113,'Мойка кузова автомобиля',29,0,0,1),(114,'Тонировка бокового стекла',1,0,0,0),(115,'Демонтаж пленки с элементов кузова',22,0,0,1),(116,'Нанесение состава \"Антидождь\" на переднюю полусферу',29,0,0,1),(118,'Детейлинг подкапотного пространства',29,0,0,1),(119,'Подготовка лкп под нанесение защитного керамического покрытия.',2,0,0,1),(120,'Подготовка лкп под нанесение защитного керамического покрытия.',29,0,0,1),(121,'Бронирование фар + ПТФ',22,0,0,1),(122,'Ремонт интерьра салона',29,0,0,1),(124,'Влажная уборка салона',29,0,0,1),(125,'Детейлинг уборка салона',29,0,0,1);
/*!40000 ALTER TABLE `services` ENABLE KEYS */;
UNLOCK TABLES;

--
-- Table structure for table `worker_orders`
--

DROP TABLE IF EXISTS `worker_orders`;
/*!40101 SET @saved_cs_client     = @@character_set_client */;
/*!40101 SET character_set_client = utf8 */;
CREATE TABLE `worker_orders` (
  `id` int(11) NOT NULL AUTO_INCREMENT,
  `worker_id` int(11) DEFAULT NULL,
  `order_id` int(11) DEFAULT NULL,
  `service_id` int(11) DEFAULT NULL,
  `material_id` int(11) DEFAULT NULL,
  `amount_of_material` double DEFAULT NULL,
  `price` double NOT NULL,
  `salary` double DEFAULT NULL,
  `serviceparent_id` int(11) DEFAULT NULL,
  `marriage` double DEFAULT '0',
  `fine` double DEFAULT '0',
  `free` longtext COLLATE utf8_unicode_ci,
  `priceUnit` double DEFAULT NULL,
  `pricefr` longtext COLLATE utf8_unicode_ci,
  PRIMARY KEY (`id`),
  KEY `IDX_648D4C876B20BA36` (`worker_id`),
  KEY `IDX_648D4C878D9F6D38` (`order_id`),
  KEY `IDX_648D4C87ED5CA9E6` (`service_id`),
  KEY `IDX_648D4C87E308AC6F` (`material_id`),
  KEY `IDX_648D4C87A5CCD42D` (`serviceparent_id`),
  CONSTRAINT `FK_648D4C876B20BA36` FOREIGN KEY (`worker_id`) REFERENCES `workers` (`id`),
  CONSTRAINT `FK_648D4C878D9F6D38` FOREIGN KEY (`order_id`) REFERENCES `orders` (`id`),
  CONSTRAINT `FK_648D4C87A5CCD42D` FOREIGN KEY (`serviceparent_id`) REFERENCES `services` (`id`),
  CONSTRAINT `FK_648D4C87E308AC6F` FOREIGN KEY (`material_id`) REFERENCES `materials` (`id`),
  CONSTRAINT `FK_648D4C87ED5CA9E6` FOREIGN KEY (`service_id`) REFERENCES `services` (`id`)
) ENGINE=InnoDB AUTO_INCREMENT=1385 DEFAULT CHARSET=utf8 COLLATE=utf8_unicode_ci;
/*!40101 SET character_set_client = @saved_cs_client */;

--
-- Dumping data for table `worker_orders`
--

LOCK TABLES `worker_orders` WRITE;
/*!40000 ALTER TABLE `worker_orders` DISABLE KEYS */;
INSERT INTO `worker_orders` VALUES (111,19,78,39,6,0.5,1500,450,1,NULL,NULL,NULL,488.88888888889,NULL),(112,19,78,17,17,1.5,4000,1200,1,NULL,NULL,NULL,440,NULL),(113,11,79,19,NULL,NULL,16500,4950,2,NULL,NULL,NULL,NULL,NULL),(114,11,79,38,29,50,15000,4500,29,NULL,NULL,NULL,100,NULL),(115,11,79,44,28,NULL,7000,2100,29,NULL,NULL,NULL,32.89,NULL),(116,19,79,23,15,0.35,4500,900,22,NULL,NULL,NULL,2675.4385964912,NULL),(117,11,79,78,NULL,NULL,1500,600,20,NULL,NULL,NULL,NULL,NULL),(118,12,80,NULL,6,2,4500,1350,NULL,NULL,NULL,NULL,488.88888888889,NULL),(119,12,81,42,NULL,NULL,2500,750,7,NULL,NULL,NULL,NULL,NULL),(120,12,82,12,6,2,6000,1800,1,NULL,NULL,NULL,488.88888888889,NULL),(121,19,83,43,NULL,NULL,2500,750,7,NULL,NULL,NULL,NULL,NULL),(122,11,84,78,NULL,NULL,1000,400,20,NULL,NULL,NULL,NULL,NULL),(123,11,85,19,NULL,NULL,17000,5100,2,NULL,NULL,NULL,NULL,NULL),(124,11,85,38,29,NULL,15000,4500,29,NULL,NULL,NULL,100,NULL),(125,11,85,44,28,NULL,6000,1800,29,NULL,NULL,NULL,32.89,NULL),(126,19,86,NULL,7,1.5,8000,2400,NULL,NULL,NULL,NULL,488.88888888889,NULL),(127,12,86,50,8,1.5,4000,1200,1,NULL,NULL,NULL,488.88888888889,NULL),(128,12,85,NULL,32,2,4000,1200,NULL,NULL,NULL,NULL,400,NULL),(129,12,87,35,NULL,NULL,1000,300,1,NULL,NULL,NULL,NULL,NULL),(130,11,88,19,NULL,NULL,16500,4950,2,NULL,NULL,NULL,NULL,NULL),(131,11,88,38,29,25,15000,4500,29,NULL,NULL,NULL,100,NULL),(132,11,88,44,28,20,7000,2100,29,NULL,NULL,NULL,32.89,NULL),(133,19,88,23,15,0.3,4500,900,22,NULL,NULL,NULL,2675.4385964912,NULL),(134,11,88,78,NULL,NULL,1500,600,20,NULL,NULL,NULL,NULL,NULL),(135,19,88,57,15,0.2,3500,700,22,NULL,NULL,'Зона погрузки',2675.4385964912,NULL),(140,19,90,12,7,2,6000,1800,1,NULL,NULL,NULL,488.88888888889,NULL),(141,12,90,13,7,1,3000,900,1,NULL,NULL,NULL,488.88888888889,NULL),(143,12,91,13,33,1,2500,550,1,0.5,NULL,NULL,400,NULL),(144,12,92,12,7,2,5000,1500,1,NULL,NULL,NULL,488.88888888889,NULL),(145,18,93,21,23,1500,20000,7000,20,NULL,NULL,NULL,0.5024,NULL),(146,18,93,27,21,15,8000,2400,29,NULL,NULL,NULL,62.07,NULL),(147,18,93,28,26,5,6000,1800,29,NULL,NULL,NULL,128.86666666667,NULL),(148,18,93,45,NULL,NULL,0,0,29,NULL,NULL,NULL,NULL,NULL),(149,19,94,75,NULL,NULL,1700,510,34,NULL,NULL,'Тонирование задних фонарей',3223.6842105263,NULL),(150,12,95,13,18,1,3000,900,1,NULL,NULL,NULL,440,NULL),(153,12,97,13,8,1,2500,750,1,NULL,NULL,NULL,488.88888888889,NULL),(154,19,98,47,33,1,1500,450,1,NULL,NULL,NULL,400,NULL),(155,19,98,46,32,1,2500,750,1,NULL,NULL,NULL,400,NULL),(156,12,99,39,32,0.5,1500,450,1,NULL,NULL,NULL,400,NULL),(157,12,99,52,18,2.5,7000,2100,1,NULL,NULL,NULL,440,NULL),(158,19,100,12,7,2,5000,1500,1,NULL,NULL,NULL,488.88888888889,NULL),(159,19,100,13,8,1,2500,750,1,NULL,NULL,NULL,488.88888888889,NULL),(161,20,101,104,36,NULL,71000,20715,22,NULL,NULL,'Бронирование (Капот,фары,зеркала 2шт,п/бампер,п/крылья,п/стойки,полоса на крышу,пороги дверей 4шт,зона погрузки,под ручками)',3881.5789473684,'20715'),(162,12,102,23,15,0.5,4500,900,22,NULL,NULL,NULL,2675.4385964912,NULL),(164,12,104,17,11,1.5,3000,900,1,NULL,NULL,NULL,361.66666666667,NULL),(165,19,104,106,37,3,6500,1950,1,NULL,NULL,NULL,350.9,NULL),(166,17,105,86,15,0.35,4500,900,22,NULL,NULL,NULL,2675.4385964912,NULL),(167,17,105,80,15,0.4,4000,800,22,NULL,NULL,NULL,2675.4385964912,NULL),(168,17,105,85,15,0.4,4000,800,22,NULL,NULL,NULL,2675.4385964912,NULL),(169,17,105,82,15,0.3,4500,900,22,NULL,NULL,NULL,2675.4385964912,NULL),(170,19,106,12,32,1.5,3500,1050,1,NULL,NULL,NULL,400,NULL),(171,12,106,49,NULL,NULL,1000,300,1,NULL,NULL,NULL,NULL,NULL),(172,11,107,19,NULL,NULL,10000,3000,2,NULL,NULL,NULL,NULL,NULL),(173,11,107,38,29,15,15000,4500,29,NULL,NULL,NULL,100,NULL),(176,16,108,27,21,10,3000,900,29,NULL,NULL,NULL,62.07,NULL),(177,16,108,28,26,5,3000,900,29,NULL,NULL,NULL,128.86666666667,NULL),(178,16,108,107,31,10,3000,900,29,NULL,NULL,NULL,20,NULL),(179,16,108,108,26,10,3000,900,29,NULL,NULL,NULL,128.86666666667,NULL),(180,11,105,103,NULL,NULL,2000,600,2,NULL,NULL,NULL,NULL,NULL),(181,17,109,12,6,2,4500,1350,1,NULL,NULL,NULL,488.88888888889,NULL),(182,17,109,13,7,1,2500,750,1,NULL,NULL,NULL,488.88888888889,NULL),(183,17,109,17,8,1.5,3500,1050,1,NULL,NULL,NULL,488.88888888889,NULL),(184,17,110,12,7,2,4500,1350,1,NULL,NULL,NULL,488.88888888889,NULL),(185,11,101,103,NULL,NULL,2000,600,2,NULL,NULL,NULL,NULL,NULL),(186,16,107,44,28,20,5000,1500,29,NULL,NULL,NULL,32.89,NULL),(187,16,111,59,NULL,NULL,2000,450,2,NULL,NULL,'снятия /установка/полировка щитка приборов',NULL,'450'),(188,17,112,35,NULL,NULL,1000,300,1,NULL,NULL,NULL,NULL,NULL),(189,17,113,35,NULL,NULL,1000,300,1,NULL,NULL,NULL,NULL,NULL),(190,17,113,13,8,1,2500,750,1,NULL,NULL,NULL,488.88888888889,NULL),(191,16,114,31,NULL,NULL,1000,300,2,NULL,NULL,NULL,NULL,NULL),(192,17,114,NULL,32,1,3000,900,NULL,NULL,NULL,NULL,400,NULL),(194,12,114,54,32,0,0,-1300,1,1,900,'Демонтаж + тонировка 2-х зад. стекол',400,NULL),(195,17,115,49,NULL,NULL,1000,300,1,NULL,NULL,NULL,NULL,NULL),(196,17,115,46,32,0.5,2000,600,1,NULL,NULL,NULL,400,NULL),(197,17,116,12,6,2.5,6000,1800,1,NULL,NULL,NULL,488.88888888889,NULL),(198,16,116,107,31,10,3500,1050,29,NULL,NULL,NULL,20,NULL),(199,16,117,69,31,5,1500,450,29,NULL,NULL,'Антидождь. Передняя полусфера',20,NULL),(200,17,117,12,6,2,4500,1350,1,NULL,NULL,NULL,488.88888888889,NULL),(201,11,101,90,31,5,0,0,29,NULL,NULL,NULL,20,NULL),(202,17,118,12,6,2,5500,1650,1,NULL,NULL,NULL,488.88888888889,NULL),(203,17,118,66,15,0.65,10500,2100,22,NULL,NULL,'Бронирование зон риска : \r\nфары, под ручками, зона погрузки.',2675.4385964912,NULL),(204,17,118,54,NULL,NULL,1000,300,1,NULL,NULL,'Демонтаж шильдиков на крышке багажника 2 шт.',NULL,NULL),(205,17,119,12,6,2,7000,2100,1,NULL,NULL,NULL,488.88888888889,NULL),(206,16,120,103,NULL,NULL,2000,600,2,NULL,NULL,NULL,NULL,NULL),(207,17,121,12,6,2,6000,1800,1,NULL,NULL,NULL,488.88888888889,NULL),(208,16,122,45,NULL,NULL,2000,600,29,NULL,NULL,NULL,NULL,NULL),(209,16,118,57,NULL,NULL,500,150,2,NULL,NULL,'Локальная полировка крышки багажника',NULL,NULL),(210,17,123,12,6,2,4000,1200,1,NULL,NULL,NULL,488.88888888889,NULL),(211,17,123,33,6,0.3,1500,450,1,NULL,NULL,NULL,488.88888888889,NULL),(212,17,123,99,31,10,1000,300,29,NULL,NULL,NULL,20,NULL),(213,17,124,66,15,0,0,-1203.947368421,22,0.45,NULL,'Бронирование левого зеркала, полоса на капот.',2675.4385964912,NULL),(214,19,125,48,15,0.1,2000,400,22,NULL,NULL,NULL,2675.4385964912,NULL),(215,19,125,89,15,0.2,3500,700,22,NULL,NULL,NULL,2675.4385964912,NULL),(216,12,125,12,6,2,4500,1350,1,NULL,NULL,NULL,488.88888888889,NULL),(217,19,126,13,38,1,3000,900,1,NULL,NULL,NULL,666.66666666667,NULL),(218,12,127,13,33,1.2,2500,750,1,NULL,NULL,NULL,400,NULL),(219,12,127,49,NULL,NULL,500,150,1,NULL,NULL,NULL,NULL,NULL),(220,12,127,NULL,39,NULL,0,0,NULL,NULL,NULL,NULL,1.2,NULL),(221,19,128,54,40,2,5000,1500,1,NULL,NULL,'Бронирование боковых стекол',400,NULL),(222,12,128,12,6,2,5500,1405.5555555556,1,0.5,NULL,NULL,488.88888888889,NULL),(223,19,128,13,7,1,2500,750,1,NULL,NULL,NULL,488.88888888889,NULL),(224,11,129,103,NULL,NULL,5500,1650,2,NULL,NULL,NULL,NULL,NULL),(225,12,129,12,6,2,5000,1500,1,NULL,NULL,NULL,488.88888888889,NULL),(226,19,129,13,8,1,3000,900,1,NULL,NULL,NULL,488.88888888889,NULL),(227,11,129,45,NULL,NULL,2000,600,29,NULL,NULL,NULL,NULL,NULL),(228,12,130,49,NULL,NULL,500,150,1,NULL,NULL,NULL,NULL,NULL),(229,19,130,54,7,0.5,1250,375,1,NULL,NULL,'Тонировка стекла передней двери',488.88888888889,NULL),(231,18,132,21,23,1000,18000,6300,20,NULL,NULL,NULL,0.5024,NULL),(232,18,132,45,NULL,NULL,2000,600,29,NULL,NULL,NULL,NULL,NULL),(233,12,133,33,6,0.5,1500,450,1,NULL,NULL,NULL,488.88888888889,NULL),(234,12,133,46,6,1,2000,600,1,NULL,NULL,NULL,488.88888888889,NULL),(235,12,133,47,8,1,2500,750,1,NULL,NULL,NULL,488.88888888889,NULL),(237,19,135,12,37,3.5,7000,2100,1,NULL,NULL,NULL,350.9,NULL),(238,12,136,13,11,1,3000,900,1,NULL,NULL,NULL,361.66666666667,NULL),(239,19,137,12,6,2,5000,1011.1111111111,1,1,NULL,NULL,488.88888888889,NULL),(240,19,137,13,7,1,2500,750,1,NULL,NULL,NULL,488.88888888889,NULL),(241,12,138,12,6,2,5500,1650,1,NULL,NULL,NULL,488.88888888889,NULL),(243,12,136,111,40,0.5,1500,250,1,0.5,NULL,NULL,400,NULL),(244,12,136,111,11,0.5,1500,269.16666666667,1,0.5,NULL,NULL,361.66666666667,NULL),(245,19,140,42,NULL,NULL,1500,450,7,NULL,NULL,NULL,NULL,NULL),(246,12,141,13,6,1,2500,750,1,NULL,NULL,NULL,488.88888888889,NULL),(247,12,141,49,NULL,NULL,500,150,1,NULL,NULL,NULL,NULL,NULL),(248,19,142,54,NULL,NULL,2500,750,1,NULL,NULL,'Растонировка двух передних стекол и лобового стекла',NULL,NULL),(249,19,143,42,NULL,NULL,1500,450,7,NULL,NULL,NULL,NULL,NULL),(253,19,145,12,6,2,4000,1200,1,NULL,NULL,NULL,488.88888888889,NULL),(254,19,145,NULL,39,NULL,0,0,NULL,NULL,NULL,NULL,1.2,NULL),(255,12,146,46,7,1,700,210,1,NULL,NULL,NULL,488.88888888889,NULL),(256,12,146,47,6,1.5,3000,900,1,NULL,NULL,NULL,488.88888888889,NULL),(257,12,147,12,6,2,5000,1500,1,NULL,NULL,NULL,488.88888888889,NULL),(258,12,148,42,NULL,NULL,2000,600,7,NULL,NULL,NULL,NULL,NULL),(259,19,149,12,6,2,4500,1350,1,NULL,NULL,NULL,488.88888888889,NULL),(264,19,151,12,6,2.5,5500,1650,1,NULL,NULL,NULL,488.88888888889,NULL),(265,12,152,60,NULL,NULL,3500,1050,7,NULL,NULL,'Ремонт трех сколов на лобовом стекле',NULL,NULL),(266,12,153,42,NULL,NULL,2000,600,7,NULL,NULL,NULL,NULL,NULL),(267,19,154,12,6,2,5000,1500,1,NULL,NULL,NULL,488.88888888889,NULL),(268,17,155,12,7,2,5000,1500,1,NULL,NULL,NULL,488.88888888889,NULL),(270,20,155,104,36,NULL,35000,24000,22,NULL,NULL,'Бронирование элементов кузова автомобиля :\r\nПередний бампер , полоса на капот, часть пер. крыльев , фары, зекала, под ручками, зона погрузки.',3881.5789473684,'24000'),(271,17,156,66,15,1.2,26000,5200,22,NULL,NULL,'Бронирование зон риска : \r\nФары, стойки, полоса на крышу, зеркала, под ручками, зона погрузки.',2675.4385964912,NULL),(272,17,156,88,15,0.4,8000,1600,22,NULL,NULL,NULL,2675.4385964912,NULL),(273,17,156,12,7,2,5000,1500,1,NULL,NULL,NULL,488.88888888889,NULL),(274,17,157,49,NULL,NULL,5500,1650,1,NULL,NULL,NULL,NULL,NULL),(275,17,158,12,7,2,5000,1500,1,NULL,NULL,NULL,488.88888888889,NULL),(276,20,158,104,36,NULL,35000,24000,22,NULL,NULL,'Бронирование элементов кузова :\r\nпередний  бампер, полоса на капот, часть крыльев, фары, под ручками, зона погрузки.',3881.5789473684,'24000'),(277,16,158,57,NULL,NULL,2000,600,2,NULL,NULL,'Полировка Крышки багажника.',NULL,NULL),(278,16,159,21,23,750,13500,5400,20,NULL,NULL,NULL,0.5024,NULL),(279,16,159,45,NULL,NULL,2000,600,29,NULL,NULL,NULL,NULL,NULL),(280,16,159,31,NULL,NULL,500,150,2,NULL,NULL,NULL,NULL,NULL),(281,17,159,23,15,0.35,4500,1125,22,NULL,NULL,NULL,2675.4385964912,NULL),(282,16,159,107,31,10,3500,1050,29,NULL,NULL,NULL,20,NULL),(283,17,160,12,6,2,5000,1500,1,NULL,NULL,NULL,488.88888888889,NULL),(284,17,160,13,6,1,2500,750,1,NULL,NULL,NULL,488.88888888889,NULL),(285,17,160,17,7,1.5,3500,1050,1,NULL,NULL,NULL,488.88888888889,NULL),(286,17,160,NULL,31,10,3500,1050,NULL,NULL,NULL,NULL,20,NULL),(287,21,160,100,NULL,NULL,400,0,1,NULL,NULL,NULL,NULL,NULL),(288,17,161,13,6,1,2500,750,1,NULL,NULL,NULL,488.88888888889,NULL),(289,17,162,56,NULL,0,0,450,1,NULL,NULL,'Демонтаж тонировочной пленки',NULL,'450'),(290,17,162,56,40,1.5,0,1050,1,NULL,NULL,'тонировка трех боковых стекол',400,'1050'),(291,17,163,47,7,1,3000,900,1,NULL,NULL,NULL,488.88888888889,NULL),(292,17,163,46,6,1,2000,600,1,NULL,NULL,NULL,488.88888888889,NULL),(293,20,163,104,36,NULL,59000,39750,22,NULL,NULL,'Бронирование зон риска: капот, пер, бампер, фары, зеркала, пер. стойки, полоса на крышу, под ручками, пер. пороги (внутр.),зона погрузки.',3881.5789473684,'39750'),(294,16,163,90,31,7,0,0,29,NULL,NULL,NULL,20,NULL),(295,16,163,38,29,25,15000,4500,29,NULL,NULL,NULL,100,NULL),(296,16,163,44,28,15,7000,2100,29,NULL,NULL,NULL,32.89,NULL),(297,16,163,57,NULL,NULL,7000,2100,2,NULL,NULL,'Подготовка ЛКП кзова автомобиля.',NULL,NULL),(298,17,164,NULL,7,2,5000,1500,NULL,NULL,NULL,NULL,488.88888888889,NULL),(299,17,164,NULL,31,5,1500,450,NULL,NULL,NULL,NULL,20,NULL),(300,17,164,23,15,0.3,4500,1125,22,NULL,NULL,NULL,2675.4385964912,NULL),(301,17,165,12,7,2,6000,1800,1,NULL,NULL,NULL,488.88888888889,NULL),(302,17,162,56,7,1,0,750,1,NULL,NULL,'Тонировка двух передних стекол',488.88888888889,'750'),(303,17,162,56,6,0.5,0,375,1,NULL,NULL,'Тонировка бокового стекла',488.88888888889,'375'),(305,17,166,13,7,1,2500,750,1,NULL,NULL,NULL,488.88888888889,NULL),(306,19,162,49,NULL,NULL,0,-450,1,NULL,450,NULL,NULL,NULL),(307,19,162,54,NULL,NULL,0,-1650,1,NULL,1650,'Бронирование 3-х бок. стекол',400,NULL),(308,19,162,13,NULL,NULL,0,-1238,1,NULL,1238,NULL,488.88888888889,NULL),(309,12,162,114,NULL,NULL,0,-619,1,NULL,619,NULL,488.88888888889,NULL),(310,20,167,104,36,0.35,5000,1500,22,NULL,NULL,'Бронирование фар',3881.5789473684,'1500'),(311,20,167,104,36,3.025,25000,5000,22,NULL,NULL,'Бронирование капота + верхн . части пер. бампера',3881.5789473684,'5000'),(312,16,168,19,NULL,NULL,22000,6600,2,NULL,NULL,NULL,NULL,NULL),(313,16,168,38,29,25,16000,4800,29,NULL,NULL,NULL,100,NULL),(314,16,168,44,28,15,7000,2100,29,NULL,NULL,NULL,32.89,NULL),(315,12,168,115,NULL,NULL,8000,2000,22,NULL,NULL,NULL,NULL,NULL),(316,19,169,75,NULL,NULL,4000,1200,34,NULL,NULL,'Оклейка винилом в черный глянец ноздри BMW',NULL,NULL),(317,19,170,12,8,2.5,6000,1800,1,NULL,NULL,NULL,488.88888888889,NULL),(318,19,170,13,8,1,2500,750,1,NULL,NULL,NULL,488.88888888889,NULL),(319,19,170,17,18,1.5,4500,1350,1,NULL,NULL,NULL,440,NULL),(320,12,171,12,6,2.5,6000,1800,1,NULL,NULL,NULL,488.88888888889,NULL),(321,16,171,99,31,0,1500,450,29,NULL,NULL,NULL,20,NULL),(322,12,172,12,6,2,5500,1650,1,NULL,NULL,NULL,488.88888888889,NULL),(323,12,172,13,7,1,2500,750,1,NULL,NULL,NULL,488.88888888889,NULL),(324,19,173,12,37,2,4500,1350,1,NULL,NULL,NULL,350.9,NULL),(325,12,174,12,6,2,4000,1200,1,NULL,NULL,NULL,488.88888888889,NULL),(326,12,174,13,6,1,2500,750,1,NULL,NULL,NULL,488.88888888889,NULL),(327,19,175,35,NULL,NULL,1000,300,1,NULL,NULL,NULL,NULL,NULL),(328,19,175,13,6,1,2500,505.55555555555,1,0.5,NULL,NULL,488.88888888889,NULL),(329,12,176,41,NULL,NULL,1000,300,7,NULL,NULL,NULL,NULL,NULL),(330,19,177,12,32,2,3500,1050,1,NULL,NULL,NULL,400,NULL),(331,12,178,35,NULL,NULL,1000,300,1,NULL,NULL,NULL,NULL,NULL),(332,11,179,21,23,1,12000,4800,20,NULL,NULL,NULL,0.5024,NULL),(333,11,180,38,29,20,15000,4500,29,NULL,NULL,NULL,100,NULL),(334,11,180,44,28,20,7000,2100,29,NULL,NULL,NULL,32.89,NULL),(335,11,180,57,NULL,NULL,8000,2400,2,NULL,NULL,'Подготовка под нанесение защитного керамического состава',NULL,NULL),(336,11,180,27,21,25,8000,2400,29,NULL,NULL,NULL,62.07,NULL),(337,11,180,28,26,5,6000,1800,29,NULL,NULL,NULL,128.86666666667,NULL),(338,17,180,47,7,1,4000,1200,1,NULL,NULL,NULL,488.88888888889,NULL),(339,17,180,46,6,1,2000,600,1,NULL,NULL,NULL,488.88888888889,NULL),(340,20,180,104,36,NULL,75000,51720,22,NULL,NULL,'Бронирование зон риска: Пер. бампер, капот, фары, крылья, зеркала, передние стойки, полоса на крышу, под ручками, зона погрузки, пороги внутрении 4 шт.',3881.5789473684,'51720'),(341,22,168,74,NULL,NULL,6000,3000,15,NULL,NULL,'Удаление двух вмятин на заднем правом крыле',NULL,'3000'),(342,19,181,12,7,2.5,6000,1800,1,NULL,NULL,NULL,488.88888888889,NULL),(343,12,182,35,NULL,NULL,1000,300,1,NULL,NULL,NULL,NULL,NULL),(345,12,183,NULL,6,1.5,5000,1500,NULL,NULL,NULL,NULL,488.88888888889,NULL),(346,12,183,13,6,1,3000,900,1,NULL,NULL,NULL,488.88888888889,NULL),(347,11,183,31,NULL,NULL,500,150,2,NULL,NULL,NULL,NULL,NULL),(348,12,183,23,15,0.35,4500,1125,22,NULL,NULL,NULL,2675.4385964912,NULL),(349,19,184,12,7,2,5000,1500,1,NULL,NULL,NULL,488.88888888889,NULL),(350,19,185,12,7,2,6000,1800,1,NULL,NULL,NULL,488.88888888889,NULL),(351,11,179,27,21,15,8000,2400,29,NULL,NULL,NULL,62.07,NULL),(352,11,179,28,26,15,6000,1800,29,NULL,NULL,NULL,128.86666666667,NULL),(353,16,186,19,NULL,NULL,16000,4800,2,NULL,NULL,NULL,NULL,NULL),(354,16,186,38,29,25,16000,4800,29,NULL,NULL,NULL,100,NULL),(355,16,186,44,28,15,8000,2400,29,NULL,NULL,NULL,32.89,NULL),(356,17,186,23,36,0.35,6000,1500,22,NULL,NULL,NULL,3881.5789473684,NULL),(357,17,186,82,36,0.12,7000,1750,22,NULL,NULL,NULL,3881.5789473684,NULL),(358,17,186,88,36,0.42,8000,1700,22,NULL,300,NULL,3881.5789473684,NULL),(359,16,186,69,NULL,5,0,0,29,NULL,NULL,'Защита дисков Керамикой',NULL,NULL),(360,12,187,35,NULL,NULL,1000,300,1,NULL,NULL,NULL,NULL,NULL),(361,12,168,54,NULL,NULL,1000,300,1,NULL,NULL,'С/У эмблемы Мерседес',NULL,NULL),(362,17,188,12,6,2,6000,1800,1,NULL,NULL,NULL,488.88888888889,NULL),(363,17,189,12,6,2,4500,1350,1,NULL,NULL,NULL,488.88888888889,NULL),(364,17,189,33,6,0.5,1500,450,1,NULL,NULL,NULL,488.88888888889,NULL),(369,19,190,54,11,NULL,0,-725,1,NULL,725,'Демонтаж правого переднего стекла, тонировка правого переднего стекла',361.66666666667,NULL),(370,17,191,35,NULL,NULL,1000,300,1,NULL,NULL,NULL,NULL,NULL),(371,17,190,56,NULL,1,0,525,1,1,NULL,'Демонтаж двух передних стекол, тонировка двух передних стекол',NULL,'525'),(372,17,190,33,6,0.5,1500,450,1,NULL,NULL,NULL,488.88888888889,NULL),(373,17,190,49,NULL,NULL,500,150,1,NULL,NULL,NULL,NULL,NULL),(374,17,192,35,NULL,NULL,1000,300,1,NULL,NULL,NULL,NULL,NULL),(375,17,192,13,18,1,3500,1050,1,NULL,NULL,NULL,440,NULL),(376,17,192,17,18,1.5,4000,1200,1,NULL,NULL,NULL,440,NULL),(377,17,193,12,6,2,4500,1350,1,NULL,NULL,NULL,488.88888888889,NULL),(379,23,194,19,NULL,NULL,17000,5100,2,NULL,NULL,NULL,NULL,NULL),(380,23,194,38,29,25,15000,4500,29,NULL,NULL,NULL,100,NULL),(381,23,194,44,28,15,8000,2400,29,NULL,NULL,NULL,32.89,NULL),(382,17,194,12,8,2,5000,1500,1,NULL,NULL,NULL,488.88888888889,NULL),(383,17,194,66,15,1.1,20000,5000,22,NULL,NULL,'Бронирование зон риска: фары,под ручками, пороги 4 шт.(внутр.), зона погрузки',2675.4385964912,NULL),(384,17,195,66,15,0.4,6500,1625,22,NULL,NULL,'Бронирование зон риска: фары, под ручками.',2675.4385964912,NULL),(385,11,195,103,NULL,NULL,1500,450,2,NULL,NULL,NULL,NULL,NULL),(386,16,196,21,23,1.5,20000,8000,20,NULL,NULL,NULL,0.5024,NULL),(387,16,196,45,NULL,NULL,2000,600,29,NULL,NULL,NULL,NULL,NULL),(388,16,196,31,NULL,NULL,1000,300,2,NULL,NULL,NULL,NULL,NULL),(389,17,196,23,15,0.4,4500,1125,22,NULL,NULL,NULL,2675.4385964912,NULL),(390,11,196,116,31,10,1500,450,29,NULL,NULL,NULL,20,NULL),(391,17,197,114,6,0.5,1250,375,1,NULL,NULL,NULL,488.88888888889,NULL),(392,17,197,49,NULL,NULL,250,75,1,NULL,NULL,NULL,NULL,NULL),(393,17,198,12,6,2,4000,1200,1,NULL,NULL,NULL,488.88888888889,NULL),(394,17,199,17,17,1.5,4500,1350,1,NULL,NULL,NULL,440,NULL),(395,17,199,99,31,10,1500,450,29,NULL,NULL,NULL,20,NULL),(396,17,199,13,7,1,2500,750,1,NULL,NULL,NULL,488.88888888889,NULL),(397,16,200,31,NULL,NULL,1000,300,2,NULL,NULL,NULL,NULL,NULL),(398,17,200,23,15,0.4,4500,1125,22,NULL,NULL,NULL,2675.4385964912,NULL),(399,11,201,21,23,1,13000,5200,20,NULL,NULL,NULL,0.5024,NULL),(400,11,201,31,NULL,NULL,1000,300,2,NULL,NULL,NULL,NULL,NULL),(402,19,201,12,6,2,4500,1350,1,NULL,NULL,NULL,488.88888888889,NULL),(403,19,201,13,7,1,2500,750,1,NULL,NULL,NULL,488.88888888889,NULL),(404,19,201,49,NULL,NULL,1500,450,1,NULL,NULL,NULL,NULL,NULL),(405,12,202,12,6,2,6000,1800,1,NULL,NULL,NULL,488.88888888889,NULL),(406,12,202,13,8,1,3000,900,1,NULL,NULL,NULL,488.88888888889,NULL),(407,12,202,17,18,1.5,5000,1500,1,NULL,NULL,NULL,440,NULL),(408,12,202,23,15,0.4,5000,1250,22,NULL,NULL,NULL,2675.4385964912,NULL),(409,12,202,66,15,0.7,10000,2500,22,NULL,NULL,'Бронирование двух порогов',2675.4385964912,NULL),(410,12,202,66,15,0.3,5000,1250,22,NULL,NULL,'Броня на заднюю дверь (частично)',2675.4385964912,NULL),(411,16,202,31,NULL,NULL,1000,300,2,NULL,NULL,NULL,NULL,NULL),(412,16,202,63,NULL,0.2,3000,1200,20,NULL,NULL,'Химчистка Сидений',NULL,NULL),(413,16,202,27,21,25,8000,2400,29,NULL,NULL,NULL,62.07,NULL),(414,16,202,28,26,10,6000,1800,29,NULL,NULL,NULL,128.86666666667,NULL),(415,12,202,99,31,10,1500,450,29,NULL,NULL,NULL,20,NULL),(416,12,202,115,NULL,NULL,1000,250,22,NULL,NULL,NULL,NULL,NULL),(417,19,203,114,7,NULL,0,-488.88888888889,1,1,NULL,NULL,488.88888888889,NULL),(418,19,204,12,6,2,4000,1200,1,NULL,NULL,NULL,488.88888888889,NULL),(420,19,205,13,7,1,2500,750,1,NULL,NULL,NULL,488.88888888889,NULL),(421,11,205,31,NULL,NULL,1000,300,2,NULL,NULL,NULL,NULL,NULL),(422,19,206,46,7,1,2000,600,1,NULL,NULL,NULL,488.88888888889,NULL),(423,19,206,47,6,1,2500,750,1,NULL,NULL,NULL,488.88888888889,NULL),(424,19,206,52,18,2.5,7500,2250,1,NULL,NULL,NULL,440,NULL),(425,19,207,49,NULL,NULL,1500,450,1,NULL,NULL,NULL,NULL,NULL),(426,19,208,12,6,2,5500,1650,1,NULL,NULL,NULL,488.88888888889,NULL),(427,11,209,57,NULL,NULL,11000,3300,2,NULL,NULL,'Подготовка  ЛКП под нанесение защитного керамического  состава',NULL,NULL),(428,11,209,38,29,25,16000,4800,29,NULL,NULL,NULL,100,NULL),(429,11,209,44,44,15,8000,2400,29,NULL,NULL,NULL,110,NULL),(430,11,209,107,31,15,4000,1200,29,NULL,NULL,NULL,20,NULL),(431,11,209,27,21,10,6000,1800,29,NULL,NULL,NULL,62.07,NULL),(432,20,209,104,15,0.4,5000,2000,22,NULL,NULL,'Бронирование фар',2675.4385964912,'2000'),(433,19,210,52,17,2.5,8000,2400,1,NULL,NULL,NULL,440,NULL),(434,12,210,23,15,0.35,5000,1250,22,NULL,NULL,NULL,2675.4385964912,NULL),(435,21,210,113,NULL,NULL,400,0,1,NULL,NULL,NULL,NULL,NULL),(436,11,211,21,23,1,18000,7200,20,NULL,NULL,NULL,0.5024,NULL),(437,11,211,45,NULL,NULL,2000,600,29,NULL,NULL,NULL,NULL,NULL),(438,12,212,42,NULL,NULL,2900,870,7,NULL,NULL,NULL,NULL,NULL),(439,12,212,99,31,5,0,0,29,NULL,NULL,NULL,20,NULL),(440,19,213,35,NULL,NULL,1000,300,1,NULL,NULL,NULL,NULL,NULL),(441,12,214,13,8,1,2500,750,1,NULL,NULL,NULL,488.88888888889,NULL),(442,19,215,42,NULL,NULL,2500,750,7,NULL,NULL,NULL,NULL,NULL),(443,19,216,35,NULL,NULL,1000,300,1,NULL,NULL,NULL,NULL,NULL),(444,16,217,19,NULL,NULL,13000,3900,2,NULL,NULL,NULL,NULL,NULL),(445,16,217,71,44,20,25000,4200,29,NULL,NULL,'Нанесение защитного покрытия (жидкое стекло) 2 слоя',110,'4200'),(446,17,217,23,36,0.45,6000,1500,22,NULL,NULL,NULL,3881.5789473684,NULL),(447,22,217,74,NULL,NULL,6000,3000,15,NULL,NULL,'Удаление вмятин на капоте',NULL,'3000'),(448,16,217,78,NULL,NULL,1000,400,20,NULL,NULL,NULL,NULL,NULL),(449,16,217,NULL,NULL,NULL,1500,600,NULL,NULL,NULL,NULL,NULL,NULL),(450,21,217,100,NULL,NULL,300,0,1,NULL,NULL,NULL,NULL,NULL),(451,17,218,66,15,0.74,15000,3050,22,NULL,700,'Бронирование Пер. стоек ,полоса на крышу , зона погрузки  под ручками.',2675.4385964912,NULL),(452,16,218,57,NULL,NULL,15000,4500,2,NULL,NULL,'Подготовка под нанесение защитного покрытия',NULL,NULL),(453,16,218,38,45,25,16000,4800,29,NULL,NULL,NULL,136.6,NULL),(454,16,218,44,27,15,9000,2700,29,NULL,NULL,NULL,42.48,NULL),(455,17,219,12,6,2,5500,1650,1,NULL,NULL,NULL,488.88888888889,NULL),(456,17,219,13,7,1,2500,750,1,NULL,NULL,NULL,488.88888888889,NULL),(457,17,219,23,36,0.4,5000,1250,22,NULL,NULL,NULL,3881.5789473684,NULL),(458,16,218,28,26,10,6000,1800,29,NULL,NULL,NULL,128.86666666667,NULL),(459,17,218,52,18,2.5,8000,2400,1,NULL,NULL,NULL,440,NULL),(460,17,220,12,6,2,4500,1350,1,NULL,NULL,NULL,488.88888888889,NULL),(461,17,220,23,36,0.4,5000,1250,22,NULL,NULL,NULL,3881.5789473684,NULL),(462,17,220,89,36,0.3,3500,875,22,NULL,NULL,NULL,3881.5789473684,NULL),(463,16,221,63,NULL,0.2,4000,1600,20,NULL,NULL,'Химчистка багажного отсека',NULL,NULL),(464,16,221,45,NULL,NULL,2000,600,29,NULL,NULL,NULL,NULL,NULL),(465,16,222,38,29,25,17000,5100,29,NULL,NULL,NULL,100,NULL),(466,16,222,44,27,15,11000,3300,29,NULL,NULL,NULL,42.48,NULL),(467,17,222,12,7,2,5000,1500,1,NULL,NULL,NULL,488.88888888889,NULL),(468,17,223,13,10,1,2500,750,1,NULL,NULL,NULL,361.66666666667,NULL),(469,17,223,46,9,0.6,2000,600,1,NULL,NULL,NULL,361.66666666667,NULL),(470,17,223,35,NULL,NULL,1000,300,1,NULL,NULL,NULL,NULL,NULL),(471,17,224,35,NULL,NULL,1000,300,1,NULL,NULL,NULL,NULL,NULL),(472,17,224,13,7,1,2500,750,1,NULL,NULL,NULL,488.88888888889,NULL),(473,17,223,13,11,0.5,0,0,1,NULL,NULL,NULL,361.66666666667,NULL),(474,17,225,35,NULL,NULL,1000,300,1,NULL,NULL,NULL,NULL,NULL),(475,17,225,49,NULL,NULL,2000,600,1,NULL,NULL,NULL,NULL,NULL),(476,16,226,45,NULL,NULL,2000,600,29,NULL,NULL,NULL,NULL,NULL),(477,17,227,12,6,2,5000,1500,1,NULL,NULL,NULL,488.88888888889,NULL),(478,17,228,13,10,1,2500,750,1,NULL,NULL,NULL,361.66666666667,NULL),(479,16,229,19,NULL,NULL,20000,6000,2,NULL,NULL,NULL,NULL,NULL),(480,23,229,38,29,25,20000,6000,29,NULL,NULL,NULL,100,NULL),(481,23,229,44,27,15,10000,3000,29,NULL,NULL,NULL,42.48,NULL),(482,17,230,12,6,2,5500,1650,1,NULL,NULL,NULL,488.88888888889,NULL),(483,17,230,52,18,2.5,7500,2250,1,NULL,NULL,NULL,440,NULL),(484,17,230,23,36,0.3,5500,1375,22,NULL,NULL,NULL,3881.5789473684,NULL),(485,17,231,12,9,2,4500,1350,1,NULL,NULL,NULL,361.66666666667,NULL),(486,16,232,103,NULL,NULL,5000,1500,2,NULL,NULL,NULL,NULL,NULL),(487,16,232,107,41,1,3500,1050,29,NULL,NULL,NULL,500,NULL),(488,12,233,12,6,1.5,4500,1350,1,NULL,NULL,NULL,488.88888888889,NULL),(489,16,234,63,23,0.2,5000,2000,20,NULL,NULL,'Химчистка сидений',0.5024,NULL),(490,12,235,23,36,0.4,6000,1500,22,NULL,NULL,NULL,3881.5789473684,NULL),(491,16,235,31,NULL,NULL,1000,300,2,NULL,NULL,NULL,NULL,NULL),(492,19,236,12,10,2,5500,1650,1,NULL,NULL,NULL,361.66666666667,NULL),(493,19,236,13,10,1,2500,750,1,NULL,NULL,NULL,361.66666666667,NULL),(494,19,236,17,14,1.5,3500,1050,1,NULL,NULL,NULL,331.11111111111,NULL),(495,12,237,35,NULL,NULL,1000,300,1,NULL,NULL,NULL,NULL,NULL),(496,22,238,74,NULL,NULL,2500,1500,15,NULL,NULL,'Удаление вмятины на левом переднем крыле',NULL,'1500'),(497,22,238,74,NULL,NULL,5000,3000,15,NULL,NULL,'Удаление вмятины на правом заднем крыле',NULL,'3000'),(498,12,239,42,NULL,NULL,1500,450,7,NULL,NULL,NULL,NULL,NULL),(499,12,240,12,7,2,5500,1405.5555555556,1,0.5,NULL,NULL,488.88888888889,NULL),(500,12,240,23,36,0.4,5000,1250,22,NULL,NULL,NULL,3881.5789473684,NULL),(501,19,241,106,7,3,6500,1705.5555555556,1,0.5,NULL,NULL,488.88888888889,NULL),(502,21,234,112,NULL,NULL,300,0,1,NULL,NULL,NULL,NULL,NULL),(503,19,242,114,10,0.5,1500,450,1,NULL,NULL,NULL,361.66666666667,NULL),(504,19,243,114,33,0.5,1500,450,1,NULL,NULL,NULL,400,NULL),(505,23,229,116,41,NULL,1500,450,29,NULL,NULL,NULL,500,NULL),(506,12,218,104,15,0.15,0,500,22,NULL,NULL,'Бронирование пер. лев. стойки',2675.4385964912,'500'),(507,12,244,42,NULL,NULL,1000,300,7,NULL,NULL,NULL,NULL,NULL),(508,19,245,41,NULL,NULL,900,270,7,NULL,NULL,NULL,NULL,NULL),(509,19,245,42,NULL,NULL,900,270,7,NULL,NULL,NULL,NULL,NULL),(510,19,245,43,NULL,NULL,700,210,7,NULL,NULL,NULL,NULL,NULL),(511,11,246,27,21,20,8000,2400,29,NULL,NULL,NULL,62.07,NULL),(512,11,246,28,26,10,6000,1800,29,NULL,NULL,NULL,128.86666666667,NULL),(513,11,246,19,NULL,NULL,10000,3000,2,NULL,NULL,NULL,NULL,NULL),(514,11,246,38,29,25,18000,5400,29,NULL,NULL,NULL,100,NULL),(515,11,246,44,27,15,12000,3600,29,NULL,NULL,NULL,42.48,NULL),(516,12,246,66,36,NULL,25000,6250,22,NULL,NULL,'Бронирование зон риска: Стойки, полоса на крышу, зона под ручками, внутренние пороги 4 шт, зона погрузки, зеркала.',3881.5789473684,NULL),(517,11,246,107,31,10,3500,1050,29,NULL,NULL,NULL,20,NULL),(518,19,247,12,6,2.5,5500,1650,1,NULL,NULL,NULL,488.88888888889,NULL),(519,19,248,12,6,2,4500,1350,1,NULL,NULL,NULL,488.88888888889,NULL),(521,19,250,12,6,2,5500,1650,1,NULL,NULL,NULL,488.88888888889,NULL),(522,12,251,47,20,1.5,3000,900,1,NULL,NULL,NULL,166.66666666667,NULL),(523,19,252,17,19,1.5,4500,1350,1,NULL,NULL,NULL,440,NULL),(524,12,251,13,18,1.5,3500,1050,1,NULL,NULL,NULL,440,NULL),(525,12,251,42,NULL,NULL,1500,450,7,NULL,NULL,NULL,NULL,NULL),(526,11,251,103,NULL,NULL,3000,900,2,NULL,NULL,NULL,NULL,NULL),(527,19,253,42,NULL,NULL,1500,450,7,NULL,NULL,NULL,NULL,NULL),(528,19,253,42,NULL,NULL,1500,450,7,NULL,NULL,NULL,NULL,NULL),(529,19,254,41,NULL,NULL,1000,300,7,NULL,NULL,NULL,NULL,NULL),(530,19,254,42,NULL,NULL,1000,300,7,NULL,NULL,NULL,NULL,NULL),(531,19,254,43,NULL,NULL,1200,360,7,NULL,NULL,NULL,NULL,NULL),(532,19,255,23,36,0.4,5000,1250,22,NULL,NULL,NULL,3881.5789473684,NULL),(533,12,256,23,15,0.4,5000,1250,22,NULL,NULL,NULL,2675.4385964912,NULL),(534,11,256,31,NULL,NULL,1000,300,2,NULL,NULL,NULL,NULL,NULL),(535,19,257,13,32,1,2000,600,1,NULL,NULL,NULL,400,NULL),(536,16,222,19,NULL,NULL,7000,2100,2,NULL,NULL,NULL,NULL,NULL),(537,19,258,56,38,1,3000,900,1,NULL,NULL,'Тонировка двух передних стекол',666.66666666667,'900'),(538,12,258,56,NULL,NULL,0,750,1,NULL,NULL,'Растонировка передней полусферы',NULL,'750'),(540,12,260,111,6,0.5,1000,300,1,NULL,NULL,NULL,488.88888888889,NULL),(541,12,260,66,NULL,NULL,1500,375,22,NULL,NULL,'Бронирование одного стекла',NULL,NULL),(542,12,260,82,15,0.4,6000,1500,22,NULL,NULL,NULL,2675.4385964912,NULL),(543,12,261,49,NULL,NULL,1000,300,1,NULL,NULL,NULL,NULL,NULL),(544,12,261,13,7,1.5,2500,750,1,NULL,NULL,NULL,488.88888888889,NULL),(545,12,261,12,6,2,4000,1200,1,NULL,NULL,NULL,488.88888888889,NULL),(546,12,262,12,7,2,5500,1650,1,NULL,NULL,NULL,488.88888888889,NULL),(547,11,263,57,NULL,NULL,3000,900,2,NULL,NULL,'Полировка под монтаж антигравийной пленки : фары передние, стойки передние, пороги 4 шт (внутрнние), зона под ручками.',NULL,NULL),(548,23,263,57,NULL,NULL,15700,4710,2,NULL,NULL,'Подготовка  ЛКП под нанесение защитного керамического покрытия',NULL,NULL),(549,23,263,38,45,25,19300,5790,29,NULL,NULL,NULL,136.6,NULL),(550,23,263,44,27,15,15000,4500,29,NULL,NULL,NULL,42.48,NULL),(551,17,263,66,15,1.7,27000,6214.9122807018,22,0.2,NULL,'Бронирование зон риска : Фары передние, стойки передние, пороги 4 шт (внутренние), зона под ручками',2675.4385964912,NULL),(552,17,264,66,15,0.2,5000,1250,22,NULL,NULL,'Бронирование зон риска : Зона погрузки, под ручками.',2675.4385964912,NULL),(553,16,264,57,NULL,NULL,5000,1500,2,NULL,NULL,'Подготовка под нанесение защитного состава',NULL,NULL),(554,16,264,44,43,20,8000,2400,29,NULL,NULL,NULL,79.5,NULL),(555,16,265,107,31,10,3500,1050,29,NULL,NULL,NULL,20,NULL),(556,17,266,12,6,2,6500,1950,1,NULL,NULL,NULL,488.88888888889,NULL),(557,19,267,12,7,1.5,5500,1650,1,NULL,NULL,NULL,488.88888888889,NULL),(558,19,267,23,15,0.4,6000,1500,22,NULL,NULL,NULL,2675.4385964912,NULL),(559,17,268,12,9,1.5,4500,1350,1,NULL,NULL,NULL,361.66666666667,NULL),(560,17,269,66,15,1,20000,5000,22,NULL,NULL,'Бронирование зон риска:\r\nФары\\ пороги 4 шт. (внутр.)\\под ручками\\ зона погрузки\\зеркала 2шт.',2675.4385964912,NULL),(561,19,270,17,11,1.5,3000,900,1,NULL,NULL,NULL,361.66666666667,NULL),(562,17,271,66,15,0.4,8000,2000,22,NULL,NULL,'Бронирование фар \\ под ручками.',2675.4385964912,NULL),(563,19,272,13,7,1,2500,750,1,NULL,NULL,NULL,488.88888888889,NULL),(564,16,273,116,31,5,1200,360,29,NULL,NULL,NULL,20,NULL),(565,17,274,12,6,2,5500,1650,1,NULL,NULL,NULL,488.88888888889,NULL),(566,17,274,23,16,0.4,5000,605.26315789474,22,0.2,NULL,NULL,3223.6842105263,NULL),(567,17,275,66,15,NULL,0,-535.08771929824,22,0.2,NULL,'Броня на одно зеркало',2675.4385964912,NULL),(568,17,276,13,10,1.5,3000,900,1,NULL,NULL,NULL,361.66666666667,NULL),(569,17,277,12,6,2,5500,1650,1,NULL,NULL,NULL,488.88888888889,NULL),(570,17,278,12,7,2,5000,1500,1,NULL,NULL,NULL,488.88888888889,NULL),(571,12,279,12,32,2,4000,1200,1,NULL,NULL,NULL,400,NULL),(572,12,279,42,NULL,NULL,1500,450,7,NULL,NULL,NULL,NULL,NULL),(573,12,280,41,NULL,NULL,800,240,7,NULL,NULL,NULL,NULL,NULL),(574,12,281,12,6,2,5500,1650,1,NULL,NULL,NULL,488.88888888889,NULL),(575,16,282,57,NULL,NULL,3500,1050,2,NULL,NULL,'Локальная полировка: Задняя правая дверь, заднее правое крыло, люк бензобака',NULL,NULL),(576,11,283,19,NULL,NULL,13000,3900,2,NULL,NULL,NULL,NULL,NULL),(577,11,283,78,NULL,NULL,2500,1000,20,NULL,NULL,NULL,NULL,NULL),(578,16,283,118,NULL,NULL,3500,1050,29,NULL,NULL,NULL,NULL,NULL),(579,12,284,42,NULL,NULL,2500,750,7,NULL,NULL,NULL,NULL,NULL),(580,12,285,13,8,1,2500,750,1,NULL,NULL,NULL,488.88888888889,NULL),(581,19,285,12,7,2,5500,1650,1,NULL,NULL,NULL,488.88888888889,NULL),(582,12,285,23,16,0.4,5000,1250,22,NULL,NULL,NULL,3223.6842105263,NULL),(583,19,285,48,16,0.1,2000,500,22,NULL,NULL,NULL,3223.6842105263,NULL),(584,12,286,49,NULL,NULL,2000,600,1,NULL,NULL,NULL,NULL,NULL),(585,19,287,23,16,0.5,5500,1375,22,NULL,NULL,NULL,3223.6842105263,NULL),(586,12,288,49,NULL,NULL,800,240,1,NULL,NULL,NULL,NULL,NULL),(587,12,289,42,NULL,NULL,1500,450,7,NULL,NULL,NULL,NULL,NULL),(588,19,290,43,NULL,NULL,1800,540,7,NULL,NULL,NULL,NULL,NULL),(589,19,290,42,NULL,NULL,2000,600,7,NULL,NULL,NULL,NULL,NULL),(590,11,291,31,NULL,NULL,1000,300,2,NULL,NULL,NULL,NULL,NULL),(591,12,291,23,15,0.4,5000,1250,22,NULL,NULL,NULL,2675.4385964912,NULL),(592,19,291,41,NULL,NULL,2300,690,7,NULL,NULL,NULL,NULL,NULL),(593,19,292,12,7,2,5500,1650,1,NULL,NULL,NULL,488.88888888889,NULL),(594,12,293,42,NULL,NULL,1500,450,7,NULL,NULL,NULL,NULL,NULL),(596,11,295,71,NULL,NULL,0,500,29,NULL,NULL,'Мойка кузова , влажная уборка салона',NULL,'500'),(597,17,296,13,33,1,2500,750,1,NULL,NULL,NULL,400,NULL),(598,17,296,33,32,0.2,1500,450,1,NULL,NULL,NULL,400,NULL),(599,11,296,63,23,NULL,5000,2000,20,NULL,NULL,'Химчистка напольного покрытия',0.5024,NULL),(600,11,296,NULL,NULL,NULL,400,120,NULL,NULL,NULL,NULL,NULL,NULL),(601,23,297,57,NULL,NULL,13000,3900,2,NULL,NULL,'Подготовка под нанесение защитного покрытия',NULL,NULL),(602,23,297,44,43,15,9000,2541,29,2,NULL,NULL,79.5,NULL),(603,17,297,23,15,0.35,4500,1125,22,NULL,NULL,NULL,2675.4385964912,NULL),(604,17,297,89,15,0.2,3500,875,22,NULL,NULL,NULL,2675.4385964912,NULL),(605,16,298,21,23,0.5,15000,6000,20,NULL,NULL,NULL,0.5024,NULL),(606,16,298,19,NULL,NULL,7000,2100,2,NULL,NULL,NULL,NULL,NULL),(607,16,298,38,45,20,18000,5400,29,NULL,NULL,NULL,136.6,NULL),(608,16,298,44,43,10,10000,3000,29,NULL,NULL,NULL,79.5,NULL),(609,19,298,23,15,0.4,5000,1250,22,NULL,NULL,NULL,2675.4385964912,NULL),(610,16,298,45,NULL,NULL,2000,600,29,NULL,NULL,NULL,NULL,NULL),(611,16,298,118,NULL,NULL,3000,900,29,NULL,NULL,NULL,NULL,NULL),(612,21,298,100,NULL,NULL,400,0,1,NULL,NULL,NULL,NULL,NULL),(613,16,299,31,NULL,NULL,1000,300,2,NULL,NULL,NULL,NULL,NULL),(614,17,300,12,6,2,6000,1800,1,NULL,NULL,NULL,488.88888888889,NULL),(615,16,301,31,NULL,NULL,1000,300,2,NULL,NULL,NULL,NULL,NULL),(616,17,302,106,7,3,10000,3000,1,NULL,NULL,NULL,488.88888888889,NULL),(617,16,303,31,NULL,NULL,1000,300,2,NULL,NULL,NULL,NULL,NULL),(618,17,303,12,7,2.5,5500,1650,1,NULL,NULL,NULL,488.88888888889,NULL),(619,17,304,12,7,1.5,5000,1500,1,NULL,NULL,NULL,488.88888888889,NULL),(620,17,304,13,19,1,3500,1050,1,NULL,NULL,NULL,440,NULL),(621,17,304,17,19,1.5,5000,1500,1,NULL,NULL,NULL,440,NULL),(622,17,304,23,15,0.4,5000,1250,22,NULL,NULL,NULL,2675.4385964912,NULL),(623,17,305,12,6,2,5500,1650,1,NULL,NULL,NULL,488.88888888889,NULL),(624,16,305,103,NULL,NULL,500,150,2,NULL,NULL,NULL,NULL,NULL),(625,16,305,69,NULL,NULL,1000,300,29,NULL,NULL,'Удаление шильдиков с багажника',NULL,NULL),(626,16,305,32,45,3,1000,300,29,NULL,NULL,NULL,136.6,NULL),(627,16,306,103,NULL,NULL,1500,450,2,NULL,NULL,NULL,NULL,NULL),(628,19,307,35,NULL,NULL,1000,300,1,NULL,NULL,NULL,NULL,NULL),(629,19,308,12,6,2,5500,1650,1,NULL,NULL,NULL,488.88888888889,NULL),(630,19,308,13,17,1,3500,1050,1,NULL,NULL,NULL,440,NULL),(631,19,309,42,NULL,NULL,1500,450,7,NULL,NULL,NULL,NULL,NULL),(632,19,310,23,15,0.4,6000,1500,22,NULL,NULL,NULL,2675.4385964912,NULL),(633,19,310,48,15,0.2,2000,500,22,NULL,NULL,NULL,2675.4385964912,NULL),(634,19,310,89,15,0.2,5000,1250,22,NULL,NULL,NULL,2675.4385964912,NULL),(635,19,310,13,17,1,3500,1050,1,NULL,NULL,NULL,440,NULL),(636,19,311,23,15,0.4,5000,1250,22,NULL,NULL,NULL,2675.4385964912,NULL),(637,16,312,63,23,100,3500,1400,20,NULL,NULL,'Химчистка багажника',0.5024,NULL),(638,16,312,45,NULL,NULL,2000,600,29,NULL,NULL,NULL,NULL,NULL),(639,19,313,12,7,2,8000,2400,1,NULL,NULL,NULL,488.88888888889,NULL),(640,19,313,13,18,1,4500,1350,1,NULL,NULL,NULL,440,NULL),(641,19,313,17,18,1.5,5000,1500,1,NULL,NULL,NULL,440,NULL),(642,22,314,74,NULL,0,542269,0,15,NULL,NULL,'приход',NULL,NULL),(643,12,315,42,NULL,NULL,1500,450,7,NULL,NULL,NULL,NULL,NULL),(644,12,316,35,NULL,NULL,1000,300,1,NULL,NULL,NULL,NULL,NULL),(645,12,316,13,7,1,2500,750,1,NULL,NULL,NULL,488.88888888889,NULL),(646,21,317,100,NULL,NULL,400,0,1,NULL,NULL,NULL,NULL,NULL),(647,11,317,71,NULL,NULL,0,500,29,NULL,NULL,'Локальная подкраска пр.порога и пер. бампера.',NULL,'500'),(648,12,318,49,NULL,NULL,500,150,1,NULL,NULL,NULL,NULL,NULL),(649,12,318,111,6,0.5,1250,375,1,NULL,NULL,NULL,488.88888888889,NULL),(650,11,319,57,NULL,NULL,2000,600,2,NULL,NULL,'Полировка декоративной вставки на тореде.(прав.)',NULL,NULL),(651,12,320,42,NULL,NULL,2000,600,7,NULL,NULL,NULL,NULL,NULL),(652,12,321,41,NULL,NULL,1000,300,7,NULL,NULL,NULL,NULL,NULL),(653,12,322,12,6,2,6000,1800,1,NULL,NULL,NULL,488.88888888889,NULL),(654,12,322,52,18,2.5,8000,2400,1,NULL,NULL,NULL,440,NULL),(655,11,322,107,31,10,0,0,29,NULL,NULL,NULL,20,NULL),(656,11,322,27,21,10,8000,2400,29,NULL,NULL,NULL,62.07,NULL),(657,11,322,28,26,5,6000,1800,29,NULL,NULL,NULL,128.86666666667,NULL),(658,11,322,69,NULL,NULL,9500,2850,29,NULL,NULL,'Подготовка лкп под нанесение защитного керамического покрытия.',NULL,NULL),(659,11,322,38,29,25,18500,5550,29,NULL,NULL,NULL,100,NULL),(660,11,322,44,27,20,10000,3000,29,NULL,NULL,NULL,42.48,NULL),(661,20,322,104,36,NULL,68500,48915,22,NULL,NULL,'Бронирование зон риска  элементов кузова:\r\nПер. бампер\\ фары\\капот\\ пер.крылья\\бок. зеркала\\пер. стойки\\ полоса на крышу\\ зона погрузки\\ под ручками.',3881.5789473684,'48915'),(662,12,323,41,NULL,NULL,900,270,7,NULL,NULL,NULL,NULL,NULL),(663,12,323,42,NULL,NULL,1000,300,7,NULL,NULL,NULL,NULL,NULL),(664,12,323,42,NULL,NULL,1000,300,7,NULL,NULL,NULL,NULL,NULL),(665,12,323,42,NULL,NULL,1000,300,7,NULL,NULL,NULL,NULL,NULL),(666,12,323,43,NULL,NULL,1000,300,7,NULL,NULL,NULL,NULL,NULL),(667,11,324,21,23,1,14000,5600,20,NULL,NULL,NULL,0.5024,NULL),(668,21,324,100,NULL,NULL,400,0,1,NULL,NULL,NULL,NULL,NULL),(669,19,325,23,15,0.4,6000,1500,22,NULL,NULL,NULL,2675.4385964912,NULL),(670,19,325,48,15,0.2,2000,500,22,NULL,NULL,NULL,2675.4385964912,NULL),(671,19,325,82,15,0.4,6000,857.89473684211,22,0.24,NULL,NULL,2675.4385964912,NULL),(672,19,325,85,15,0.2,4000,1000,22,NULL,NULL,NULL,2675.4385964912,NULL),(673,19,325,86,15,0.3,8000,2000,22,NULL,NULL,NULL,2675.4385964912,NULL),(674,16,325,38,45,25,28000,8400,29,NULL,NULL,NULL,136.6,NULL),(675,16,325,44,27,15,12000,3600,29,NULL,NULL,NULL,42.48,NULL),(676,16,325,19,NULL,NULL,10000,3000,2,NULL,NULL,NULL,NULL,NULL),(677,12,326,42,NULL,NULL,1500,450,7,NULL,NULL,NULL,NULL,NULL),(678,12,326,23,15,0.4,5000,1250,22,NULL,NULL,NULL,2675.4385964912,NULL),(679,12,327,12,20,2.5,4000,1200,1,NULL,NULL,NULL,166.66666666667,NULL),(680,11,328,27,21,10,5000,1500,29,NULL,NULL,NULL,62.07,NULL),(681,12,329,12,6,2,5500,1650,1,NULL,NULL,NULL,488.88888888889,NULL),(682,12,329,23,15,0.4,5000,1250,22,NULL,NULL,NULL,2675.4385964912,NULL),(683,11,328,69,42,5,3000,900,29,NULL,NULL,'Нанесение керамического состава на алькантару',12.6,NULL),(684,12,330,42,NULL,NULL,1500,450,7,NULL,NULL,NULL,NULL,NULL),(685,12,330,116,31,10,1500,450,29,NULL,NULL,NULL,20,NULL),(686,12,331,13,33,1,3000,900,1,NULL,NULL,NULL,400,NULL),(687,12,332,42,NULL,NULL,1500,450,7,NULL,NULL,NULL,NULL,NULL),(688,12,332,23,15,0.5,6000,1500,22,NULL,NULL,NULL,2675.4385964912,NULL),(689,12,332,66,15,0.2,2000,500,22,NULL,NULL,'Бронирование противотуманных фар',2675.4385964912,NULL),(690,19,333,12,6,2.5,5500,1650,1,NULL,NULL,NULL,488.88888888889,NULL),(691,19,333,23,15,0.4,5000,1250,22,NULL,NULL,NULL,2675.4385964912,NULL),(692,19,333,66,15,0.4,4000,1000,22,NULL,NULL,'Бронирование противотуманных фар и ходовых огней',2675.4385964912,NULL),(693,16,333,69,NULL,NULL,1500,450,29,NULL,NULL,'Удаление шильдиков',NULL,NULL),(694,19,334,12,7,2,5500,1650,1,NULL,NULL,NULL,488.88888888889,NULL),(696,19,335,12,6,4.2,8000,2400,1,NULL,NULL,NULL,488.88888888889,NULL),(697,19,335,13,7,1,2500,750,1,NULL,NULL,NULL,488.88888888889,NULL),(698,19,336,42,NULL,NULL,1500,450,7,NULL,NULL,NULL,NULL,NULL),(699,19,337,41,NULL,NULL,1000,300,7,NULL,NULL,NULL,NULL,NULL),(700,19,337,43,NULL,NULL,1600,480,7,NULL,NULL,NULL,NULL,NULL),(701,19,338,46,7,1,2500,750,1,NULL,NULL,NULL,488.88888888889,NULL),(702,19,339,12,6,2,5500,1650,1,NULL,NULL,NULL,488.88888888889,NULL),(703,19,339,116,31,10,1500,450,29,NULL,NULL,NULL,20,NULL),(704,19,339,23,15,0.4,5000,1250,22,NULL,NULL,NULL,2675.4385964912,NULL),(705,16,340,21,23,1.2,13000,5200,20,NULL,NULL,NULL,0.5024,NULL),(706,16,340,99,46,5,0,0,29,NULL,NULL,NULL,1.2,NULL),(707,16,340,45,NULL,NULL,2000,600,29,NULL,NULL,NULL,NULL,NULL),(708,19,341,12,6,2,6000,1800,1,NULL,NULL,NULL,488.88888888889,NULL),(709,19,342,42,NULL,NULL,1500,450,7,NULL,NULL,NULL,NULL,NULL),(710,19,342,23,15,0.5,5000,1250,22,NULL,NULL,NULL,2675.4385964912,NULL),(711,19,342,66,NULL,NULL,500,125,22,NULL,NULL,'Демонтаж пленки с задних фонарей',NULL,NULL),(712,19,343,12,20,1.5,3500,1050,1,NULL,NULL,NULL,166.66666666667,NULL),(713,16,340,103,NULL,NULL,2000,600,2,NULL,NULL,NULL,NULL,NULL),(714,19,344,12,6,1.5,5000,1500,1,NULL,NULL,NULL,488.88888888889,NULL),(715,19,345,42,NULL,NULL,3900,1170,7,NULL,NULL,NULL,NULL,NULL),(716,22,346,74,NULL,NULL,8500,6000,15,NULL,NULL,'Вмятины по периметру кузова 6 шт.',NULL,'6000'),(717,16,346,103,NULL,NULL,2500,750,2,NULL,NULL,NULL,NULL,NULL),(718,19,346,48,15,0.1,500,125,22,NULL,NULL,NULL,2675.4385964912,NULL),(719,19,347,12,6,2,5500,1650,1,NULL,NULL,NULL,488.88888888889,NULL),(720,19,348,12,7,2,5000,1011.1111111111,1,1,NULL,NULL,488.88888888889,NULL),(721,11,348,21,23,1000,12000,4800,20,NULL,NULL,NULL,0.5024,NULL),(722,11,348,45,NULL,NULL,2000,600,29,NULL,NULL,NULL,NULL,NULL),(723,11,348,27,21,10,8000,2400,29,NULL,NULL,NULL,62.07,NULL),(724,11,348,118,NULL,NULL,3000,900,29,NULL,NULL,NULL,NULL,NULL),(725,11,348,116,46,20,1000,300,29,NULL,NULL,NULL,1.2,NULL),(726,12,349,41,NULL,NULL,900,270,7,NULL,NULL,NULL,NULL,NULL),(727,12,349,42,NULL,NULL,1500,450,7,NULL,NULL,NULL,NULL,NULL),(728,12,349,43,NULL,NULL,1500,450,7,NULL,NULL,NULL,NULL,NULL),(729,12,350,23,15,0.35,5000,1250,22,NULL,NULL,NULL,2675.4385964912,NULL),(730,12,350,116,31,10,1500,450,29,NULL,NULL,NULL,20,NULL),(731,12,350,66,15,0.2,3000,750,22,NULL,NULL,'Бронирование ПТФ',2675.4385964912,NULL),(732,12,350,66,NULL,NULL,1000,250,22,NULL,NULL,'Монтаж шильды на капот',NULL,NULL),(733,11,351,57,NULL,NULL,5000,1500,2,NULL,NULL,'Подготовка под нанесение защитного состава',NULL,NULL),(734,11,351,44,44,25,6500,1950,29,NULL,NULL,NULL,110,NULL),(735,12,351,23,15,NULL,4000,1000,22,NULL,NULL,NULL,2675.4385964912,NULL),(736,11,352,19,NULL,NULL,7000,2100,2,NULL,NULL,NULL,NULL,NULL),(737,11,352,44,27,25,5000,1500,29,NULL,NULL,NULL,42.48,NULL),(739,12,353,49,NULL,NULL,2000,600,1,NULL,NULL,NULL,NULL,NULL),(740,12,353,106,6,3.5,8000,2400,1,NULL,NULL,NULL,488.88888888889,NULL),(741,12,353,17,17,1,4000,1200,1,NULL,NULL,NULL,440,NULL),(743,12,354,35,NULL,NULL,1000,300,1,NULL,NULL,NULL,NULL,NULL),(744,12,354,13,19,1,3000,900,1,NULL,NULL,NULL,440,NULL),(745,12,354,39,32,0.5,1500,450,1,NULL,NULL,NULL,400,NULL),(746,11,354,31,NULL,NULL,1000,300,2,NULL,NULL,NULL,NULL,NULL),(747,12,354,23,15,0.4,4500,1125,22,NULL,NULL,NULL,2675.4385964912,NULL),(748,12,355,41,NULL,NULL,900,270,7,NULL,NULL,NULL,2675.4385964912,NULL),(749,12,355,42,NULL,NULL,1500,450,7,NULL,NULL,NULL,NULL,NULL),(750,12,356,89,15,0.4,3500,875,22,NULL,NULL,NULL,2675.4385964912,NULL),(751,11,356,69,NULL,NULL,1500,450,2,NULL,NULL,'Полировка заднего и переднего бампера',NULL,NULL),(752,11,356,69,45,2,2000,600,29,NULL,NULL,'Керамика на передний и задний бампер',136.6,NULL),(753,11,356,44,27,15,4000,1200,29,NULL,NULL,NULL,42.48,NULL),(754,11,356,27,21,2,1000,300,29,NULL,NULL,NULL,62.07,NULL),(755,12,357,54,40,0.5,2500,750,1,NULL,NULL,'Бронирование одного стекла',400,NULL),(756,11,348,31,NULL,NULL,1000,300,2,NULL,NULL,NULL,NULL,NULL),(757,12,358,12,6,2.5,5500,1650,1,NULL,NULL,NULL,488.88888888889,NULL),(758,12,359,12,6,2.5,4500,1350,1,NULL,NULL,NULL,488.88888888889,NULL),(759,12,360,23,15,0.4,5000,1250,22,NULL,NULL,NULL,2675.4385964912,NULL),(760,11,360,116,31,15,1500,450,29,NULL,NULL,NULL,20,NULL),(761,20,361,104,15,2,21000,7788,22,NULL,NULL,'Бронирование зон риска:   фара прав\\ птф прав\\ зеркало прав\\ бампер перед',2675.4385964912,'7788'),(762,21,361,100,NULL,NULL,500,0,1,NULL,NULL,NULL,NULL,NULL),(764,12,362,46,6,1.5,2000,600,1,NULL,NULL,NULL,488.88888888889,NULL),(765,12,362,47,7,1,3000,900,1,NULL,NULL,NULL,488.88888888889,NULL),(766,12,362,13,8,1,2500,750,1,NULL,NULL,NULL,488.88888888889,NULL),(767,11,363,57,NULL,NULL,5000,1500,2,NULL,NULL,'Удоление напыла ( налета ) со всех наружних частей кузова автомобиля.',NULL,NULL),(768,16,363,44,43,30,9800,2940,29,NULL,NULL,NULL,79.4913,NULL),(769,11,363,100,NULL,NULL,400,120,29,NULL,NULL,NULL,NULL,NULL),(770,16,363,120,NULL,NULL,5800,1740,29,NULL,NULL,NULL,NULL,NULL),(772,11,364,63,23,500,2200,880,20,NULL,NULL,'Химчистка сидений',0.5024,NULL),(773,11,365,118,NULL,NULL,3000,900,29,NULL,NULL,NULL,NULL,NULL),(774,12,366,87,15,0.15,4000,1000,22,NULL,NULL,NULL,2675.4385964912,NULL),(775,12,367,12,6,2.5,5500,1650,1,NULL,NULL,NULL,488.88888888889,NULL),(776,12,368,41,NULL,NULL,900,270,7,NULL,NULL,NULL,NULL,NULL),(777,12,368,43,NULL,NULL,900,270,7,NULL,NULL,NULL,NULL,NULL),(778,12,369,41,NULL,NULL,900,270,7,NULL,NULL,NULL,NULL,NULL),(779,12,370,49,NULL,NULL,500,150,1,NULL,NULL,NULL,NULL,NULL),(780,12,370,111,13,0.5,500,150,1,NULL,NULL,NULL,331.11111111111,NULL),(781,11,371,103,NULL,NULL,1000,300,2,NULL,NULL,NULL,NULL,NULL),(782,12,372,41,NULL,NULL,900,270,7,NULL,NULL,NULL,NULL,NULL),(783,12,372,43,NULL,NULL,1500,450,7,NULL,NULL,NULL,NULL,NULL),(784,12,373,56,17,0.5,0,450,1,NULL,NULL,'Переделка левое переднее стекло за Монаховым',440,'450'),(785,16,363,19,NULL,NULL,6500,1950,2,NULL,NULL,NULL,NULL,NULL),(786,12,363,23,15,0.35,5000,1250,22,NULL,NULL,NULL,2675.4385964912,NULL),(787,11,374,103,NULL,NULL,5000,1500,2,NULL,NULL,NULL,NULL,NULL),(788,12,375,42,NULL,NULL,1500,450,7,NULL,NULL,NULL,NULL,NULL),(789,12,376,42,NULL,NULL,1000,300,7,NULL,NULL,NULL,NULL,NULL),(790,12,376,43,NULL,NULL,2000,600,7,NULL,NULL,NULL,NULL,NULL),(791,12,377,42,NULL,NULL,2000,600,7,NULL,NULL,NULL,NULL,NULL),(792,16,377,69,NULL,NULL,900,270,29,NULL,NULL,'Регулировка замка капота, обработка уплотнителей всех дверей , обслуживание дверных замков.',NULL,NULL),(793,16,377,57,NULL,NULL,3500,1050,2,NULL,NULL,'Локальная полировка двух задних и прав. переднего расширителей арок',NULL,NULL),(794,12,376,23,15,0.4,4500,1125,22,NULL,NULL,NULL,2675.4385964912,NULL),(795,16,376,31,NULL,NULL,500,150,2,NULL,NULL,NULL,NULL,NULL),(796,16,378,63,23,200,9500,3800,20,NULL,NULL,'Химчистка багажного отсека.',0.5024,NULL),(797,12,379,42,NULL,NULL,1000,300,7,NULL,NULL,NULL,NULL,NULL),(798,12,380,23,15,0.4,5000,1250,22,NULL,NULL,NULL,2675.4385964912,NULL),(799,20,381,104,36,0,45000,30712,22,NULL,NULL,'Бронирование деталей (частей мотоцикла) : два кофра\\пер. крыло\\две декор. панели.',3881.5789473684,'30712'),(800,21,378,100,NULL,NULL,500,0,1,NULL,NULL,NULL,NULL,NULL),(801,12,382,12,8,3,7000,2100,1,NULL,NULL,NULL,488.88888888889,NULL),(803,12,382,116,31,15,1500,450,29,NULL,NULL,NULL,20,NULL),(804,12,383,12,7,2,4500,1350,1,NULL,NULL,NULL,488.88888888889,NULL),(805,12,383,121,15,0.4,5000,1250,22,NULL,NULL,NULL,2675.4385964912,NULL),(806,12,383,116,31,15,1500,450,29,NULL,NULL,NULL,20,NULL),(807,16,361,116,46,NULL,0,0,29,NULL,NULL,NULL,1.2,NULL),(808,16,361,57,NULL,NULL,3200,960,2,NULL,NULL,'Полировка передней левой и задней левой двери и  четырех стоек',NULL,NULL),(809,20,384,104,36,NULL,160000,120300,22,NULL,NULL,'Полная оклейка кузова автомобиля антигравийной пленкой',3881.5789473684,'120300'),(810,16,361,69,29,5,2000,600,29,NULL,NULL,'Нанесение защитного покрытия на лев.  двери и все стойки',100,NULL),(811,16,361,69,27,5,1000,300,29,NULL,NULL,'Нанесение жидкого стекла на лев. двери  и все стойки',42.48,NULL),(812,12,385,42,NULL,NULL,2000,600,7,NULL,NULL,NULL,NULL,NULL),(813,11,386,103,NULL,NULL,1000,300,2,NULL,NULL,NULL,NULL,NULL),(814,16,387,31,NULL,NULL,1000,300,2,NULL,NULL,NULL,NULL,NULL),(815,12,387,23,36,0.4,5000,1250,22,NULL,NULL,NULL,3881.5789473684,NULL),(816,11,388,78,NULL,NULL,1200,480,20,NULL,NULL,NULL,NULL,NULL),(817,12,389,13,10,1,2500,750,1,NULL,NULL,NULL,361.66666666667,NULL),(818,12,390,42,NULL,NULL,1500,450,7,NULL,NULL,NULL,NULL,NULL),(819,12,391,42,NULL,NULL,1500,450,7,NULL,NULL,NULL,NULL,NULL),(820,12,392,66,15,0.2,2700,675,22,NULL,NULL,'Бронирование Правой передней фары',2675.4385964912,NULL),(821,12,384,66,15,0.4,9000,2250,22,NULL,NULL,'Бронирование антигравийной пленкой всех  дверных стоек 6 штук.',2675.4385964912,NULL),(822,12,393,12,6,2.5,5500,1650,1,NULL,NULL,NULL,488.88888888889,NULL),(823,12,393,33,7,0.5,1500,450,1,NULL,NULL,NULL,488.88888888889,NULL),(824,12,394,42,NULL,NULL,1500,450,7,NULL,NULL,NULL,NULL,NULL),(825,12,395,12,6,2,5500,1650,1,NULL,NULL,NULL,488.88888888889,NULL),(826,12,395,23,15,0.4,5000,1250,22,NULL,NULL,NULL,2675.4385964912,NULL),(827,12,394,41,NULL,NULL,900,270,7,NULL,NULL,NULL,NULL,NULL),(828,12,394,43,NULL,NULL,900,270,7,NULL,NULL,NULL,NULL,NULL),(829,16,396,69,NULL,NULL,5200,1560,29,NULL,NULL,'Детейлинг кузова.\r\nДетейлинг салона.',NULL,NULL),(830,16,397,103,NULL,NULL,2000,600,2,NULL,NULL,NULL,NULL,NULL),(831,12,398,12,6,2,5500,1650,1,NULL,NULL,NULL,488.88888888889,NULL),(832,12,399,54,NULL,NULL,0,0,1,NULL,NULL,'Подрезка тонировочной пленки на переднем левом стекле',NULL,NULL),(833,12,400,23,15,0.4,5000,1250,22,NULL,NULL,NULL,2675.4385964912,NULL),(834,12,401,66,36,0.1,1500,375,22,NULL,NULL,'Локальная установка брони на бампер',3881.5789473684,NULL),(835,16,401,69,26,7,4500,1350,29,NULL,NULL,'Нанесение керамического состава на хром.',128.86666666667,NULL),(836,16,402,31,NULL,NULL,1000,300,2,NULL,NULL,NULL,NULL,NULL),(837,12,402,23,15,0.4,5000,1250,22,NULL,NULL,NULL,2675.4385964912,NULL),(838,12,403,12,6,1.5,4000,1200,1,NULL,NULL,NULL,488.88888888889,NULL),(839,12,403,13,8,1,2500,750,1,NULL,NULL,NULL,488.88888888889,NULL),(840,11,404,63,23,600,10000,4000,20,NULL,NULL,'Сидения, Кавролин, Потолок, Пластик.',0.5024,NULL),(841,16,404,56,NULL,NULL,500,500,1,NULL,NULL,'Мойка автомобиля',NULL,'500'),(842,12,405,12,6,2.5,5500,1650,1,NULL,NULL,NULL,488.88888888889,NULL),(843,12,405,13,17,1,3500,1050,1,NULL,NULL,NULL,440,NULL),(844,16,405,31,NULL,NULL,1000,300,2,NULL,NULL,NULL,NULL,NULL),(845,12,405,23,15,0.4,5000,1250,22,NULL,NULL,NULL,2675.4385964912,NULL),(846,16,404,63,23,300,3000,1200,20,NULL,NULL,'Багажник, Дверные карты.',0.5024,NULL),(847,11,406,57,NULL,NULL,1500,450,2,NULL,NULL,'Локальная полировка заднего бампера',NULL,NULL),(848,12,407,12,6,2,5000,1500,1,NULL,NULL,NULL,488.88888888889,NULL),(849,12,407,23,36,0.4,6000,1500,22,NULL,NULL,NULL,3881.5789473684,NULL),(850,11,407,69,NULL,NULL,300,90,29,NULL,NULL,'Установка номерн. знаков',NULL,NULL),(851,12,408,42,NULL,NULL,1000,300,7,NULL,NULL,NULL,NULL,NULL),(855,12,410,35,NULL,NULL,1000,300,1,NULL,NULL,NULL,NULL,NULL),(856,12,411,42,NULL,NULL,1000,300,7,NULL,NULL,NULL,NULL,NULL),(857,12,411,35,NULL,NULL,1000,300,1,NULL,NULL,NULL,NULL,NULL),(858,16,404,45,NULL,NULL,0,0,29,NULL,NULL,NULL,NULL,NULL),(859,16,412,31,NULL,NULL,500,150,2,NULL,NULL,NULL,NULL,NULL),(860,12,412,121,15,0.5,5500,1375,22,NULL,NULL,NULL,2675.4385964912,NULL),(861,12,412,42,NULL,NULL,1500,450,7,NULL,NULL,NULL,NULL,NULL),(862,16,412,116,31,10,1500,450,29,NULL,NULL,NULL,20,NULL),(863,12,412,39,6,0.4,1000,300,1,NULL,NULL,NULL,488.88888888889,NULL),(864,16,413,21,23,1000,13000,5200,20,NULL,NULL,NULL,0.5024,NULL),(865,16,413,45,NULL,NULL,0,0,29,NULL,NULL,NULL,NULL,NULL),(866,16,413,71,NULL,NULL,500,500,29,NULL,NULL,'Мойка Автомобиля',NULL,'500'),(868,22,415,74,NULL,NULL,9000,6000,15,NULL,NULL,'Удаление вмятин с переднего левого стекла',NULL,'6000'),(873,16,419,57,NULL,NULL,7000,2100,2,NULL,NULL,'Удаление краски с кузова автомобиль, локальная полировка',NULL,NULL),(886,11,427,31,NULL,NULL,500,150,2,NULL,NULL,NULL,NULL,NULL),(891,12,432,35,NULL,NULL,1000,300,1,NULL,NULL,NULL,NULL,NULL),(892,12,433,42,NULL,NULL,1500,450,7,NULL,NULL,NULL,NULL,NULL),(893,12,434,12,6,1.5,4500,1350,1,NULL,NULL,NULL,488.88888888889,NULL),(894,11,435,44,NULL,NULL,4500,1350,29,NULL,NULL,NULL,NULL,NULL),(895,11,435,57,NULL,NULL,4500,1350,2,NULL,NULL,'Полировка и подготовка под нанесение защитного состава',NULL,NULL),(896,11,435,116,NULL,NULL,500,150,29,NULL,NULL,NULL,NULL,NULL),(897,11,435,78,NULL,NULL,1000,400,20,NULL,NULL,NULL,NULL,NULL),(898,12,436,49,NULL,NULL,500,150,1,NULL,NULL,NULL,NULL,NULL),(899,12,436,54,6,0.5,1250,375,1,NULL,NULL,'Тонирование прав. пер бок. стекла',488.88888888889,NULL),(900,12,437,43,NULL,NULL,2000,600,7,NULL,NULL,NULL,NULL,NULL),(901,12,438,46,9,1,2000,600,1,NULL,NULL,NULL,361.66666666667,NULL),(902,12,439,35,NULL,NULL,1000,300,1,NULL,NULL,NULL,NULL,NULL),(903,12,439,13,17,1,3000,900,1,NULL,NULL,NULL,440,NULL),(904,11,440,19,NULL,NULL,9900,2970,2,NULL,NULL,NULL,NULL,NULL),(905,11,440,119,NULL,NULL,5600,1680,2,NULL,NULL,NULL,NULL,NULL),(906,11,440,44,27,17,9500,2850,29,NULL,NULL,NULL,42.48,NULL),(907,11,440,118,NULL,NULL,3500,1050,29,NULL,NULL,NULL,NULL,NULL),(908,11,440,21,NULL,800,14000,5600,20,NULL,NULL,NULL,NULL,NULL),(909,11,440,45,NULL,NULL,0,0,29,NULL,NULL,NULL,NULL,NULL),(910,12,441,12,7,2,5500,1650,1,NULL,NULL,NULL,488.88888888889,NULL),(911,12,442,35,NULL,NULL,1000,300,1,NULL,NULL,NULL,NULL,NULL),(912,11,443,78,NULL,NULL,500,200,20,NULL,NULL,NULL,NULL,NULL),(913,11,443,63,23,200,1000,400,20,NULL,NULL,'Химчистка задних сидений',0.5024,NULL),(914,25,443,71,NULL,NULL,8500,6000,29,NULL,NULL,'Локальный ремонт и окрас кожи на спинке заднего сиденья',NULL,'6000'),(915,12,444,12,10,2.5,4500,1350,1,NULL,NULL,NULL,361.66666666667,NULL),(916,12,445,12,6,2,5500,1650,1,NULL,NULL,NULL,488.88888888889,NULL),(917,12,445,54,NULL,NULL,1500,450,1,NULL,NULL,'Растонирование  зад. бок. стекол',NULL,NULL),(918,12,446,49,NULL,NULL,500,150,1,NULL,NULL,NULL,NULL,NULL),(919,12,447,43,NULL,NULL,1000,300,7,NULL,NULL,NULL,NULL,NULL),(920,20,448,104,36,NULL,56000,38230,22,NULL,NULL,'Бронирование зон риска: Капот\\ два передних крыла\\ фары\\зеркала\\стойки\\полоса на крышу\\зона под ручками\\задние фонари',3881.5789473684,'38230'),(921,26,448,12,6,2.5,5500,1650,1,NULL,NULL,NULL,488.88888888889,NULL),(922,16,448,116,31,12,1500,450,29,NULL,NULL,NULL,20,NULL),(923,12,448,66,36,0.5,6000,1500,22,NULL,NULL,'Дверные стойки',3881.5789473684,NULL),(924,12,449,23,36,0.5,6000,1500,22,NULL,NULL,NULL,3881.5789473684,NULL),(926,12,451,121,15,0.8,4500,1125,22,NULL,NULL,NULL,2675.4385964912,NULL),(927,11,451,31,NULL,NULL,1000,300,2,NULL,NULL,NULL,NULL,NULL),(928,11,452,103,NULL,NULL,1000,300,2,NULL,NULL,NULL,NULL,NULL),(929,26,453,56,NULL,NULL,0,150,1,NULL,NULL,'Демонтаж пленки крышки багажника',NULL,'150'),(930,26,453,56,7,0.5,0,300,1,NULL,NULL,'Тонировка заднего лобового стекла',488.88888888889,'300'),(931,26,454,12,6,2,5500,1650,1,NULL,NULL,NULL,488.88888888889,NULL),(932,12,454,66,15,1,12000,3000,22,NULL,NULL,'Бронирование: Фары\\зона под ручками\\пороги задние 2 шт',2675.4385964912,NULL),(933,12,455,12,6,2.5,6000,333.33333333333,1,3,NULL,NULL,488.88888888889,NULL),(934,16,455,38,45,20,26000,7800,29,NULL,NULL,NULL,136.6,NULL),(935,16,455,44,27,15,9000,2700,29,NULL,NULL,NULL,42.48,NULL),(936,20,455,104,36,NULL,53500,34542,22,NULL,NULL,'Бронирование: Оптика\\пороги 4 шт\\зона под ручками\\зона погрузки\\зеркала\\капот\\полоса на крышу\\две передние стойки',3881.5789473684,'34542'),(937,26,456,12,6,2,5500,1650,1,NULL,NULL,NULL,488.88888888889,NULL),(938,26,456,33,6,0.4,1500,450,1,NULL,NULL,NULL,488.88888888889,NULL),(939,12,457,12,6,2.5,6000,1800,1,NULL,NULL,NULL,488.88888888889,NULL),(940,16,457,103,NULL,NULL,1000,300,2,NULL,NULL,NULL,NULL,NULL),(941,26,458,12,9,2,4000,1200,1,NULL,NULL,NULL,361.66666666667,NULL),(943,12,459,54,NULL,NULL,2500,750,1,NULL,NULL,'Демонтаж тонировочной пленки с лобового и двух боковых стекол',NULL,NULL),(944,26,460,46,32,0.7,1500,450,1,NULL,NULL,NULL,400,NULL),(945,16,455,116,31,17,1500,450,29,NULL,NULL,NULL,20,NULL),(946,12,461,35,NULL,NULL,1000,300,1,NULL,NULL,NULL,NULL,NULL),(947,12,462,33,6,0.4,1500,450,1,NULL,NULL,NULL,488.88888888889,NULL),(948,26,463,12,8,2,5500,1650,1,NULL,NULL,NULL,488.88888888889,NULL),(951,16,464,57,NULL,NULL,3000,900,2,NULL,NULL,'Полировка декор вставок',NULL,NULL),(952,16,464,63,NULL,NULL,2000,800,20,NULL,NULL,'Химчистка сидений',NULL,NULL),(955,16,465,21,23,1000,15000,6000,20,NULL,NULL,NULL,0.5024,NULL),(956,16,465,19,NULL,NULL,10000,3000,2,NULL,NULL,NULL,NULL,NULL),(957,16,465,44,43,17,15000,4500,29,NULL,NULL,NULL,79.4913,NULL),(958,20,465,104,36,NULL,44000,30950,22,NULL,NULL,'Бронирование зон риска: Пер. бампер\\ капот\\ фары+птф\\лев.пер. крыло часть.',3881.5789473684,'30950'),(959,16,465,116,46,15,0,0,29,NULL,NULL,NULL,1.2,NULL),(960,16,466,27,21,30,8000,2400,29,NULL,NULL,NULL,62.07,NULL),(961,16,466,28,26,10,6000,1800,29,NULL,NULL,NULL,128.86666666667,NULL),(962,26,467,114,9,0.5,1500,450,1,NULL,NULL,NULL,361.66666666667,NULL),(963,26,467,49,NULL,NULL,500,150,1,NULL,NULL,NULL,NULL,NULL),(964,26,468,12,6,2.5,5500,1650,1,NULL,NULL,NULL,488.88888888889,NULL),(965,26,469,12,6,2.5,6000,1800,1,NULL,NULL,NULL,488.88888888889,NULL),(966,26,470,54,NULL,NULL,500,150,1,NULL,NULL,'Демонтаж заднего лобового стекла',NULL,NULL),(967,26,470,46,7,0.8,1500,450,1,NULL,NULL,NULL,488.88888888889,NULL),(968,16,471,31,NULL,NULL,1000,300,2,NULL,NULL,NULL,NULL,NULL),(969,12,471,23,15,0.4,4500,1125,22,NULL,NULL,NULL,2675.4385964912,NULL),(970,12,472,121,15,0.5,6000,1500,22,NULL,NULL,NULL,2675.4385964912,NULL),(971,16,472,107,41,1,3500,1050,29,NULL,NULL,NULL,500,NULL),(972,11,473,21,23,1200,11500,4600,20,NULL,NULL,NULL,0.5024,NULL),(973,21,473,100,NULL,NULL,500,0,1,NULL,NULL,NULL,NULL,NULL),(974,12,474,12,7,2,5500,1650,1,NULL,NULL,NULL,488.88888888889,NULL),(975,12,474,52,18,2.5,8000,1740,1,1.5,NULL,NULL,440,NULL),(976,12,475,104,15,0.4,0,562,22,NULL,NULL,'Бронирование лев. фары. (косяк Козлов)',2675.4385964912,'562'),(977,12,476,12,6,2,5500,1650,1,NULL,NULL,NULL,488.88888888889,NULL),(978,12,477,12,6,2.5,6000,1800,1,NULL,NULL,NULL,488.88888888889,NULL),(979,12,478,12,6,1.5,3500,561.11111111111,1,1,NULL,NULL,488.88888888889,NULL),(980,12,478,52,17,2,7000,2100,1,NULL,NULL,NULL,440,NULL),(981,12,479,60,NULL,NULL,2500,750,7,NULL,NULL,'Ремонт 2-х сколов на лобовом стекле',NULL,NULL),(982,12,478,99,46,10,0,0,29,NULL,NULL,NULL,1.2,NULL),(983,12,480,12,6,2,7000,2100,1,NULL,NULL,NULL,488.88888888889,NULL),(984,11,473,45,NULL,NULL,0,0,29,NULL,NULL,NULL,NULL,NULL),(985,12,481,12,7,1.5,5000,1500,1,NULL,NULL,NULL,488.88888888889,NULL),(986,12,482,12,6,2,5500,1650,1,NULL,NULL,NULL,488.88888888889,NULL),(987,12,482,23,15,0.4,5000,1250,22,NULL,NULL,NULL,2675.4385964912,NULL),(988,12,482,99,46,10,0,0,29,NULL,NULL,NULL,1.2,NULL),(989,12,483,42,NULL,NULL,2000,600,7,NULL,NULL,NULL,NULL,NULL),(990,20,484,104,NULL,NULL,73000,51282,22,NULL,NULL,'Капот\\бампер\\фары\\крылья\\стойки\\зеркала\\зона под ручками\\полоса на крышу\\ стойки дверей',NULL,'51282'),(991,12,484,12,6,2,4500,1350,1,NULL,NULL,NULL,488.88888888889,NULL),(992,11,484,116,31,15,1500,450,29,NULL,NULL,NULL,20,NULL),(993,12,485,35,NULL,NULL,1000,300,1,NULL,NULL,NULL,NULL,NULL),(994,12,485,42,NULL,NULL,1500,450,7,NULL,NULL,NULL,NULL,NULL),(995,12,486,12,10,2.5,4500,1350,1,NULL,NULL,NULL,361.66666666667,NULL),(996,20,487,104,NULL,NULL,83000,56458,22,NULL,NULL,'Капот\\бампер\\крылья\\фары\\ходовые огни\\стойки передние\\зеркала\\зона под ручками\\полоса на крышу\\пороги внутренние 4 шт\\стойки центральные\\зона погрузки',3881.5789473684,'56458'),(997,12,488,12,6,2.5,5500,1650,1,NULL,NULL,NULL,488.88888888889,NULL),(998,12,489,42,NULL,NULL,1500,450,7,NULL,NULL,NULL,NULL,NULL),(999,12,489,46,6,1,2000,600,1,NULL,NULL,NULL,488.88888888889,NULL),(1000,11,490,103,NULL,NULL,1000,300,2,NULL,NULL,NULL,NULL,NULL),(1001,12,491,35,NULL,NULL,700,210,1,NULL,NULL,NULL,NULL,NULL),(1003,21,492,54,NULL,NULL,2500,0,1,NULL,NULL,'Растонировка лобового и двух передних стекол',NULL,NULL),(1004,26,493,12,32,2.5,4000,1200,1,NULL,NULL,NULL,400,NULL),(1005,11,494,69,NULL,NULL,1500,450,29,NULL,NULL,'Нанесение Воска на кузов автомобиля',NULL,NULL),(1006,11,494,113,NULL,NULL,500,200,20,NULL,NULL,NULL,NULL,NULL),(1007,26,495,17,17,1,4500,1350,1,NULL,NULL,NULL,440,NULL),(1008,26,496,49,NULL,NULL,500,150,1,NULL,NULL,NULL,NULL,NULL),(1009,26,496,111,8,0.5,1250,375,1,NULL,NULL,NULL,488.88888888889,NULL),(1010,20,497,104,15,0.2,0,0,22,NULL,NULL,'Бронирование стоек дверей.',2675.4385964912,'0'),(1011,16,498,57,NULL,NULL,1500,450,2,NULL,NULL,'Полировка зад. лев. крыла и лев. сторона зад. бампера',NULL,NULL),(1012,26,499,35,NULL,NULL,1000,300,1,NULL,NULL,NULL,NULL,NULL),(1013,26,500,49,NULL,NULL,500,150,1,NULL,NULL,NULL,NULL,NULL),(1014,26,500,111,9,0.5,1000,300,1,NULL,NULL,NULL,361.66666666667,NULL),(1015,26,501,12,6,2,6000,1800,1,NULL,NULL,NULL,488.88888888889,NULL),(1016,26,502,12,6,2.5,5500,1650,1,NULL,NULL,NULL,488.88888888889,NULL),(1017,16,503,71,31,5,0,300,29,NULL,NULL,'Антидождь на лобовое стекло',20,'300'),(1018,26,504,12,6,2,4500,1350,1,NULL,NULL,NULL,488.88888888889,NULL),(1019,12,505,12,7,2,5500,1650,1,NULL,NULL,NULL,488.88888888889,NULL),(1020,12,505,56,6,1,500,150,1,NULL,NULL,'Тонировка заднего лобового стекла',488.88888888889,'0'),(1021,12,506,46,6,1,2500,750,1,NULL,NULL,NULL,488.88888888889,NULL),(1022,12,506,47,7,1,3000,900,1,NULL,NULL,NULL,488.88888888889,NULL),(1023,12,506,23,36,0.4,5000,1250,22,NULL,NULL,NULL,3933.3333333333,NULL),(1024,12,506,48,36,0.2,2000,500,22,NULL,NULL,NULL,3933.3333333333,NULL),(1025,12,507,35,NULL,NULL,1000,300,1,NULL,NULL,NULL,NULL,NULL),(1026,12,508,114,6,1,1250,375,1,NULL,NULL,NULL,488.88888888889,NULL),(1027,12,509,35,NULL,NULL,1000,300,1,NULL,NULL,NULL,NULL,NULL),(1028,12,510,104,15,0.1,0,0,22,NULL,NULL,'Рекламация: Бронирование ПТФ',2675.4385964912,'0'),(1029,11,511,21,23,800,8000,3200,20,NULL,NULL,NULL,0.5024,NULL),(1030,12,512,12,6,2,5000,1500,1,NULL,NULL,NULL,488.88888888889,NULL),(1031,12,513,41,NULL,NULL,900,270,7,NULL,NULL,NULL,NULL,NULL),(1032,12,513,43,NULL,NULL,1500,450,7,NULL,NULL,NULL,NULL,NULL),(1033,12,514,71,31,5,0,0,29,NULL,NULL,'Рекламация: Антидождь на лобовое стекло',20,'0'),(1034,12,515,12,6,2,5000,1500,1,NULL,NULL,NULL,488.88888888889,NULL),(1035,12,516,42,NULL,NULL,1500,450,7,NULL,NULL,NULL,NULL,NULL),(1036,12,517,41,NULL,NULL,900,270,7,NULL,NULL,NULL,NULL,NULL),(1037,12,517,43,NULL,NULL,660,198,7,NULL,NULL,NULL,NULL,NULL),(1038,12,518,23,36,0.4,5000,1250,22,NULL,NULL,NULL,3933.3333333333,NULL),(1039,26,519,12,32,2.5,6000,1800,1,NULL,NULL,NULL,400,NULL),(1040,26,519,13,33,1.5,2000,600,1,NULL,NULL,NULL,400,NULL),(1041,26,519,99,46,5,0,0,29,NULL,NULL,NULL,1.2,NULL),(1042,26,520,12,10,2,5000,1500,1,NULL,NULL,NULL,361.66666666667,NULL),(1043,11,521,113,NULL,NULL,500,150,29,NULL,NULL,NULL,NULL,NULL),(1044,16,521,21,23,800,10000,4000,20,NULL,NULL,NULL,0.5024,NULL),(1045,16,521,19,NULL,NULL,6000,1800,2,NULL,NULL,NULL,NULL,NULL),(1046,16,521,44,27,15,6000,1800,29,NULL,NULL,NULL,42.48,NULL),(1047,11,521,118,NULL,NULL,3500,1050,29,NULL,NULL,NULL,NULL,NULL),(1048,26,522,47,7,1.5,4500,1105.5555555556,1,0.5,NULL,NULL,488.88888888889,NULL),(1049,26,522,46,6,1,2000,600,1,NULL,NULL,NULL,488.88888888889,NULL),(1050,26,523,42,NULL,NULL,2000,600,7,NULL,NULL,NULL,NULL,NULL),(1051,26,523,41,NULL,NULL,1000,300,7,NULL,NULL,NULL,NULL,NULL),(1052,26,524,54,NULL,NULL,2000,600,1,NULL,NULL,'Демонтаж тонировочной пленки (задняя полусфера)',NULL,NULL),(1053,26,522,49,NULL,NULL,1000,300,1,NULL,NULL,NULL,NULL,NULL),(1054,26,522,46,8,1,2000,600,1,NULL,NULL,NULL,488.88888888889,NULL),(1056,11,526,21,23,800,10000,4000,20,NULL,NULL,NULL,0.5024,NULL),(1057,11,527,69,NULL,NULL,16900,5070,29,NULL,NULL,'Пакет детейлинг услуг \"Зимний Lite\"',NULL,NULL),(1058,16,528,69,NULL,NULL,34900,10470,29,NULL,NULL,'Пакет детейлинг услуг \"Зимний +\"',NULL,NULL),(1059,16,528,27,21,15,8000,2400,29,NULL,NULL,NULL,62.07,NULL),(1060,16,528,63,23,400,2000,800,20,NULL,NULL,'Чистка сидений',0.5024,NULL),(1061,26,529,12,8,2,6000,1800,1,NULL,NULL,NULL,488.88888888889,NULL),(1062,11,529,27,21,15,7000,2100,29,NULL,NULL,NULL,62.07,NULL),(1063,26,530,13,7,1,2500,750,1,NULL,NULL,NULL,488.88888888889,NULL),(1064,26,530,35,NULL,NULL,0,0,1,NULL,NULL,NULL,NULL,NULL),(1065,11,527,44,27,10,0,0,29,NULL,NULL,NULL,42.48,NULL),(1066,21,526,100,NULL,NULL,500,0,1,NULL,NULL,NULL,NULL,NULL),(1067,16,528,38,45,20,0,0,29,NULL,NULL,NULL,136.6,NULL),(1068,16,528,44,27,10,0,0,29,NULL,NULL,NULL,42.48,NULL),(1069,16,528,116,31,5,0,0,29,NULL,NULL,NULL,20,NULL),(1070,26,531,17,19,NULL,0,-660,1,1.5,NULL,NULL,440,NULL),(1071,12,531,17,19,NULL,0,-1160,1,1.5,500,NULL,440,NULL),(1072,26,532,46,7,0.7,1500,450,1,NULL,NULL,NULL,488.88888888889,NULL),(1073,26,532,47,6,1,2500,750,1,NULL,NULL,NULL,488.88888888889,NULL),(1074,16,532,103,NULL,NULL,1500,450,2,NULL,NULL,NULL,NULL,NULL),(1075,26,533,12,6,1.7,5000,1500,1,NULL,NULL,NULL,488.88888888889,NULL),(1076,26,531,56,18,1.5,0,1200,1,NULL,NULL,'Тонировка лобового стекла',440,'1200'),(1077,26,534,12,6,2,6000,1800,1,NULL,NULL,NULL,488.88888888889,NULL),(1078,26,534,13,18,1,3500,1050,1,NULL,NULL,NULL,440,NULL),(1079,26,535,42,NULL,NULL,1250,375,7,NULL,NULL,NULL,NULL,NULL),(1080,26,535,42,NULL,NULL,1250,375,7,NULL,NULL,NULL,NULL,NULL),(1081,16,536,103,NULL,NULL,1500,450,2,NULL,NULL,NULL,NULL,NULL),(1082,26,537,12,6,2,5000,1500,1,NULL,NULL,NULL,488.88888888889,NULL),(1083,26,538,51,6,0.3,1500,450,1,NULL,NULL,NULL,488.88888888889,NULL),(1084,26,539,12,6,1.7,5000,1500,1,NULL,NULL,NULL,488.88888888889,NULL),(1085,11,540,19,NULL,NULL,14500,4350,2,NULL,NULL,NULL,NULL,NULL),(1086,11,540,38,29,20,16000,4800,29,NULL,NULL,NULL,100,NULL),(1087,11,540,44,27,15,8000,2400,29,NULL,NULL,NULL,42.48,NULL),(1088,11,540,21,23,800,12000,4800,20,NULL,NULL,NULL,0.5024,NULL),(1089,11,540,27,21,15,8000,2400,29,NULL,NULL,NULL,62.07,NULL),(1090,12,540,66,15,1.3,17000,3714.9122807018,22,0.2,NULL,'Фары+ ПТФ\\ручки\\зона погрузки\\стойки центральные',2675.4385964912,NULL),(1091,22,540,74,NULL,NULL,4000,2000,15,NULL,NULL,'Удаление вмятины на передней правой двери',NULL,'2000'),(1092,16,540,59,NULL,NULL,1500,1500,2,NULL,NULL,'Полировка фар\\центр. стойки\\бампер задний зоны погр.',NULL,'1500'),(1095,12,543,12,6,2,4000,1200,1,NULL,NULL,NULL,488.88888888889,NULL),(1096,12,543,52,18,2,7000,2100,1,NULL,NULL,NULL,440,NULL),(1097,12,544,23,36,0.2,0,-786.66666666666,22,0.2,NULL,NULL,3933.3333333333,NULL),(1098,20,545,104,36,NULL,85000,59600,22,NULL,NULL,'Зоны риска: Капот\\бампер\\передние крылья\\фары\\зеркала\\под ручками\\полоса на крышу\\зона погрузки\\стойки центральные\\пороги внешние',3933.3333333333,'59600'),(1099,12,545,12,8,2,5000,1500,1,NULL,NULL,NULL,488.88888888889,NULL),(1100,11,545,71,NULL,NULL,1000,1000,29,NULL,NULL,'Подготовка автомобиля к выдачи',NULL,'1000'),(1101,12,546,42,NULL,NULL,2000,600,7,NULL,NULL,NULL,NULL,NULL),(1103,12,547,42,NULL,NULL,1500,450,7,NULL,NULL,NULL,NULL,NULL),(1104,12,548,121,15,0.5,5000,1250,22,NULL,NULL,NULL,2675.4385964912,NULL),(1105,11,548,31,NULL,NULL,1000,300,2,NULL,NULL,NULL,NULL,NULL),(1106,12,548,12,6,2,6000,1800,1,NULL,NULL,NULL,488.88888888889,NULL),(1108,12,549,12,8,2,5000,1500,1,NULL,NULL,NULL,488.88888888889,NULL),(1109,12,549,52,18,2,7000,2100,1,NULL,NULL,NULL,440,NULL),(1110,12,550,23,15,0.4,5000,1250,22,NULL,NULL,NULL,2675.4385964912,NULL),(1111,12,551,12,6,2,5000,1500,1,NULL,NULL,NULL,488.88888888889,NULL),(1112,12,552,12,6,2,5000,1500,1,NULL,NULL,NULL,488.88888888889,NULL),(1115,12,552,116,46,10,0,0,29,NULL,NULL,NULL,1.2,NULL),(1116,11,552,78,NULL,NULL,1500,600,20,NULL,NULL,NULL,NULL,NULL),(1117,12,553,60,NULL,NULL,2000,600,7,NULL,NULL,'Ремонт 2-х сколов на лобовом стекле',NULL,NULL),(1118,12,553,43,NULL,NULL,2000,600,7,NULL,NULL,NULL,NULL,NULL),(1119,12,552,121,15,0.4,5000,1250,22,NULL,NULL,NULL,2675.4385964912,NULL),(1120,12,552,66,15,0.2,4000,1000,22,NULL,NULL,'Бронирование пер панели',2675.4385964912,NULL),(1121,12,554,42,NULL,NULL,1500,450,7,NULL,NULL,NULL,NULL,NULL),(1122,12,555,12,6,2,5000,1500,1,NULL,NULL,NULL,488.88888888889,NULL),(1123,12,555,23,15,0.4,5000,1250,22,NULL,NULL,NULL,2675.4385964912,NULL),(1124,12,556,42,NULL,NULL,1500,450,7,NULL,NULL,NULL,NULL,NULL),(1126,26,557,114,NULL,NULL,0,-200,1,NULL,200,NULL,NULL,NULL),(1127,12,557,56,NULL,NULL,0,200,1,NULL,NULL,'Доделал зад. бок. стекло',NULL,'200'),(1128,26,558,NULL,6,2,5000,1500,NULL,NULL,NULL,NULL,488.88888888889,NULL),(1129,12,559,69,NULL,NULL,2000,600,29,NULL,NULL,'Антибактериальная очистка системы кондиционирования',NULL,NULL),(1130,26,560,41,NULL,NULL,700,210,7,NULL,NULL,NULL,NULL,NULL),(1131,11,560,63,23,500,1250,500,20,NULL,NULL,'Химчистка потолка',0.5024,NULL),(1132,12,561,54,NULL,NULL,500,0,1,NULL,150,'Демонтаж тонировочной пленки (лобовое + 2 передних стекла)',NULL,NULL),(1133,11,562,57,NULL,NULL,2000,600,2,NULL,NULL,'Полировка фар + задн. фонари',NULL,NULL),(1134,12,562,121,15,0.3,4500,1125,22,NULL,NULL,NULL,2675.4385964912,NULL),(1135,26,562,42,NULL,NULL,1500,450,7,NULL,NULL,NULL,NULL,NULL),(1136,16,563,19,NULL,NULL,18000,5400,2,NULL,NULL,NULL,NULL,NULL),(1137,16,563,38,42,25,24000,7200,29,NULL,NULL,NULL,12.6,NULL),(1138,16,563,44,27,15,8000,2400,29,NULL,NULL,NULL,42.48,NULL),(1139,16,563,69,26,10,8000,2400,29,NULL,NULL,'Очистка внешниих хромированых элементов. Нанесение керамики на внешний хром и колесные диски (4 шт)',128.86666666667,NULL),(1140,12,563,121,15,0.5,8000,2000,22,NULL,NULL,NULL,2675.4385964912,NULL),(1141,16,563,118,NULL,NULL,3500,1050,29,NULL,NULL,NULL,NULL,NULL),(1142,26,564,13,11,1,2500,750,1,NULL,NULL,NULL,361.66666666667,NULL),(1143,12,565,50,11,0.3,500,150,1,NULL,NULL,NULL,361.66666666667,NULL),(1144,12,565,13,11,1,2500,750,1,NULL,NULL,NULL,361.66666666667,NULL),(1145,26,566,12,6,2,6000,1555.5555555556,1,0.5,NULL,NULL,488.88888888889,NULL),(1146,12,567,42,NULL,NULL,1000,300,7,NULL,NULL,NULL,NULL,NULL),(1147,16,568,31,NULL,NULL,1000,300,2,NULL,NULL,NULL,NULL,NULL),(1148,12,568,12,6,1.5,5000,1500,1,NULL,NULL,NULL,488.88888888889,NULL),(1149,12,568,23,15,0.3,4500,1125,22,NULL,NULL,NULL,2675.4385964912,NULL),(1150,26,560,21,NULL,NULL,1250,375,20,NULL,NULL,NULL,NULL,NULL),(1151,26,569,12,6,2,6000,1800,1,NULL,NULL,NULL,488.88888888889,NULL),(1152,26,570,13,7,1,2500,750,1,NULL,NULL,NULL,488.88888888889,NULL),(1153,26,570,NULL,7,2,4500,763.33333333333,NULL,1.2,NULL,NULL,488.88888888889,NULL),(1155,12,571,49,NULL,NULL,1000,300,1,NULL,NULL,NULL,NULL,NULL),(1156,12,571,51,32,1,2000,600,1,NULL,NULL,NULL,400,NULL),(1157,12,571,23,15,0.2,4500,1125,22,NULL,NULL,NULL,2675.4385964912,NULL),(1158,12,571,54,32,NULL,500,150,1,NULL,NULL,'Демонтаж полоски с лобового стекла',400,NULL),(1159,12,571,39,32,0.1,1500,450,1,NULL,NULL,NULL,400,NULL),(1160,12,571,99,46,5,0,0,29,NULL,NULL,NULL,1.2,NULL),(1161,12,572,121,NULL,0.5,4500,1125,22,NULL,NULL,NULL,NULL,NULL),(1162,26,573,41,NULL,NULL,1000,300,7,NULL,NULL,NULL,NULL,NULL),(1163,26,573,42,NULL,NULL,1000,300,7,NULL,NULL,NULL,NULL,NULL),(1164,26,574,12,6,2.5,5000,1500,1,NULL,NULL,NULL,488.88888888889,NULL),(1165,26,574,13,8,1,2500,750,1,NULL,NULL,NULL,488.88888888889,NULL),(1166,12,575,41,NULL,NULL,1800,540,7,NULL,NULL,NULL,NULL,NULL),(1167,21,560,112,NULL,NULL,300,0,1,NULL,NULL,NULL,NULL,NULL),(1168,26,576,42,NULL,NULL,1250,375,7,NULL,NULL,NULL,NULL,NULL),(1169,26,577,12,6,1,4500,1350,1,NULL,NULL,NULL,488.88888888889,NULL),(1171,12,579,54,40,1.5,3000,900,1,NULL,NULL,'Бронирование стекла душевой кабины. (180 * 40)',400,NULL),(1172,26,580,54,NULL,NULL,5000,1500,1,NULL,NULL,'Демонтаж тонировочной пенки (все стекла)',NULL,NULL),(1173,12,581,54,40,1.5,3000,900,1,NULL,NULL,'Бронирование стекла душевой',400,NULL),(1174,26,582,13,11,1,2000,600,1,NULL,NULL,NULL,361.66666666667,NULL),(1175,26,583,13,8,1,2000,600,1,NULL,NULL,NULL,488.88888888889,NULL),(1176,26,583,46,6,1,1500,450,1,NULL,NULL,NULL,488.88888888889,NULL),(1177,11,584,19,NULL,NULL,14000,4200,2,NULL,NULL,NULL,NULL,NULL),(1178,11,584,44,43,15,8000,2400,29,NULL,NULL,NULL,79.4913,NULL),(1179,11,584,78,NULL,NULL,1500,600,20,NULL,NULL,NULL,NULL,NULL),(1180,12,584,23,15,0.3,4500,1125,22,NULL,NULL,NULL,2675.4385964912,NULL),(1181,22,584,74,NULL,NULL,9500,6000,15,NULL,NULL,'Удаление вмятин 7 шт. (капот\\ крышка багажника \\лев. задн. крыло\\ лев. задн. дверь)',NULL,'6000'),(1182,12,585,13,38,1,3000,566.66666666666,1,0.5,NULL,NULL,666.66666666667,NULL),(1183,12,586,54,NULL,NULL,2500,750,1,NULL,NULL,'Демонтаж тонировочной пленки ( задняя полусфера)',NULL,NULL),(1184,12,586,12,10,2,5500,1650,1,NULL,NULL,NULL,361.66666666667,NULL),(1185,12,587,12,9,1.5,4500,1350,1,NULL,NULL,NULL,361.66666666667,NULL),(1186,12,588,66,15,1.5,23500,5875,22,NULL,NULL,'Бронирование зон риска:   зона погрузки\\внутрен.пороги 4 шт. \\ пер.  стойки \\ полоса на крышу.',2675.4385964912,NULL),(1187,11,588,120,NULL,NULL,13400,4020,29,NULL,NULL,NULL,NULL,NULL),(1188,11,588,38,29,25,14000,4200,29,NULL,NULL,NULL,100,NULL),(1189,11,588,44,27,10,6000,1800,29,NULL,NULL,NULL,42.48,NULL),(1190,11,588,116,31,5,0,0,29,NULL,NULL,NULL,20,NULL),(1191,11,588,78,NULL,NULL,1500,600,20,NULL,NULL,NULL,NULL,NULL),(1192,11,588,69,NULL,NULL,0,0,29,NULL,NULL,'Дополнительные работы в рамках пакета  \"Зимний  +\"',NULL,NULL),(1193,11,588,27,21,10,8000,2400,29,NULL,NULL,NULL,62.07,NULL),(1194,11,588,28,NULL,5,7000,2100,29,NULL,NULL,NULL,NULL,NULL),(1195,12,589,47,9,2,2000,600,1,NULL,NULL,NULL,361.66666666667,NULL),(1196,12,589,46,10,1,2000,600,1,NULL,NULL,NULL,361.66666666667,NULL),(1197,12,590,42,NULL,NULL,2500,750,7,NULL,NULL,NULL,NULL,NULL),(1198,12,590,43,NULL,NULL,1500,450,7,NULL,NULL,NULL,NULL,NULL),(1199,12,591,42,NULL,NULL,3000,900,7,NULL,NULL,NULL,NULL,NULL),(1200,12,592,35,NULL,NULL,1000,300,1,NULL,NULL,NULL,NULL,NULL),(1201,12,593,54,NULL,NULL,3000,900,1,NULL,NULL,'Демонтаж тонировочной пленки (передняя полусфера)',NULL,NULL),(1202,12,594,12,40,2,6000,1800,1,NULL,NULL,NULL,400,NULL),(1203,12,594,106,19,3,10000,3000,1,NULL,NULL,NULL,440,NULL),(1204,11,594,31,NULL,NULL,1000,300,2,NULL,NULL,NULL,NULL,NULL),(1205,12,594,121,15,0.4,5000,1250,22,NULL,NULL,NULL,2675.4385964912,NULL),(1206,11,595,57,NULL,NULL,7000,2100,2,NULL,NULL,'Полировка кузова',NULL,NULL),(1207,16,595,38,45,25,12500,3750,29,NULL,NULL,NULL,136.6,NULL),(1208,16,595,44,27,10,7000,2100,29,NULL,NULL,NULL,42.48,NULL),(1209,16,595,116,31,5,500,150,29,NULL,NULL,NULL,20,NULL),(1210,16,595,69,NULL,NULL,5000,1500,29,NULL,NULL,'Дополнительные работы в  рамках пакета \"Зимний +\"',NULL,NULL),(1211,16,595,21,23,800,10000,4000,20,NULL,NULL,NULL,0.5024,NULL),(1212,12,595,66,15,0.5,9000,2250,22,NULL,NULL,'Бронирование зон риска: фары\\под ручками\\ зона погрузки.',2675.4385964912,NULL),(1213,12,596,12,6,1.5,4500,861.11111111111,1,1,NULL,NULL,488.88888888889,NULL),(1214,12,597,12,6,1.5,5000,1500,1,NULL,NULL,NULL,488.88888888889,NULL),(1215,12,598,66,NULL,NULL,500,125,22,NULL,NULL,'Демонтаж пленки ( лев.фара)',NULL,NULL),(1216,12,598,121,36,0.4,5000,1250,22,NULL,NULL,NULL,3933.3333333333,NULL),(1217,12,599,35,NULL,NULL,1000,300,1,NULL,NULL,NULL,NULL,NULL),(1218,12,600,12,6,2.5,7000,2100,1,NULL,NULL,NULL,488.88888888889,NULL),(1219,16,595,119,NULL,NULL,4000,1200,2,NULL,NULL,NULL,NULL,NULL),(1220,26,601,54,33,0.5,900,270,1,NULL,NULL,'тонировка левого центрального стекла (стекла пассажирской двери)',400,NULL),(1221,18,601,21,23,800,13500,4725,20,NULL,NULL,NULL,0.5024,NULL),(1222,26,602,12,9,1.5,4000,1200,1,NULL,NULL,NULL,361.66666666667,NULL),(1223,26,602,33,6,0.4,1000,300,1,NULL,NULL,NULL,488.88888888889,NULL),(1224,26,603,43,NULL,NULL,1100,330,7,NULL,NULL,NULL,NULL,NULL),(1225,26,603,41,NULL,NULL,900,270,7,NULL,NULL,NULL,NULL,NULL),(1226,26,604,13,9,1,2500,424.5,1,0.9,NULL,NULL,361.66666666667,NULL),(1227,26,605,12,9,2,5000,1500,1,NULL,NULL,NULL,361.66666666667,NULL),(1228,26,605,13,12,1,2500,750,1,NULL,NULL,NULL,361.66666666667,NULL),(1229,26,606,114,33,0.5,1500,450,1,NULL,NULL,NULL,400,NULL),(1230,26,607,35,NULL,NULL,1000,300,1,NULL,NULL,NULL,NULL,NULL),(1231,26,607,47,6,1,2000,600,1,NULL,NULL,NULL,488.88888888889,NULL),(1232,26,608,41,NULL,NULL,1600,480,7,NULL,NULL,NULL,NULL,NULL),(1233,26,609,42,NULL,NULL,1500,450,7,NULL,NULL,NULL,NULL,NULL),(1234,26,610,12,32,2,5000,1500,1,NULL,NULL,NULL,400,NULL),(1235,26,611,54,6,NULL,1000,300,1,NULL,NULL,'Демонтаж тонировочной пленки с задних фортоек (4 шт.)',488.88888888889,NULL),(1236,26,611,47,6,1.5,4000,1200,1,NULL,NULL,NULL,488.88888888889,NULL),(1237,26,612,12,6,2.5,6000,1800,1,NULL,NULL,NULL,488.88888888889,NULL),(1238,20,613,104,36,NULL,66000,46200,22,NULL,NULL,'Бронирование зон риска: пер. бампер\\капот\\фары\\ пер. крылья\\зеркала бок.\\ стойки бок. 6 шт.',3933.3333333333,'46200'),(1239,16,613,71,NULL,NULL,300,300,29,NULL,NULL,'Мойка кузова',NULL,'300'),(1240,16,613,69,NULL,NULL,700,210,29,NULL,NULL,'Подготовка автомобиля к выдаче',NULL,NULL),(1241,26,614,42,NULL,NULL,2000,600,7,NULL,NULL,NULL,NULL,NULL),(1242,26,615,12,6,2,5500,1405.5555555556,1,0.5,NULL,NULL,488.88888888889,NULL),(1243,26,616,12,6,2,5000,1500,1,NULL,NULL,NULL,488.88888888889,NULL),(1244,12,616,13,8,1,2500,750,1,NULL,NULL,NULL,488.88888888889,NULL),(1245,12,616,17,12,1.5,3500,1050,1,NULL,NULL,NULL,361.66666666667,NULL),(1246,16,616,120,NULL,NULL,11000,3300,29,NULL,NULL,NULL,NULL,NULL),(1247,16,616,38,42,25,16000,4800,29,NULL,NULL,NULL,12.6,NULL),(1248,16,616,44,27,10,7000,2100,29,NULL,NULL,NULL,42.48,NULL),(1249,16,616,69,NULL,NULL,1000,300,29,NULL,NULL,'Дополнительные работы в рамках пакета \"Зимний +\"',NULL,NULL),(1250,12,616,66,15,1,22000,5500,22,NULL,NULL,'Бронирование зон риска: фары + птф \\ под ручками \\ зона погрузки \\ зеркала (2шт) \\ боковые стойки',2675.4385964912,NULL),(1251,12,617,56,7,2,5000,750,1,NULL,NULL,'Тонировка задней полусферы',488.88888888889,'750'),(1252,12,617,52,18,2.5,7000,2100,1,NULL,NULL,NULL,440,NULL),(1254,11,617,120,NULL,NULL,9900,2970,29,NULL,NULL,NULL,2675.4385964912,NULL),(1255,11,617,38,45,25,16000,4800,29,NULL,NULL,NULL,136.6,NULL),(1256,11,617,44,27,15,7700,2310,29,NULL,NULL,NULL,42.48,NULL),(1257,11,617,116,31,5,1000,300,29,NULL,NULL,NULL,20,NULL),(1258,11,617,71,NULL,NULL,300,300,29,NULL,NULL,'Мойка кузова автомобия',NULL,'300'),(1259,12,617,23,15,0.3,5000,1250,22,NULL,NULL,NULL,2675.4385964912,NULL),(1260,16,616,69,NULL,NULL,0,0,29,NULL,NULL,'Демонтаж шильд с крышки багажника',NULL,NULL),(1261,28,618,12,9,2,4000,1200,1,NULL,NULL,NULL,361.66666666667,NULL),(1262,12,618,33,6,0.4,1500,254.44444444444,1,0.4,NULL,NULL,488.88888888889,NULL),(1263,12,619,42,NULL,NULL,1500,450,7,NULL,NULL,NULL,NULL,NULL),(1264,12,619,99,46,5,0,0,29,NULL,NULL,NULL,1.2,NULL),(1265,12,620,12,6,1.5,4000,1200,1,NULL,NULL,NULL,488.88888888889,NULL),(1266,12,620,47,7,1,2000,600,1,NULL,NULL,NULL,488.88888888889,NULL),(1267,12,620,52,17,2.5,8000,2400,1,NULL,NULL,NULL,440,NULL),(1268,11,620,27,21,15,11000,3300,29,NULL,NULL,NULL,62.07,NULL),(1269,11,620,28,26,10,6000,1800,29,NULL,NULL,NULL,128.86666666667,NULL),(1270,11,620,107,41,1,2000,600,29,NULL,NULL,NULL,500,NULL),(1271,12,621,42,NULL,NULL,1500,450,7,NULL,NULL,NULL,NULL,NULL),(1272,11,620,30,30,150,6000,1800,29,NULL,NULL,NULL,1.6,NULL),(1273,12,622,41,NULL,NULL,2000,600,7,NULL,NULL,NULL,NULL,NULL),(1274,11,623,31,NULL,NULL,1000,300,2,NULL,NULL,NULL,NULL,NULL),(1275,12,623,23,15,0.3,4000,1000,22,NULL,NULL,NULL,2675.4385964912,NULL),(1276,11,623,107,31,5,1000,300,29,NULL,NULL,NULL,20,NULL),(1277,12,624,42,NULL,NULL,2000,600,7,NULL,NULL,NULL,NULL,NULL),(1278,11,625,71,NULL,NULL,0,300,29,NULL,NULL,'Мойка кузова',NULL,'300'),(1279,11,625,71,NULL,NULL,0,500,29,NULL,NULL,'Влажная уборка салона',NULL,'500'),(1280,12,626,43,NULL,NULL,2500,750,7,NULL,NULL,NULL,NULL,NULL),(1281,12,626,42,NULL,NULL,1000,300,7,NULL,NULL,NULL,NULL,NULL),(1282,11,627,57,NULL,NULL,1000,300,2,NULL,NULL,'Локальная полировка задн. бампера',NULL,NULL),(1283,12,628,54,NULL,NULL,750,225,1,NULL,NULL,'Демонтаж тонировочной пленки с лобов. стекла',NULL,NULL),(1284,28,629,47,10,1,3000,900,1,NULL,NULL,NULL,361.66666666667,NULL),(1285,12,630,66,36,2.7,35500,8875,22,NULL,NULL,'Бронирование зон риска: Капот \\Верх пер. бампера\\фары + ПТФ \\полоски на перед. крылья \\зеркала \\под ручками \\ зона погрузки.',3933.3333333333,NULL),(1286,16,631,57,NULL,NULL,1500,450,2,NULL,NULL,'Локальная полировка задн. бампера',NULL,NULL),(1287,28,631,12,33,1.5,3600,1080,1,NULL,NULL,NULL,400,NULL),(1288,16,630,57,NULL,NULL,1000,300,2,NULL,NULL,'Полировка капота',NULL,NULL),(1289,26,632,12,6,2.5,6000,1800,1,NULL,NULL,NULL,488.88888888889,NULL),(1290,26,632,52,18,2.5,8000,2400,1,NULL,NULL,NULL,440,NULL),(1291,28,633,12,7,2,6000,1800,1,NULL,NULL,NULL,488.88888888889,NULL),(1292,28,633,13,7,1,2500,750,1,NULL,NULL,NULL,488.88888888889,NULL),(1293,16,633,116,31,5,1500,450,29,NULL,NULL,NULL,20,NULL),(1294,26,634,12,6,2,5500,1650,1,NULL,NULL,NULL,488.88888888889,NULL),(1296,16,636,57,NULL,NULL,4000,1200,2,NULL,NULL,'Демонтаж атигравийной пленки с капота и  фар головного света.',NULL,NULL),(1297,20,636,104,15,0.8,4500,1715,22,NULL,NULL,'Бронирование фар',2675.4385964912,'1715'),(1298,16,636,71,NULL,NULL,300,300,29,NULL,NULL,'Мойка кузова',NULL,'300'),(1301,20,638,104,36,NULL,67500,46263,22,NULL,NULL,'Бронирование зон риска: Перед. бампер\\Капот\\фары+ птф\\ перед. крылья\\зеркала\\ под ручками\\зона погрузки\\стойки пер.',3933.3333333333,'46263'),(1302,16,638,71,NULL,NULL,400,300,29,NULL,NULL,'Мойка кузова',NULL,'300'),(1303,16,638,69,NULL,NULL,1000,300,29,NULL,NULL,'Подготовка перед выдачей',NULL,NULL),(1304,16,636,31,NULL,NULL,3000,900,2,NULL,NULL,NULL,NULL,NULL),(1305,28,639,54,NULL,NULL,3000,900,1,NULL,NULL,'Снятие бронепленки с лобового стекла',NULL,NULL),(1306,16,639,69,31,15,3000,900,29,NULL,NULL,'Нанесение состава \"Антидождь\" на переднюю полусферу',20,NULL),(1307,26,640,42,NULL,NULL,2000,600,7,NULL,NULL,NULL,NULL,NULL),(1308,28,641,12,9,2,4000,1200,1,NULL,NULL,NULL,361.66666666667,NULL),(1309,26,641,13,10,1,2000,600,1,NULL,NULL,NULL,361.66666666667,NULL),(1310,26,642,43,NULL,NULL,3400,1020,7,NULL,NULL,NULL,NULL,NULL),(1311,26,643,42,NULL,NULL,2000,600,7,NULL,NULL,NULL,NULL,NULL),(1312,12,425,12,6,2,5500,1650,1,NULL,NULL,NULL,488.88888888889,NULL),(1313,16,642,71,NULL,NULL,2800,750,29,NULL,NULL,'Доводка кузова после мойки + влажная уборка салона',NULL,'750'),(1314,28,644,NULL,6,2,6000,1751.1111111111,NULL,0.1,NULL,NULL,488.88888888889,NULL),(1315,26,645,42,NULL,NULL,2000,600,7,NULL,NULL,NULL,NULL,NULL),(1316,26,646,12,7,2,6000,1800,1,NULL,NULL,NULL,488.88888888889,NULL),(1317,16,647,69,NULL,NULL,4000,1200,29,NULL,NULL,'Демонтаж антигравийной пленки с капота и зеркал',NULL,NULL),(1318,26,648,NULL,6,1.5,4000,955.55555555555,NULL,0.5,NULL,NULL,488.88888888889,NULL),(1319,11,649,21,23,1000,14000,5600,20,NULL,NULL,NULL,0.5024,NULL),(1320,12,650,35,NULL,NULL,500,150,1,NULL,NULL,NULL,NULL,NULL),(1321,12,650,47,8,1,2500,750,1,NULL,NULL,NULL,488.88888888889,NULL),(1322,12,650,42,NULL,NULL,2000,600,7,NULL,NULL,NULL,NULL,NULL),(1323,11,649,71,NULL,NULL,500,300,29,NULL,NULL,'Мойка кузова автомобиля',NULL,'300'),(1324,12,651,42,NULL,NULL,3000,900,7,NULL,NULL,NULL,NULL,NULL),(1325,12,652,12,33,2,4500,1350,1,NULL,NULL,NULL,400,NULL),(1326,12,652,121,15,0.4,5000,1250,22,NULL,NULL,NULL,2675.4385964912,NULL),(1327,12,652,99,46,5,0,0,29,NULL,NULL,NULL,1.2,NULL),(1329,11,653,71,NULL,NULL,0,300,29,NULL,NULL,'Мойка кузова автомобиля',NULL,'300'),(1330,12,654,104,NULL,NULL,0,500,22,NULL,NULL,'Коррекция полиуретановой пленки в зонах риска',NULL,'500'),(1331,12,655,54,NULL,NULL,1500,450,1,NULL,NULL,'Демонтаж  тонировочной пленки (крышка багажника\\задн. форточки.',NULL,NULL),(1332,12,655,46,8,1,1500,450,1,NULL,NULL,NULL,488.88888888889,NULL),(1333,12,655,51,8,0.2,500,150,1,NULL,NULL,NULL,488.88888888889,NULL),(1334,12,656,43,NULL,NULL,1600,480,7,NULL,NULL,NULL,NULL,NULL),(1335,12,656,90,31,5,1000,300,29,NULL,NULL,NULL,20,NULL),(1336,11,657,21,23,1000,18000,7200,20,NULL,NULL,NULL,0.5024,NULL),(1337,11,657,45,NULL,NULL,2000,600,29,NULL,NULL,NULL,NULL,NULL),(1338,11,657,69,21,10,3000,900,29,NULL,NULL,'Нанесение керамического покрытия на кожанные элементы салона (2 передних сидения\\руль\\ручка кпп)',62.07,NULL),(1339,12,657,121,15,0.3,4500,1125,22,NULL,NULL,NULL,2675.4385964912,NULL),(1340,12,658,35,NULL,NULL,5000,1500,1,NULL,NULL,NULL,NULL,NULL),(1341,12,659,NULL,7,2.5,5500,1650,NULL,NULL,NULL,NULL,488.88888888889,NULL),(1342,20,660,104,36,NULL,44000,30800,22,NULL,NULL,'Бронирование зон риска :  Капот\\фары\\передний бампер\\часть крыльев\\зоны под ручками.',3933.3333333333,'30800'),(1343,21,660,100,NULL,NULL,500,0,1,NULL,NULL,NULL,NULL,NULL),(1344,16,660,69,NULL,NULL,1000,300,29,NULL,NULL,'Подготовка автомобиля под выдачу',NULL,NULL),(1345,11,653,71,NULL,NULL,0,360,29,NULL,NULL,'Влажная уборка салона.',NULL,'360'),(1346,12,661,42,NULL,NULL,1350,405,7,NULL,NULL,NULL,NULL,NULL),(1347,12,662,115,NULL,NULL,6500,1625,22,NULL,NULL,NULL,NULL,NULL),(1348,21,662,100,NULL,NULL,300,0,1,NULL,NULL,NULL,NULL,NULL),(1349,16,662,57,NULL,NULL,6700,2010,2,NULL,NULL,'Снятие клеевых остатков с элементов кузова. Полировка: капот\\крылья\\зеркала.',NULL,NULL),(1350,12,663,23,15,0.3,5000,1250,22,NULL,NULL,NULL,2675.4385964912,NULL),(1351,20,664,104,36,NULL,26500,19420,22,NULL,NULL,'Бронирование зон риска : Капот\\зоны под ручками\\зона погрузки заднего бампера\\передние внутренние пороги.',3933.3333333333,'19420'),(1352,21,664,101,NULL,NULL,300,0,22,NULL,NULL,NULL,3933.3333333333,NULL),(1353,16,664,69,NULL,NULL,800,240,29,NULL,NULL,'Подготовка под выдачу автомобиля.',3933.3333333333,NULL),(1355,26,665,12,6,2.5,5500,1650,1,NULL,NULL,NULL,488.88888888889,NULL),(1356,16,665,27,21,15,10000,3000,29,NULL,NULL,NULL,62.07,NULL),(1357,16,665,30,NULL,150,2500,750,29,NULL,NULL,NULL,NULL,NULL),(1358,26,666,35,NULL,NULL,1000,300,1,NULL,NULL,NULL,NULL,NULL),(1362,26,668,13,11,1,2500,750,1,NULL,NULL,NULL,361.66666666667,NULL),(1363,26,668,46,32,1,1500,-50,1,NULL,500,NULL,400,NULL),(1365,20,669,104,15,0.3,5000,2000,22,NULL,NULL,'Бронирование Фар',2675.4385964912,'2000'),(1366,26,670,NULL,7,2,5000,1500,NULL,NULL,NULL,NULL,488.88888888889,NULL),(1367,26,671,35,NULL,NULL,1000,300,1,NULL,NULL,NULL,NULL,NULL),(1368,26,672,54,NULL,NULL,2500,750,1,NULL,NULL,'Демонтаж тонировочной пленки (задняя полусфера).',NULL,NULL),(1369,26,672,NULL,NULL,2.5,7000,2100,NULL,0.5,NULL,NULL,NULL,NULL),(1370,26,673,12,6,2,6000,1800,1,NULL,NULL,NULL,488.88888888889,NULL),(1371,26,674,42,NULL,NULL,3000,900,7,NULL,NULL,NULL,NULL,NULL),(1372,26,675,12,12,2,4500,1350,1,NULL,NULL,NULL,361.66666666667,NULL),(1373,26,675,13,12,1,2500,750,1,NULL,NULL,NULL,361.66666666667,NULL),(1374,26,676,42,NULL,NULL,2000,600,7,NULL,NULL,NULL,NULL,NULL),(1375,26,676,42,NULL,NULL,1000,300,7,NULL,NULL,NULL,NULL,NULL),(1376,26,676,90,46,10,0,0,29,NULL,NULL,NULL,1.2,NULL),(1377,22,675,74,NULL,NULL,13000,8000,15,NULL,NULL,'Выпремление вмятин без покраски (левая задняя дверь\\капот.)',NULL,'8000'),(1378,26,675,99,46,NULL,0,0,29,NULL,NULL,NULL,1.2,NULL),(1379,26,677,41,NULL,NULL,900,270,7,NULL,NULL,NULL,NULL,NULL),(1380,26,677,43,NULL,NULL,1200,360,7,NULL,NULL,NULL,NULL,NULL),(1381,16,678,65,NULL,NULL,12000,3600,29,NULL,NULL,'Разбор багажного отделения,снятие заднего сидения,сушка и чистка задней части салона.',NULL,NULL),(1382,16,678,113,NULL,NULL,500,150,29,NULL,NULL,NULL,NULL,NULL),(1383,16,678,69,NULL,NULL,2500,750,29,NULL,NULL,'Детейлиг уборка салона.',NULL,NULL),(1384,26,679,12,6,2.5,6000,1800,1,NULL,NULL,NULL,488.88888888889,NULL);
/*!40000 ALTER TABLE `worker_orders` ENABLE KEYS */;
UNLOCK TABLES;

--
-- Table structure for table `worker_service`
--

DROP TABLE IF EXISTS `worker_service`;
/*!40101 SET @saved_cs_client     = @@character_set_client */;
/*!40101 SET character_set_client = utf8 */;
CREATE TABLE `worker_service` (
  `id` int(11) NOT NULL AUTO_INCREMENT,
  `worker_id` int(11) DEFAULT NULL,
  `service_id` int(11) DEFAULT NULL,
  `percent` int(11) NOT NULL,
  PRIMARY KEY (`id`),
  KEY `IDX_D572E19F6B20BA36` (`worker_id`),
  KEY `IDX_D572E19FED5CA9E6` (`service_id`),
  CONSTRAINT `FK_D572E19F6B20BA36` FOREIGN KEY (`worker_id`) REFERENCES `workers` (`id`),
  CONSTRAINT `FK_D572E19FED5CA9E6` FOREIGN KEY (`service_id`) REFERENCES `services` (`id`)
) ENGINE=InnoDB AUTO_INCREMENT=55 DEFAULT CHARSET=utf8 COLLATE=utf8_unicode_ci;
/*!40101 SET character_set_client = @saved_cs_client */;

--
-- Dumping data for table `worker_service`
--

LOCK TABLES `worker_service` WRITE;
/*!40000 ALTER TABLE `worker_service` DISABLE KEYS */;
INSERT INTO `worker_service` VALUES (20,12,1,30),(21,11,2,30),(22,11,20,40),(23,16,2,30),(24,16,20,40),(25,16,29,30),(26,11,29,30),(27,12,22,25),(28,12,34,30),(29,17,1,30),(30,17,22,25),(31,17,34,30),(32,18,20,35),(33,18,29,30),(34,19,1,30),(35,19,22,25),(36,19,34,30),(37,19,7,30),(38,12,7,30),(39,20,22,0),(41,21,1,0),(42,22,15,0),(43,12,29,30),(45,23,2,30),(46,23,20,35),(47,23,29,30),(48,26,1,30),(49,26,7,30),(50,26,29,30),(51,26,20,30),(52,27,34,0),(53,25,29,0),(54,28,1,30);
/*!40000 ALTER TABLE `worker_service` ENABLE KEYS */;
UNLOCK TABLES;

--
-- Table structure for table `workers`
--

DROP TABLE IF EXISTS `workers`;
/*!40101 SET @saved_cs_client     = @@character_set_client */;
/*!40101 SET character_set_client = utf8 */;
CREATE TABLE `workers` (
  `id` int(11) NOT NULL AUTO_INCREMENT,
  `name` varchar(255) COLLATE utf8_unicode_ci NOT NULL,
  `phone` varchar(255) COLLATE utf8_unicode_ci NOT NULL,
  `passport` longtext COLLATE utf8_unicode_ci,
  `address` longtext COLLATE utf8_unicode_ci,
  `type_workers` tinyint(1) NOT NULL,
  `workeractive` tinyint(1) NOT NULL DEFAULT '1',
  PRIMARY KEY (`id`)
) ENGINE=InnoDB AUTO_INCREMENT=30 DEFAULT CHARSET=utf8 COLLATE=utf8_unicode_ci;
/*!40101 SET character_set_client = @saved_cs_client */;

--
-- Dumping data for table `workers`
--

LOCK TABLES `workers` WRITE;
/*!40000 ALTER TABLE `workers` DISABLE KEYS */;
INSERT INTO `workers` VALUES (11,'Федоренко Евгений Геннадиевич','+79295311822','60 12 083187\r\nВыдан: МЕЖРАЙОННЫМ ОТДЕЛОМ УФМС РОССИИ ПО РОСТОВСКОЙ ОБЛАСТИ В ГОРОДЕ МИЛЛЕРОВО\r\nДата выдачи: 10.01.2012\r\nКод подразделения: 610-043','0',0,1),(12,'Рябков Антон Сергеевич','+79992332669','78 04 288884\r\nВыдан: ТУТАЕВСКИМ ГОВД ЯРОСЛАВСКОЙ ОБЛ\r\nДата выдачи: 12.10.2004\r\nКод подразделения: 762-023',NULL,0,1),(15,'Манков Вячеслав Вячеславович','+79033637524',NULL,NULL,1,1),(16,'Субботин Александр Олегович','+79266576567','46 08 226539\r\nВыдан: ТП №2 ОУФМС РОССИИ ПО МОСКОВСКОЙ ОБЛ. В БАЛАШИХИНСКОМ РАЙОНЕ\r\nДата выдачи: 31.07.2008\r\nКод подразделения: 500-008',NULL,0,1),(17,'Козлов Вячеслав Михайлович','+79653093335',NULL,NULL,0,1),(18,'Карасев Сергей Александрович','+79258807954',NULL,NULL,0,1),(19,'Монахов Денис','+79295596080',NULL,NULL,0,1),(20,'Маркушин Дмитрий Борисович','+79299808260',NULL,NULL,0,1),(21,'Мойщик','89268546655',NULL,NULL,0,1),(22,'Максим PDR','+79268909349',NULL,NULL,0,1),(23,'Мисютин Александр','+79269534117',NULL,NULL,0,1),(24,'Коновалов Артем Андреевич','89377286999','Паспорт 1804 501994. Выдан Кировским РОВД г. Волгограда 27.10.2004   11.07.1984 г.р.','г. Волгоград ул Кирова 145-78\r\nМосква ул Синявинская д11 корпус 4 кв 333',1,1),(25,'Левуд Олег','+79998223837',NULL,NULL,0,1),(26,'Руднева Елена Александровна','+79150271326','45 18 408277 Выдан отделом УФМС России по гор. Москве по району Теплый Стан.  КОД ПОДР 770-122      14.12 .2017         24.11. 1972 г.р.','Г. Москва, ул.  ген. Тюленева 41 ,кв.72',0,1),(27,'Винилин Андрей','+79268968376',NULL,NULL,0,1),(28,'Карданов Зураб Гаудинович','+79269004432',NULL,'Москва Ул. Любчанского 10 кв.64',0,1),(29,'Курбаков Виктор Евгеньевич','+79269094549',NULL,'Город Москва.Улица Донецкая дом 8 квартира 13',1,1);
/*!40000 ALTER TABLE `workers` ENABLE KEYS */;
UNLOCK TABLES;
/*!40103 SET TIME_ZONE=@OLD_TIME_ZONE */;

/*!40101 SET SQL_MODE=@OLD_SQL_MODE */;
/*!40014 SET FOREIGN_KEY_CHECKS=@OLD_FOREIGN_KEY_CHECKS */;
/*!40014 SET UNIQUE_CHECKS=@OLD_UNIQUE_CHECKS */;
/*!40101 SET CHARACTER_SET_CLIENT=@OLD_CHARACTER_SET_CLIENT */;
/*!40101 SET CHARACTER_SET_RESULTS=@OLD_CHARACTER_SET_RESULTS */;
/*!40101 SET COLLATION_CONNECTION=@OLD_COLLATION_CONNECTION */;
/*!40111 SET SQL_NOTES=@OLD_SQL_NOTES */;

-- Dump completed on 2020-02-06 15:30:36
